registration,source_path,source_line,hotkeyToken,hotkey,scopeId,parentScopeId,description,displayPriority,handlerPriority,condition,hide,runWithInputFocused,activateCommandScope,activateCommandScopeId,registrationType,tags,keywords,dynamic_context,raw_excerpt,review_status
registerHotkey,apps/web/src/components/app/GlobalHotkeys.tsx,167,TOKENS.global.createCommand,'c','global',,'Create',10,,,,,,CREATE_MENU_COMMAND_SCOPE,,,"['new', 'make', 'add']",False,"{ hotkeyToken: TOKENS.global.createCommand, hotkey: 'c', scopeId: 'global', description: 'Create', keyDownHandler: () => { if (automationComposerOpen()) { return true; } const willOpen = !createMenuOpen(); if (willOpen) { analytics.track('create_menu_open', { from: 'global_hotkey' }); } setCreateMenuOpen((prev) => !prev); return true; }, displayPriority: 10, activateCommandScopeId: CREATE_MENU_COMMAND_SC",mechanical-needs-manual-review
registerHotkey,apps/web/src/components/app/GlobalHotkeys.tsx,194,item.hotkeyToken,item.hotkey,CREATE_MENU_COMMAND_SCOPE,,item.description,,,() => (item.condition?.() ?? true) && (item.blockName !== 'snippet' || snippetsFlag().enabled),() => item.blockName === 'snippet' && !snippetsFlag().enabled,true,,,,item.tags,item.keywords,True,"{ hotkeyToken: item.hotkeyToken, hotkey: item.hotkey, scopeId: CREATE_MENU_COMMAND_SCOPE, description: item.description, condition: () => (item.condition?.() ?? true) && (item.blockName !== 'snippet' || snippetsFlag().enabled), keyDownHandler: item.keyDownHandler, icon: Plus, tags: item.tags, keywords: item.keywords, hide: () => item.blockName === 'snippet' && !snippetsFlag().enabled, runWithInputFocused: true,",mechanical-needs-manual-review
registerHotkey,apps/web/src/components/app/GlobalHotkeys.tsx,211,,"['c', 'escape']",CREATE_MENU_COMMAND_SCOPE,,'Close Create',,,createMenuOpen,,true,,,,,,False,"{ hotkey: ['c', 'escape'], scopeId: CREATE_MENU_COMMAND_SCOPE, description: 'Close Create', condition: createMenuOpen, keyDownHandler: () => { setCreateMenuOpen(false); return true; }, runWithInputFocused: true, }",mechanical-needs-manual-review
registerHotkey,apps/web/src/components/app/GlobalHotkeys.tsx,223,TOKENS.global.commandMenu,'cmd+k','global',,() => { return CommandState.isOpen() ? 'Close command menu' : 'Open command menu'; },10,,,CommandState.isOpen,true,,,,,,False,"{ hotkeyToken: TOKENS.global.commandMenu, hotkey: 'cmd+k', scopeId: 'global', description: () => { return CommandState.isOpen() ? 'Close command menu' : 'Open command menu'; }, keyDownHandler: () => { console.log('## CMD K - global'); handleCommandMenu(); return true; }, displayPriority: 10, hide: CommandState.isOpen, runWithInputFocused: true, }",mechanical-needs-manual-review
registerHotkey,apps/web/src/components/app/GlobalHotkeys.tsx,240,,COMMAND_MENU_CATEGORY_LEADER_KEY,'global',,'Open category',,,,,,,COMMAND_MENU_CATEGORY_SCOPE,,,"['command menu', 'palette', 'category']",False,"{ hotkey: COMMAND_MENU_CATEGORY_LEADER_KEY, scopeId: 'global', description: 'Open category', keyDownHandler: () => true, activateCommandScopeId: COMMAND_MENU_CATEGORY_SCOPE, surfaceNestedCommands: true, keywords: ['command menu', 'palette', 'category'], }",mechanical-needs-manual-review
registerHotkey,apps/web/src/components/app/GlobalHotkeys.tsx,251,,item.hotkey,COMMAND_MENU_CATEGORY_SCOPE,,`Open ${item.label}`,,,,,true,,,,,"['command menu', 'palette', 'category', item.label]",True,"{ hotkey: item.hotkey, scopeId: COMMAND_MENU_CATEGORY_SCOPE, description: `Open ${item.label}`, keyDownHandler: () => { setActiveScope('global'); CommandState.setCategoryFilter(item.category); CommandState.setQuery(''); CommandState.setSelectedIndex(0); CommandState.open(); return true; }, keywords: ['command menu', 'palette', 'category', item.label], runWithInputFocused: true, }",mechanical-needs-manual-review
registerHotkey,apps/web/src/components/app/GlobalHotkeys.tsx,283,,'cmd+\\','global',,'Create new split',,,canFit,,true,,,,,,False,"{ hotkey: 'cmd+\\', scopeId: 'global', description: 'Create new split', condition: canFit, keyDownHandler: createNewSplit, runWithInputFocused: true, }",mechanical-needs-manual-review
registerHotkey,apps/web/src/components/app/GlobalHotkeys.tsx,292,TOKENS.global.createNewSplit,'\\','global',,'Create new split',,,canFit,,,,,,,,False,"{ hotkeyToken: TOKENS.global.createNewSplit, hotkey: '\\', scopeId: 'global', description: 'Create new split', condition: canFit, keyDownHandler: createNewSplit, }",mechanical-needs-manual-review
registerHotkey,apps/web/src/components/app/GlobalHotkeys.tsx,311,TOKENS.global.toggleSettings,'cmd+;','global',,'Toggle settings',,,,,true,,,,,,False,"{ hotkeyToken: TOKENS.global.toggleSettings, hotkey: 'cmd+;', scopeId: 'global', description: 'Toggle settings', keyDownHandler: () => { toggleSettings(); return true; }, runWithInputFocused: true, }",mechanical-needs-manual-review
registerHotkey,apps/web/src/components/app/GlobalHotkeys.tsx,323,,,'global',,'Account',,,,,true,,,,,,False,"{ scopeId: 'global', description: 'Account', icon: UserIcon, keyDownHandler: () => { openSettingsAt('Account'); return true; }, runWithInputFocused: true, }",mechanical-needs-manual-review
registerHotkey,apps/web/src/components/app/GlobalHotkeys.tsx,334,,,'global',,'Logout',,,,,true,,,,,,False,"{ scopeId: 'global', description: 'Logout', icon: LogoutIcon, keyDownHandler: () => { logout(); return true; }, runWithInputFocused: true, }",mechanical-needs-manual-review
registerHotkey,apps/web/src/components/app/GlobalHotkeys.tsx,346,TOKENS.global.instructions,,'global',,'Open AI instructions',,,,,true,,,,,,False,"{ hotkeyToken: TOKENS.global.instructions, scopeId: 'global', description: 'Open AI instructions', keyDownHandler: () => { openInstructions(); return true; }, icon: AiInstructionsIcon, runWithInputFocused: true, }",mechanical-needs-manual-review
registerHotkey,apps/web/src/components/app/GlobalHotkeys.tsx,358,,,'global',,'MCP setup',9,,,,true,,,,"['mcp', 'model context protocol', 'setup', 'connect macro']",,False,"{ scopeId: 'global', description: 'MCP setup', keyDownHandler: () => { openMacroMcpSetupModal(); return true; }, icon: IconGear, runWithInputFocused: true, displayPriority: 9, tags: ['mcp', 'model context protocol', 'setup', 'connect macro'], }",mechanical-needs-manual-review
registerHotkey,apps/web/src/components/app/GlobalHotkeys.tsx,371,,,'global',,'Change theme',10,,,,true,true,,,,,False,"{ scopeId: 'global', description: 'Change theme', keyDownHandler: () => { return true; }, activateCommandScope: true, runWithInputFocused: true, displayPriority: 10, }",mechanical-needs-manual-review
registerHotkey,apps/web/src/components/app/GlobalHotkeys.tsx,409,,,setThemeScope.commandScopeId,,'System preference',,,,,true,,,,,,False,"{ scopeId: setThemeScope.commandScopeId, description: 'System preference', keyDownHandler: () => { applySystemTheme(); analytics.track('theme_changed', { themeId: 'system' }); return true; }, runWithInputFocused: true, displayComponent: () => ( <div class=""flex items-center gap-2""> System preference <Show when={systemResolvedTheme()}> {(theme) => <ThemeChips theme={theme()} size=""sm"" />} </Show> </div> ),",mechanical-needs-manual-review
registerHotkey,apps/web/src/components/app/GlobalHotkeys.tsx,434,,,setThemeScope.commandScopeId,,`${theme.name}`,,,,,true,,,,,,True,"{ scopeId: setThemeScope.commandScopeId, description: `${theme.name}`, keyDownHandler: () => { // Change the theme currently being viewed without switching between // static and system-driven theme modes. setVisibleTheme(theme.id); applyTheme(resolveActiveThemeId()); analytics.track('theme_changed', { themeId: theme.id }); return true; }, runWithInputFocused: true, displayComponent: () => <ThemeDisplay theme={the",mechanical-needs-manual-review
registerHotkey,apps/web/src/components/app/GlobalHotkeys.tsx,452,,,'global',,'Set default light theme',,,,,true,true,,,,,False,"{ scopeId: 'global', description: 'Set default light theme', keyDownHandler: () => { return true; }, activateCommandScope: true, runWithInputFocused: true, }",mechanical-needs-manual-review
registerHotkey,apps/web/src/components/app/GlobalHotkeys.tsx,463,,,setPreferredLightScope.commandScopeId,,`${theme.name}`,,,,,true,,,,,,True,"{ scopeId: setPreferredLightScope.commandScopeId, description: `${theme.name}`, keyDownHandler: () => { setLightModeTheme(theme.id); analytics.track('theme_changed', { themeId: theme.id }); return true; }, runWithInputFocused: true, displayComponent: () => <ThemeDisplay theme={theme} />, onHighlight: () => previewTheme(theme.id), onHighlightEnd: clearThemePreview, }",mechanical-needs-manual-review
registerHotkey,apps/web/src/components/app/GlobalHotkeys.tsx,478,,,'global',,'Set default dark theme',,,,,true,true,,,,,False,"{ scopeId: 'global', description: 'Set default dark theme', keyDownHandler: () => { return true; }, activateCommandScope: true, runWithInputFocused: true, }",mechanical-needs-manual-review
registerHotkey,apps/web/src/components/app/GlobalHotkeys.tsx,489,,,setPreferredDarkScope.commandScopeId,,`${theme.name}`,,,,,true,,,,,,True,"{ scopeId: setPreferredDarkScope.commandScopeId, description: `${theme.name}`, keyDownHandler: () => { setDarkModeTheme(theme.id); analytics.track('theme_changed', { themeId: theme.id }); return true; }, runWithInputFocused: true, displayComponent: () => <ThemeDisplay theme={theme} />, onHighlight: () => previewTheme(theme.id), onHighlightEnd: clearThemePreview, }",mechanical-needs-manual-review
registerHotkey,apps/web/src/components/app/GlobalHotkeys.tsx,504,,,'global',,() => `${themeMode() === 'system' ? 'Turn off a' : 'A'}uto-detect color scheme`,,,,,true,,,,,,True,"{ scopeId: 'global', description: () => `${themeMode() === 'system' ? 'Turn off a' : 'A'}uto-detect color scheme`, keyDownHandler: () => { // Toggle system (auto-detect) on/off; turning it off pins the theme to the // OS's current scheme so the appearance doesn't visibly change. setThemeMode((prev) => (prev === 'system' ? systemMode() : 'system')); return true; }, runWithInputFocused: true, }",mechanical-needs-manual-review
registerHotkey,apps/web/src/components/app/GlobalHotkeys.tsx,517,,,'global',,'Upload files',,,,,,,,,,,False,"{ scopeId: 'global', description: 'Upload files', icon: () => <Upload class=""size-4"" />, keyDownHandler: () => { openFilePicker({ multiple: true }, async (files) => { await handleFileUpload(files, false); }); return true; }, }",mechanical-needs-manual-review
registerHotkey,apps/web/src/components/app/GlobalHotkeys.tsx,530,,,'global',,'Open hotkey debugger',,,,,true,,,,"['debug', 'dev', 'hotkey']",,False,"{ scopeId: 'global', description: 'Open hotkey debugger', tags: ['debug', 'dev', 'hotkey'], keyDownHandler: () => { openWithSplit( { type: 'component', id: 'hotkey-debugger' }, { referredFrom: 'hotkey', allowDuplicate: true, preferNewSplit: true, } ); return true; }, runWithInputFocused: true, }",mechanical-needs-manual-review
registerHotkey,apps/web/src/components/app/GlobalHotkeys.tsx,549,,,'global',,'Upload folders',,,,,,,,,,,False,"{ scopeId: 'global', description: 'Upload folders', icon: () => <Upload class=""size-4"" />, keyDownHandler: () => { openFolderPicker({ multiple: true }, async (files) => { await handleFolderSelect(files, async (entries) => { await handleFileUpload(entries, false); }); }); return true; }, }",mechanical-needs-manual-review
registerHotkey,apps/web/src/components/app/GlobalHotkeys.tsx,563,TOKENS.global.undo,'cmd+z','global',,'Undo',,,() => undoCtx.canUndo(),,,,,,,,False,"{ hotkeyToken: TOKENS.global.undo, hotkey: 'cmd+z', scopeId: 'global', description: 'Undo', keyDownHandler: (e) => { if (!undoCtx.canUndo()) return false; e?.preventDefault(); undoCtx.undo({ onError: () => toast.failure('Failed to undo') }); return true; }, condition: () => undoCtx.canUndo(), }",mechanical-needs-manual-review
registerHotkey,apps/web/src/components/app/GlobalHotkeys.tsx,577,TOKENS.global.redo,'shift+cmd+z','global',,'Redo',,,() => undoCtx.canRedo(),,,,,,,,False,"{ hotkeyToken: TOKENS.global.redo, hotkey: 'shift+cmd+z', scopeId: 'global', description: 'Redo', keyDownHandler: (e) => { if (!undoCtx.canRedo()) return false; e?.preventDefault(); undoCtx.redo({ onError: () => toast.failure('Failed to redo') }); return true; }, condition: () => undoCtx.canRedo(), }",mechanical-needs-manual-review
registerHotkey,apps/web/src/components/app/app-sidebar/sidebar.tsx,354,TOKENS.global.toggleSidebar,'cmd+.','global',,'Toggle sidebar',,,,,true,,,,,,False,"{ hotkey: 'cmd+.', scopeId: 'global', hotkeyToken: TOKENS.global.toggleSidebar, description: 'Toggle sidebar', runWithInputFocused: true, keyDownHandler: (e) => { e?.preventDefault(); const show = isSlim(); onOpenChange(show); return true; }, }",mechanical-needs-manual-review
registerHotkey,apps/web/src/components/app/app-sidebar/sidebar.tsx,395,TOKENS.global.inviteTeam,,'global',,'Send Invites',,,,,,,,,,,False,"{ scopeId: 'global', hotkeyToken: TOKENS.global.inviteTeam, description: 'Send Invites', keyDownHandler: (e) => { e?.preventDefault(); setInviteModalOpen(true); return true; }, }",mechanical-needs-manual-review
registerHotkey,apps/web/src/components/app/app-sidebar/sidebar.tsx,419,TOKENS.sidebar.goToLeader,GO_TO_LEADER_KEY,'global',,'Go to page',,,,true,,,GO_TO_COMMAND_SCOPE,'add',,,False,"{ hotkey: GO_TO_LEADER_KEY, scopeId: 'global', hotkeyToken: TOKENS.sidebar.goToLeader, description: 'Go to page', keyDownHandler: () => { // We debounce the time till the hot keys are visible to allow other commands // like g+g to fire debounceSetHotkeyVisible(); debounceResetHotkeysState(); return true; }, activateCommandScopeId: GO_TO_COMMAND_SCOPE, hide: true, registrationType: 'add', }",mechanical-needs-manual-review
registerHotkey,apps/web/src/components/app/app-sidebar/sidebar.tsx,515,link.hotkeyToken,link.hotkey,link.standaloneHotkey ? 'global' : GO_TO_COMMAND_SCOPE,,`Go to ${link.label}`,,,,,,,,,,,False,"{ hotkey: link.hotkey, scopeId: link.standaloneHotkey ? 'global' : GO_TO_COMMAND_SCOPE, hotkeyToken: link.hotkeyToken, description: `Go to ${link.label}`, keyDownHandler: openSidebarView, icon: link.icon, }",mechanical-needs-manual-review
registerHotkey,apps/web/src/components/app/split-layout/components/PopoverSplitRenderer.tsx,135,,'escape',,,'Close Popover',,,,,,,,,,,False,"{ hotkey: 'escape', scopeId, description: 'Close Popover', keyDownHandler() { props.onClose(); return true; }, }",mechanical-needs-manual-review
registerHotkey,apps/web/src/components/app/split-layout/components/PreviewButton.tsx,47,TOKENS.unifiedList.togglePreview,'space',panel.splitHotkeyScope,,'Toggle preview',,,() => !isViewer() && canEngage(),,,,,,,,False,"{ hotkeyToken: TOKENS.unifiedList.togglePreview, scopeId: panel.splitHotkeyScope, description: 'Toggle preview', condition: () => !isViewer() && canEngage(), keyDownHandler: () => { togglePreview(); return true; }, hotkey: 'space', }",mechanical-needs-manual-review
registerHotkey,apps/web/src/components/app/split-layout/components/SplitDrawer.tsx,19,TOKENS.drawer.close,'escape',splitPanel.splitHotkeyScope,,'Close References Drawer',,,drawerControl.isOpen,,,,,,,,False,"{ hotkeyToken: TOKENS.drawer.close, hotkey: 'escape', condition: drawerControl.isOpen, scopeId: splitPanel.splitHotkeyScope, description: 'Close References Drawer', keyDownHandler: (e) => { e?.preventDefault(); drawerControl.close(); return true; }, }",mechanical-needs-manual-review
registerHotkey,apps/web/src/components/app/split-layout/registerSplitHotkeys.ts,37,TOKENS.split.close,"['cmd+escape', 'opt+escape']",splitHotkeyScope,,() => (isNotUnifiedList() ? 'Go home' : 'Close split'),,,() => !isPreviewSplit() && (isNotUnifiedList() || getSplitCount() > 1),,true,,,,,,False,"{ scopeId: splitHotkeyScope, hotkey: ['cmd+escape', 'opt+escape'], condition: () => !isPreviewSplit() && (isNotUnifiedList() || getSplitCount() > 1), description: () => (isNotUnifiedList() ? 'Go home' : 'Close split'), keyDownHandler: () => { if (isNotUnifiedList()) { goHome(); } else if (getSplitCount() > 1) { closeSplit(); } return true; }, hotkeyToken: TOKENS.split.close, runWithInputFocused: true, }",mechanical-needs-manual-review
registerHotkey,apps/web/src/components/app/split-layout/registerSplitHotkeys.ts,56,TOKENS.window.spotlight.toggle,'shift+escape',splitHotkeyScope,,() => `Maximize ${splitName()}`,,,() => { const splitManager = globalSplitManager(); if (!splitManager) return false; return canSpotlight(splitManager); },,true,,,,,,False,"{ scopeId: splitHotkeyScope, hotkey: 'shift+escape', hotkeyToken: TOKENS.window.spotlight.toggle, description: () => `Maximize ${splitName()}`, condition: () => { const splitManager = globalSplitManager(); if (!splitManager) return false; return canSpotlight(splitManager); }, keyDownHandler: () => { toggleSpotlight(); return true; }, runWithInputFocused: true, }",mechanical-needs-manual-review
registerHotkey,apps/web/src/components/app/split-layout/registerSplitHotkeys.ts,74,TOKENS.split.go.back,'opt+[',splitHotkeyScope,,`Go back`,,,() => canGoBack(),,true,,,,,,False,"{ scopeId: splitHotkeyScope, hotkeyToken: TOKENS.split.go.back, hotkey: 'opt+[', condition: () => canGoBack(), description: `Go back`, keyDownHandler: () => { goBack(); return true; }, runWithInputFocused: true, }",mechanical-needs-manual-review
registerHotkey,apps/web/src/components/app/split-layout/registerSplitHotkeys.ts,87,TOKENS.split.go.forward,'opt+]',splitHotkeyScope,,`Go forward`,,,() => canGoForward(),,true,,,,,,False,"{ scopeId: splitHotkeyScope, hotkeyToken: TOKENS.split.go.forward, hotkey: 'opt+]', condition: () => canGoForward(), description: `Go forward`, keyDownHandler: () => { goForward(); return true; }, runWithInputFocused: true, }",mechanical-needs-manual-review
registerHotkey,apps/web/src/components/app/split-layout/registerSplitHotkeys.ts,100,TOKENS.window.focusSplitRight,"['shift+l', 'shift+arrowright']",splitHotkeyScope,,'Focus split right',,,() => getSplitCount() > 1,,,,,'add',,,False,"{ hotkeyToken: TOKENS.window.focusSplitRight, hotkey: ['shift+l', 'shift+arrowright'], scopeId: splitHotkeyScope, description: 'Focus split right', condition: () => getSplitCount() > 1, keyDownHandler: () => { focusAdjacentSplit('right'); return true; }, registrationType: 'add', }",mechanical-needs-manual-review
registerHotkey,apps/web/src/components/app/split-layout/registerSplitHotkeys.ts,113,TOKENS.window.focusSplitLeft,"['shift+h', 'shift+arrowleft']",splitHotkeyScope,,'Focus split left',,,() => getSplitCount() > 1,,,,,'add',,,False,"{ hotkeyToken: TOKENS.window.focusSplitLeft, hotkey: ['shift+h', 'shift+arrowleft'], scopeId: splitHotkeyScope, description: 'Focus split left', condition: () => getSplitCount() > 1, keyDownHandler: () => { focusAdjacentSplit('left'); return true; }, registrationType: 'add', }",mechanical-needs-manual-review
registerHotkey,apps/web/src/features/block-canvas/component/CanvasController.tsx,324,TOKENS.canvas.delete,"['delete', 'backspace']",scopeId(),,'Delete selection',,,,,,,,,,,False,"{ hotkey: ['delete', 'backspace'], scopeId: scopeId(), description: 'Delete selection', keyDownHandler: deleteSelection, hotkeyToken: TOKENS.canvas.delete, }",mechanical-needs-manual-review
registerHotkey,apps/web/src/features/block-canvas/component/CanvasController.tsx,332,TOKENS.canvas.bringToFront,']',scopeId(),,'Bring to front',,,,,,,,,,,False,"{ hotkey: ']', scopeId: scopeId(), description: 'Bring to front', keyDownHandler: () => { if (!selection.active()) return false; reorder.reorder(ReorderOperations.BringToFront, true); return true; }, hotkeyToken: TOKENS.canvas.bringToFront, }",mechanical-needs-manual-review
registerHotkey,apps/web/src/features/block-canvas/component/CanvasController.tsx,344,TOKENS.canvas.bringForward,'opt+]',scopeId(),,'Bring forward',,,,,,,,,,,False,"{ hotkey: 'opt+]', scopeId: scopeId(), description: 'Bring forward', keyDownHandler: () => { if (!selection.active()) return false; reorder.reorder(ReorderOperations.Forward, true); return true; }, hotkeyToken: TOKENS.canvas.bringForward, }",mechanical-needs-manual-review
registerHotkey,apps/web/src/features/block-canvas/component/CanvasController.tsx,356,TOKENS.canvas.sendToBack,'[',scopeId(),,'Send to back',,,,,,,,,,,False,"{ hotkey: '[', scopeId: scopeId(), description: 'Send to back', keyDownHandler: () => { if (!selection.active()) return false; reorder.reorder(ReorderOperations.SendToBack, true); return true; }, hotkeyToken: TOKENS.canvas.sendToBack, }",mechanical-needs-manual-review
registerHotkey,apps/web/src/features/block-canvas/component/CanvasController.tsx,368,TOKENS.canvas.sendBackward,'opt+[',scopeId(),,'Send backward',,,,,,,,,,,False,"{ hotkey: 'opt+[', scopeId: scopeId(), description: 'Send backward', keyDownHandler: () => { if (!selection.active()) return false; reorder.reorder(ReorderOperations.Backward, true); return true; }, hotkeyToken: TOKENS.canvas.sendBackward, }",mechanical-needs-manual-review
registerHotkey,apps/web/src/features/block-canvas/component/CanvasController.tsx,380,TOKENS.canvas.selectAll,'cmd+a',scopeId(),,'Select all',,,,,,,,,,,False,"{ hotkey: 'cmd+a', scopeId: scopeId(), description: 'Select all', keyDownHandler: () => { toolManager.setSelectedTool(Tools.Select); selection.selectAll(); return true; }, hotkeyToken: TOKENS.canvas.selectAll, }",mechanical-needs-manual-review
registerHotkey,apps/web/src/features/block-canvas/component/CanvasController.tsx,392,TOKENS.canvas.copy,'cmd+c',scopeId(),,'Copy selection',,,,,,,,,,,False,"{ hotkey: 'cmd+c', scopeId: scopeId(), description: 'Copy selection', keyDownHandler: () => { if (!selection.active()) return false; clipboard.copySelection(false); return true; }, hotkeyToken: TOKENS.canvas.copy, }",mechanical-needs-manual-review
registerHotkey,apps/web/src/features/block-canvas/component/CanvasController.tsx,404,TOKENS.canvas.cut,'cmd+x',scopeId(),,'Cut selection',,,,,,,,,,,False,"{ hotkey: 'cmd+x', scopeId: scopeId(), description: 'Cut selection', keyDownHandler: () => { if (!selection.active()) return false; history.open(); clipboard.copySelection(true); selection.deselectAll(); history.close(); nodes.save(); edges.save(); return true; }, hotkeyToken: TOKENS.canvas.cut, }",mechanical-needs-manual-review
registerHotkey,apps/web/src/features/block-canvas/component/CanvasController.tsx,421,TOKENS.canvas.paste,'cmd+v',scopeId(),,'Paste',,,,,,,,,,,False,"{ hotkey: 'cmd+v', scopeId: scopeId(), description: 'Paste', keyDownHandler: () => { return false; }, hotkeyToken: TOKENS.canvas.paste, }",mechanical-needs-manual-review
registerHotkey,apps/web/src/features/block-canvas/component/CanvasController.tsx,431,TOKENS.canvas.zoomIn,'cmd+=',scopeId(),,'Zoom in',,,,,,,,,,,False,"{ hotkey: 'cmd+=', scopeId: scopeId(), description: 'Zoom in', keyDownHandler: () => { renderState.zoom(0.1, undefined, true); return true; }, hotkeyToken: TOKENS.canvas.zoomIn, }",mechanical-needs-manual-review
registerHotkey,apps/web/src/features/block-canvas/component/CanvasController.tsx,442,TOKENS.canvas.zoomOut,'cmd+-',scopeId(),,'Zoom out',,,,,,,,,,,False,"{ hotkey: 'cmd+-', scopeId: scopeId(), description: 'Zoom out', keyDownHandler: () => { renderState.zoom(-0.1, undefined, true); return true; }, hotkeyToken: TOKENS.canvas.zoomOut, }",mechanical-needs-manual-review
registerHotkey,apps/web/src/features/block-canvas/component/CanvasController.tsx,453,TOKENS.canvas.undo,'cmd+z',scopeId(),,'Undo',,,,,,,,,,,False,"{ hotkey: 'cmd+z', scopeId: scopeId(), description: 'Undo', keyDownHandler: () => { history.undo(); return true; }, hotkeyToken: TOKENS.canvas.undo, }",mechanical-needs-manual-review
registerHotkey,apps/web/src/features/block-canvas/component/CanvasController.tsx,464,TOKENS.canvas.redo,"['shift+cmd+z', 'cmd+y']",scopeId(),,'Redo',,,,,,,,,,,False,"{ hotkey: ['shift+cmd+z', 'cmd+y'], scopeId: scopeId(), description: 'Redo', keyDownHandler: () => { history.redo(); return true; }, hotkeyToken: TOKENS.canvas.redo, }",mechanical-needs-manual-review
registerHotkey,apps/web/src/features/block-canvas/component/CanvasController.tsx,475,TOKENS.canvas.cancel,'escape',scopeId(),,'Cancel/Deselect',,,,,,,,,,,False,"{ hotkey: 'escape', scopeId: scopeId(), description: 'Cancel/Deselect', keyDownHandler: () => { toolManager.abortAll(); selection.deselectAll(); return true; }, hotkeyToken: TOKENS.canvas.cancel, }",mechanical-needs-manual-review
registerHotkey,apps/web/src/features/block-canvas/component/CanvasController.tsx,487,TOKENS.canvas.selectTool,'v',scopeId(),,'Select tool',,,,,,,,,,,False,"{ hotkey: 'v', scopeId: scopeId(), description: 'Select tool', keyDownHandler: () => { toolManager.setSelectedTool(Tools.Select); return true; }, hotkeyToken: TOKENS.canvas.selectTool, }",mechanical-needs-manual-review
registerHotkey,apps/web/src/features/block-canvas/component/CanvasController.tsx,498,TOKENS.canvas.handTool,'h',scopeId(),,'Hand tool',,,,,,,,,,,False,"{ hotkey: 'h', scopeId: scopeId(), description: 'Hand tool', keyDownHandler: () => { toolManager.setSelectedTool(Tools.Grab); return true; }, hotkeyToken: TOKENS.canvas.handTool, }",mechanical-needs-manual-review
registerHotkey,apps/web/src/features/block-canvas/component/CanvasController.tsx,509,TOKENS.canvas.shapeTool,'r',scopeId(),,'Shape tool',,,,,,,,,,,False,"{ hotkey: 'r', scopeId: scopeId(), description: 'Shape tool', keyDownHandler: () => { toolManager.setSelectedTool(Tools.Shape); return true; }, hotkeyToken: TOKENS.canvas.shapeTool, }",mechanical-needs-manual-review
registerHotkey,apps/web/src/features/block-canvas/component/CanvasController.tsx,520,TOKENS.canvas.pencilTool,'p',scopeId(),,'Pencil tool',,,,,,,,,,,False,"{ hotkey: 'p', scopeId: scopeId(), description: 'Pencil tool', keyDownHandler: () => { toolManager.setSelectedTool(Tools.Pencil); return true; }, hotkeyToken: TOKENS.canvas.pencilTool, }",mechanical-needs-manual-review
registerHotkey,apps/web/src/features/block-canvas/component/CanvasController.tsx,531,TOKENS.canvas.lineTool,'x',scopeId(),,'Line tool',,,,,,,,,,,False,"{ hotkey: 'x', scopeId: scopeId(), description: 'Line tool', keyDownHandler: () => { if (toolManager.selectedTool() === Tools.Line) { setConnectorTypeMenuTrigger((prev) => !prev); } toolManager.setSelectedTool(Tools.Line); return true; }, hotkeyToken: TOKENS.canvas.lineTool, }",mechanical-needs-manual-review
registerHotkey,apps/web/src/features/block-canvas/component/CanvasController.tsx,545,TOKENS.canvas.textTool,'t',scopeId(),,'Text tool',,,,,,,,,,,False,"{ hotkey: 't', scopeId: scopeId(), description: 'Text tool', keyDownHandler: () => { toolManager.setSelectedTool(Tools.Text); return true; }, hotkeyToken: TOKENS.canvas.textTool, }",mechanical-needs-manual-review
registerHotkey,apps/web/src/features/block-canvas/component/CanvasController.tsx,556,TOKENS.canvas.zoomInTool,'z',scopeId(),,'Zoom in tool',,,,,,,,,,,False,"{ hotkey: 'z', scopeId: scopeId(), description: 'Zoom in tool', keyDownHandler: () => { toolManager.setSelectedTool(Tools.ZoomIn); return true; }, hotkeyToken: TOKENS.canvas.zoomInTool, }",mechanical-needs-manual-review
registerHotkey,apps/web/src/features/block-canvas/component/CanvasController.tsx,567,TOKENS.canvas.zoomOutTool,'opt+z',scopeId(),,'Zoom out tool',,,,,,,,,,,False,"{ hotkey: 'opt+z', scopeId: scopeId(), description: 'Zoom out tool', keyDownHandler: () => { toolManager.setSelectedTool(Tools.ZoomOut); return true; }, hotkeyToken: TOKENS.canvas.zoomOutTool, }",mechanical-needs-manual-review
registerHotkey,apps/web/src/features/block-canvas/component/CanvasController.tsx,578,TOKENS.canvas.nudgeUp,'arrowup',scopeId(),,'Nudge up',,,,,,,,,,,False,"{ hotkey: 'arrowup', scopeId: scopeId(), description: 'Nudge up', keyDownHandler: () => { nudge('up', false, true); return true; }, hotkeyToken: TOKENS.canvas.nudgeUp, }",mechanical-needs-manual-review
registerHotkey,apps/web/src/features/block-canvas/component/CanvasController.tsx,589,TOKENS.canvas.nudgeUpMore,'shift+arrowup',scopeId(),,'Nudge up more',,,,,,,,,,,False,"{ hotkey: 'shift+arrowup', scopeId: scopeId(), description: 'Nudge up more', keyDownHandler: () => { nudge('up', true, true); return true; }, hotkeyToken: TOKENS.canvas.nudgeUpMore, }",mechanical-needs-manual-review
registerHotkey,apps/web/src/features/block-canvas/component/CanvasController.tsx,600,TOKENS.canvas.nudgeRight,'arrowright',scopeId(),,'Nudge right',,,,,,,,,,,False,"{ hotkey: 'arrowright', scopeId: scopeId(), description: 'Nudge right', keyDownHandler: () => { nudge('right', false, true); return true; }, hotkeyToken: TOKENS.canvas.nudgeRight, }",mechanical-needs-manual-review
registerHotkey,apps/web/src/features/block-canvas/component/CanvasController.tsx,611,TOKENS.canvas.nudgeRightMore,'shift+arrowright',scopeId(),,'Nudge right more',,,,,,,,,,,False,"{ hotkey: 'shift+arrowright', scopeId: scopeId(), description: 'Nudge right more', keyDownHandler: () => { nudge('right', true, true); return true; }, hotkeyToken: TOKENS.canvas.nudgeRightMore, }",mechanical-needs-manual-review
registerHotkey,apps/web/src/features/block-canvas/component/CanvasController.tsx,622,TOKENS.canvas.nudgeDown,'arrowdown',scopeId(),,'Nudge down',,,,,,,,,,,False,"{ hotkey: 'arrowdown', scopeId: scopeId(), description: 'Nudge down', keyDownHandler: () => { nudge('down', false, true); return true; }, hotkeyToken: TOKENS.canvas.nudgeDown, }",mechanical-needs-manual-review
registerHotkey,apps/web/src/features/block-canvas/component/CanvasController.tsx,633,TOKENS.canvas.nudgeDownMore,'shift+arrowdown',scopeId(),,'Nudge down more',,,,,,,,,,,False,"{ hotkey: 'shift+arrowdown', scopeId: scopeId(), description: 'Nudge down more', keyDownHandler: () => { nudge('down', true, true); return true; }, hotkeyToken: TOKENS.canvas.nudgeDownMore, }",mechanical-needs-manual-review
registerHotkey,apps/web/src/features/block-canvas/component/CanvasController.tsx,644,TOKENS.canvas.nudgeLeft,'arrowleft',scopeId(),,'Nudge left',,,,,,,,,,,False,"{ hotkey: 'arrowleft', scopeId: scopeId(), description: 'Nudge left', keyDownHandler: () => { nudge('left', false, true); return true; }, hotkeyToken: TOKENS.canvas.nudgeLeft, }",mechanical-needs-manual-review
registerHotkey,apps/web/src/features/block-canvas/component/CanvasController.tsx,655,TOKENS.canvas.nudgeLeftMore,'shift+arrowleft',scopeId(),,'Nudge left more',,,,,,,,,,,False,"{ hotkey: 'shift+arrowleft', scopeId: scopeId(), description: 'Nudge left more', keyDownHandler: () => { nudge('left', true, true); return true; }, hotkeyToken: TOKENS.canvas.nudgeLeftMore, }",mechanical-needs-manual-review
registerHotkey,apps/web/src/features/block-canvas/component/CanvasController.tsx,666,TOKENS.canvas.group,'cmd+g',scopeId(),,'Group selection',,,,,,,,,,,False,"{ hotkey: 'cmd+g', scopeId: scopeId(), description: 'Group selection', keyDownHandler: () => { history.open(); createGroup(); history.close(); return true; }, hotkeyToken: TOKENS.canvas.group, }",mechanical-needs-manual-review
registerHotkey,apps/web/src/features/block-canvas/component/CanvasController.tsx,679,TOKENS.canvas.ungroup,'shift+cmd+g',scopeId(),,'Ungroup selection',,,,,,,,,,,False,"{ hotkey: 'shift+cmd+g', scopeId: scopeId(), description: 'Ungroup selection', keyDownHandler: () => { history.open(); deleteGroup(); history.close(); return true; }, hotkeyToken: TOKENS.canvas.ungroup, }",mechanical-needs-manual-review
registerHotkey,apps/web/src/features/block-canvas/component/CanvasController.tsx,694,TOKENS.canvas.optZoom,'opt',scopeId(),,'Zoom in',,,,,,,,,,,False,"{ hotkey: 'opt', scopeId: scopeId(), description: 'Zoom in', keyDownHandler: () => { if (toolManager.selectedTool() === Tools.ZoomIn) { toolManager.setSelectedTool(Tools.ZoomOut); optSetZoom = true; return true; } return false; }, keyUpHandler: () => { if (toolManager.selectedTool() === Tools.ZoomOut && optSetZoom) { toolManager.setSelectedTool(Tools.ZoomIn); optSetZoom = false;",mechanical-needs-manual-review
registerHotkey,apps/web/src/features/block-canvas/component/CanvasController.tsx,718,TOKENS.canvas.spaceGrab,'space',scopeId(),,'Temporary grab tool',,,,,,,,,,,False,"{ hotkey: 'space', scopeId: scopeId(), description: 'Temporary grab tool', keyDownHandler: (e) => { if (e?.repeat) return false; if (!spaceKeyGrab) toolBeforeSpaceGrab = toolManager.selectedTool(); toolManager.setSelectedTool(Tools.Grab); spaceKeyGrab = true; return true; }, keyUpHandler: () => { if ( toolManager.selectedTool() === Tools.Grab && spaceKeyGrab && !middleMousePressed()",mechanical-needs-manual-review
registerHotkey,apps/web/src/features/block-canvas/component/ToolBar.tsx,144,TOKENS.canvas.line.straight,'s',scopeId(),,'Straight connector',,,() => connectorTypeMenuTrigger(),,,,,,,,False,"{ hotkey: 's', scopeId: scopeId(), condition: () => connectorTypeMenuTrigger(), description: 'Straight connector', keyDownHandler: () => { onSelectConnectionStyle('straight'); setConnectorTypeMenuTrigger(false); return true; }, hotkeyToken: TOKENS.canvas.line.straight, }",mechanical-needs-manual-review
registerHotkey,apps/web/src/features/block-canvas/component/ToolBar.tsx,156,TOKENS.canvas.line.flow,'f',scopeId(),,'Flow connector',,,() => connectorTypeMenuTrigger(),,,,,,,,False,"{ hotkey: 'f', scopeId: scopeId(), condition: () => connectorTypeMenuTrigger(), description: 'Flow connector', keyDownHandler: () => { onSelectConnectionStyle('smooth'); setConnectorTypeMenuTrigger(false); return true; }, hotkeyToken: TOKENS.canvas.line.flow, }",mechanical-needs-manual-review
registerHotkey,apps/web/src/features/block-canvas/component/ToolBar.tsx,168,TOKENS.canvas.line.bent,'b',scopeId(),,'Bent connector',,,() => connectorTypeMenuTrigger(),,,,,,,,False,"{ hotkey: 'b', scopeId: scopeId(), condition: () => connectorTypeMenuTrigger(), description: 'Bent connector', keyDownHandler: () => { onSelectConnectionStyle('stepped'); setConnectorTypeMenuTrigger(false); return true; }, hotkeyToken: TOKENS.canvas.line.bent, }",mechanical-needs-manual-review
registerHotkey,apps/web/src/features/block-channel/component/useChannelBotManagement.ts,69,,,options.hotkeyScopeId,,'Create bot for channel',9,,canManageBots,,,,,,,"['webhook', 'automation', 'agent']",False,"{ scopeId: options.hotkeyScopeId, description: 'Create bot for channel', icon: PlusIcon, keywords: ['webhook', 'automation', 'agent'], displayPriority: 9, condition: canManageBots, keyDownHandler: () => { openCreateBot(); return true; }, }",mechanical-needs-manual-review
registerHotkey,apps/web/src/features/block-channel/component/useChannelBotManagement.ts,82,,,options.hotkeyScopeId,,'Invite bot to channel',9,,canManageBots,,,,,,,"['add bot', 'webhook', 'participant']",False,"{ scopeId: options.hotkeyScopeId, description: 'Invite bot to channel', icon: RobotIcon, keywords: ['add bot', 'webhook', 'participant'], displayPriority: 9, condition: canManageBots, keyDownHandler: () => { openInviteBot(); return true; }, }",mechanical-needs-manual-review
registerHotkey,apps/web/src/features/block-channel/component/useChannelBotManagement.ts,95,,,options.hotkeyScopeId,,'Copy channel webhook URL',8,,enabled,,,,,,,"['bot', 'webhook', 'endpoint']",False,"{ scopeId: options.hotkeyScopeId, description: 'Copy channel webhook URL', icon: CopyIcon, keywords: ['bot', 'webhook', 'endpoint'], displayPriority: 8, condition: enabled, keyDownHandler: () => { void copyWebhookUrl(); return true; }, }",mechanical-needs-manual-review
registerHotkey,apps/web/src/features/block-code/component/CodeMirror.tsx,67,TOKENS.code.toggleComment,'cmd+/',scope,,'Toggle comment',,,,,true,,,,,,False,"{ hotkey: 'cmd+/', hotkeyToken: TOKENS.code.toggleComment, description: 'Toggle comment', scopeId: scope, keyDownHandler: () => { if (view) { toggleComment(view); return true; } return false; }, runWithInputFocused: true, }",mechanical-needs-manual-review
registerHotkey,apps/web/src/features/block-code/component/CodeMirror.tsx,82,TOKENS.code.escape,'escape',scope,,'Escape code editor',,,,,true,,,,,,False,"{ hotkey: 'escape', hotkeyToken: TOKENS.code.escape, description: 'Escape code editor', scopeId: scope, keyDownHandler: () => { if (view) { view.contentDOM.blur(); return true; } return false; }, runWithInputFocused: true, }",mechanical-needs-manual-review
registerHotkey,apps/web/src/features/block-email/component/BaseInput.tsx,1189,TOKENS.email.send,'cmd+enter',composeHotkeyScope,,'Send email',9,,,,true,,,,,,False,"{ hotkey: 'cmd+enter', scopeId: composeHotkeyScope, description: 'Send email', keyDownHandler: () => { if (form().sendTime()) return false; sendEmail(); return true; }, runWithInputFocused: true, hotkeyToken: TOKENS.email.send, displayPriority: 9, }",mechanical-needs-manual-review
registerHotkey,apps/web/src/features/block-email/component/BaseInput.tsx,1203,TOKENS.email.sendAndMarkDone,'shift+cmd+enter',composeHotkeyScope,,'Send and mark done',10,,,,true,,,,,,False,"{ hotkey: 'shift+cmd+enter', scopeId: composeHotkeyScope, description: 'Send and mark done', keyDownHandler: () => { if (form().sendTime()) return false; sendEmail(true); return true; }, runWithInputFocused: true, hotkeyToken: TOKENS.email.sendAndMarkDone, displayPriority: 10, }",mechanical-needs-manual-review
registerHotkey,apps/web/src/features/block-email/component/BaseInput.tsx,1217,TOKENS.email.previousMessage,'arrowup',composeHotkeyScope,,'Select last message',,,() => { const ed = editor(); if (!ed) return false; const rootEl = ed.getRootElement(); if (!rootEl || !rootEl.contains(document.activeElement)) return false; return ed.read(() => { const text = $getRoot().getTextContent(); return text.trim().length === 0; }); },,true,,,,,,False,"{ hotkey: 'arrowup', scopeId: composeHotkeyScope, description: 'Select last message', runWithInputFocused: true, condition: () => { const ed = editor(); if (!ed) return false; const rootEl = ed.getRootElement(); if (!rootEl || !rootEl.contains(document.activeElement)) return false; return ed.read(() => { const text = $getRoot().getTextContent(); return text.trim().length === 0;",mechanical-needs-manual-review
registerHotkey,apps/web/src/features/block-email/component/BaseInput.tsx,1251,TOKENS.email.cancelReply,'escape',composeHotkeyScope,,'Close reply',8,,,,true,,,,,,False,"{ hotkey: 'escape', scopeId: composeHotkeyScope, description: 'Close reply', keyDownHandler: () => { const draft = collectDraft(); const isEmpty = draft === null; if (isEmpty) { // Delete draft and close reply deleteDraftAndReset(); } else { // Move focus back to the message const focusedId = ctx.messages.focusedID(); if (focusedId) { const messageEl",mechanical-needs-manual-review
registerHotkey,apps/web/src/features/block-email/component/TopBar.tsx,64,TOKENS.block.toggleSidePanel,']',splitPanel.splitHotkeyScope,,'Toggle Side Panel',,,,,,,,,,,False,"{ hotkey: ']', scopeId: splitPanel.splitHotkeyScope, hotkeyToken: TOKENS.block.toggleSidePanel, description: 'Toggle Side Panel', keyDownHandler: () => { if (!sidePanel) return false; if (!sidePanel.hasSections()) return false; sidePanel.toggle(); return true; }, }",mechanical-needs-manual-review
registerHotkey,apps/web/src/features/block-email/component/compose/ComposeLayout.tsx,70,TOKENS.email.compose.edit.recipients,'shift+cmd+o',composeHotkeyScope,,"'Edit ""To"" recipients'",,,,,true,,,,,,False,"{ hotkey: 'shift+cmd+o', scopeId: composeHotkeyScope, description: 'Edit ""To"" recipients', keyDownHandler: () => { if (ctx.disabled()) return false; refs()?.directRecipientsSelector?.focus(); return true; }, runWithInputFocused: true, hotkeyToken: TOKENS.email.compose.edit.recipients, shouldReturnFocusOnClose: false, }",mechanical-needs-manual-review
registerHotkey,apps/web/src/features/block-email/component/compose/ComposeLayout.tsx,84,TOKENS.email.compose.edit.ccRecipients,'shift+cmd+c',composeHotkeyScope,,"'Edit ""Cc"" recipients'",,,,,true,,,,,,False,"{ hotkey: 'shift+cmd+c', scopeId: composeHotkeyScope, description: 'Edit ""Cc"" recipients', keyDownHandler: () => { if (ctx.disabled()) return false; if (!showCc()) { setShowCc(true); queueMicrotask(() => refs()?.ccRecipientsSelector?.focus()); return true; } refs()?.ccRecipientsSelector?.focus(); return true; }, runWithInputFocused: true, hotkeyToken: TOKENS.email.compose.edit.ccRecipients, shouldReturnFocusOnC",mechanical-needs-manual-review
registerHotkey,apps/web/src/features/block-email/component/compose/ComposeLayout.tsx,103,TOKENS.email.compose.edit.bccRecipients,'shift+cmd+b',composeHotkeyScope,,"'Edit ""Bcc"" recipients'",,,,,true,,,,,,False,"{ hotkey: 'shift+cmd+b', scopeId: composeHotkeyScope, description: 'Edit ""Bcc"" recipients', keyDownHandler: () => { if (ctx.disabled()) return false; if (!showBcc()) { setShowBcc(true); queueMicrotask(() => refs()?.bccRecipientsSelector?.focus()); return true; } refs()?.bccRecipientsSelector?.focus(); return true; }, runWithInputFocused: true, hotkeyToken: TOKENS.email.compose.edit.bccRecipients, shouldReturnFo",mechanical-needs-manual-review
registerHotkey,apps/web/src/features/block-email/component/compose/ComposeLayout.tsx,122,TOKENS.email.compose.edit.subject,'shift+cmd+s',composeHotkeyScope,,'Edit subject',,,,,true,,,,,,False,"{ hotkey: 'shift+cmd+s', scopeId: composeHotkeyScope, description: 'Edit subject', keyDownHandler: () => { if (ctx.disabled()) return false; refs()?.subjectInput?.focus(); return true; }, runWithInputFocused: true, hotkeyToken: TOKENS.email.compose.edit.subject, shouldReturnFocusOnClose: false, }",mechanical-needs-manual-review
registerHotkey,apps/web/src/features/block-email/component/compose/ComposeLayout.tsx,136,TOKENS.email.compose.edit.message,'shift+cmd+m',composeHotkeyScope,,'Edit message',,,,,true,,,,,,False,"{ hotkey: 'shift+cmd+m', scopeId: composeHotkeyScope, description: 'Edit message', keyDownHandler: () => { if (ctx.disabled()) return false; refs()?.messageInput?.focus(); return true; }, runWithInputFocused: true, hotkeyToken: TOKENS.email.compose.edit.message, shouldReturnFocusOnClose: false, }",mechanical-needs-manual-review
registerHotkey,apps/web/src/features/block-email/component/compose/ComposeLayout.tsx,150,'email.send','cmd+enter',composeHotkeyScope,,'Send email',10,,,,true,,,,,,False,"{ hotkey: 'cmd+enter', scopeId: composeHotkeyScope, description: 'Send email', keyDownHandler: () => { if (ctx.disabled()) return false; if (ctx.sendTime()) return false; ctx.onSend(); return true; }, runWithInputFocused: true, hotkeyToken: 'email.send', displayPriority: 10, }",mechanical-needs-manual-review
registerHotkey,apps/web/src/features/block-email/util/emailHotkeys.ts,32,TOKENS.email.replyAll,'opt+r',scopeId,,'Reply all to message',8,,,,,,,,,,False,"{ hotkey: 'opt+r', scopeId: scopeId, description: 'Reply all to message', keyDownHandler: handlers.replyAllToFocusedMessage, hotkeyToken: TOKENS.email.replyAll, displayPriority: 8, }",mechanical-needs-manual-review
registerHotkey,apps/web/src/features/block-email/util/emailHotkeys.ts,42,TOKENS.email.reply,'r',scopeId,,'Reply to message',9,,,,,,,,,,False,"{ hotkey: 'r', scopeId: scopeId, description: 'Reply to message', keyDownHandler: handlers.replyToFocusedMessage, hotkeyToken: TOKENS.email.reply, displayPriority: 9, }",mechanical-needs-manual-review
registerHotkey,apps/web/src/features/block-email/util/emailHotkeys.ts,51,TOKENS.email.forward,'f',scopeId,,'Forward message',7,,,,,,,,,,False,"{ hotkey: 'f', scopeId: scopeId, description: 'Forward message', keyDownHandler: handlers.forwardFocusedMessage, hotkeyToken: TOKENS.email.forward, displayPriority: 7, }",mechanical-needs-manual-review
registerHotkey,apps/web/src/features/block-email/util/emailHotkeys.ts,59,TOKENS.entity.action.markDone,'e',,,'Mark done',10,,() => !handlers.isThreadDone(),,,,,,,,False,"{ hotkey: 'e', scopeId, description: 'Mark done', keyDownHandler: handlers.markDone, hotkeyToken: TOKENS.entity.action.markDone, displayPriority: 10, condition: () => !handlers.isThreadDone(), }",mechanical-needs-manual-review
registerHotkey,apps/web/src/features/block-email/util/emailHotkeys.ts,68,TOKENS.entity.action.markNotDone,'shift+e',,,'Mark as not done',10,,() => handlers.isThreadDone() && handlers.canMarkNotDone(),,,,,,,,False,"{ hotkey: 'shift+e', scopeId, description: 'Mark as not done', keyDownHandler: handlers.markNotDone, hotkeyToken: TOKENS.entity.action.markNotDone, displayPriority: 10, condition: () => handlers.isThreadDone() && handlers.canMarkNotDone(), }",mechanical-needs-manual-review
registerHotkey,apps/web/src/features/block-email/util/emailHotkeys.ts,77,TOKENS.entity.action.markUnread,'u',,,'Mark as unread',9,,() => !handlers.isThreadMarkedUnread(),,,,,,,,False,"{ hotkey: 'u', scopeId, description: 'Mark as unread', keyDownHandler: handlers.markUnread, hotkeyToken: TOKENS.entity.action.markUnread, displayPriority: 9, condition: () => !handlers.isThreadMarkedUnread(), }",mechanical-needs-manual-review
registerHotkey,apps/web/src/features/block-email/util/emailHotkeys.ts,86,TOKENS.entity.action.markRead,'shift+u',,,'Mark as read',9,,() => handlers.isThreadMarkedUnread(),,,,,,,,False,"{ hotkey: 'shift+u', scopeId, description: 'Mark as read', keyDownHandler: handlers.markRead, hotkeyToken: TOKENS.entity.action.markRead, displayPriority: 9, condition: () => handlers.isThreadMarkedUnread(), }",mechanical-needs-manual-review
registerHotkey,apps/web/src/features/block-email/util/emailHotkeys.ts,95,TOKENS.email.blockSender,,scopeId,,'Block sender',5,,,,,,,,,,False,"{ scopeId: scopeId, description: 'Block sender', keyDownHandler: handlers.blockSender, hotkeyToken: TOKENS.email.blockSender, displayPriority: 5, }",mechanical-needs-manual-review
registerHotkey,apps/web/src/features/block-email/util/emailHotkeys.ts,102,TOKENS.email.markSenderSignal,,scopeId,,'Mark sender as Signal',5,,,,,,,,,,False,"{ scopeId: scopeId, description: 'Mark sender as Signal', keyDownHandler: handlers.markSenderSignal, hotkeyToken: TOKENS.email.markSenderSignal, displayPriority: 5, }",mechanical-needs-manual-review
registerHotkey,apps/web/src/features/block-email/util/emailHotkeys.ts,109,TOKENS.email.markSenderNoise,,scopeId,,'Mark sender as Noise',5,,,,,,,,,,False,"{ scopeId: scopeId, description: 'Mark sender as Noise', keyDownHandler: handlers.markSenderNoise, hotkeyToken: TOKENS.email.markSenderNoise, displayPriority: 5, }",mechanical-needs-manual-review
registerHotkey,apps/web/src/features/block-email/util/emailHotkeys.ts,116,TOKENS.email.previousMessage,'arrowup',,,'Previous message',,,,,,,,,,,False,"{ hotkey: 'arrowup', scopeId, description: 'Previous message', keyDownHandler: handlers.navigateToPreviousMessage, hotkeyToken: TOKENS.email.previousMessage, }",mechanical-needs-manual-review
registerHotkey,apps/web/src/features/block-email/util/emailHotkeys.ts,123,TOKENS.email.nextMessage,'arrowdown',,,'Next message',,,,,,,,,,,False,"{ hotkey: 'arrowdown', scopeId, description: 'Next message', keyDownHandler: handlers.navigateToNextMessage, hotkeyToken: TOKENS.email.nextMessage, }",mechanical-needs-manual-review
registerHotkey,apps/web/src/features/block-md/component/ComposeSkill.tsx,333,,'cmd+enter',composeHotkeyScope,,'Create skill',,,,,true,,,,,,False,"{ hotkey: 'cmd+enter', scopeId: composeHotkeyScope, description: 'Create skill', keyDownHandler: () => { handleCreateSkill(); return true; }, runWithInputFocused: true, }",mechanical-needs-manual-review
registerHotkey,apps/web/src/features/block-md/component/ComposeTask.tsx,744,,'cmd+enter',composeHotkeyScope,,'Create task',,,,,true,,,,,,False,"{ hotkey: 'cmd+enter', scopeId: composeHotkeyScope, description: 'Create task', keyDownHandler: () => { handleCreateTask(); return true; }, runWithInputFocused: true, }",mechanical-needs-manual-review
registerHotkey,apps/web/src/features/block-md/component/FindAndReplace.tsx,265,TOKENS.md.find,'cmd+f',scopeId(),,'Find in Document',,,,,true,,,,,,False,"{ hotkey: 'cmd+f', scopeId: scopeId(), hotkeyToken: TOKENS.md.find, description: 'Find in Document', runWithInputFocused: true, keyDownHandler: () => { if (findAndReplaceStore.searchIsOpen) { if (inputRef === document.activeElement) { closeSearch(); } else { focusSearchInput(true); } } else { setFindAndReplaceStore('searchIsOpen', true); focusSearchInput(); }",mechanical-needs-manual-review
registerHotkey,apps/web/src/features/block-md/component/History.tsx,467,TOKENS.channel.moveUp,'arrowup',props.scopeId,,'Next version',10,,() => props.isOpen,,,,,,,,False,"{ hotkey: 'arrowup', scopeId: props.scopeId, description: 'Next version', condition: () => props.isOpen, keyDownHandler: () => { const current = props.selectedVersion; const next = moveUp(props.versions, current); virtualHandle()?.scrollToIndex( findVersionIndex(props.versions, next ?? current), { align: 'nearest', } ); if (next) { props.handleSelect(next); }",mechanical-needs-manual-review
registerHotkey,apps/web/src/features/block-md/component/History.tsx,490,TOKENS.channel.moveDown,'arrowdown',props.scopeId,,'Previous version',10,,() => props.isOpen,,,,,,,,False,"{ hotkey: 'arrowdown', scopeId: props.scopeId, description: 'Previous version', condition: () => props.isOpen, keyDownHandler: () => { const current = props.selectedVersion; const next = moveDown(props.versions, current); virtualHandle()?.scrollToIndex( findVersionIndex(props.versions, next ?? current), { align: 'nearest', } ); if (next) { props.handleSelect(next); }",mechanical-needs-manual-review
registerHotkey,apps/web/src/features/block-md/component/Notebook.tsx,223,TOKENS.block.focus,'enter',scopeId(),,'Focus Title or Markdown Editor',,,,true,,,,,,,False,"{ hotkey: 'enter', scopeId: scopeId(), hotkeyToken: TOKENS.block.focus, description: 'Focus Title or Markdown Editor', keyDownHandler: () => { const titleEditor = md.titleEditor; const markdownEditor = md.editor; const docName = untrack(documentName); if (titleEditor && docName === '') { titleEditor.focus(); return true; } else if (markdownEditor) { markdownEditor.focus(",mechanical-needs-manual-review
registerHotkey,apps/web/src/features/block-md/component/TopBar.tsx,85,TOKENS.entity.action.copyBranchName,'shift+cmd+b',id,,'Copy branch name',,,,,true,,,,,,False,"{ hotkey: 'shift+cmd+b', scopeId: id, hotkeyToken: TOKENS.entity.action.copyBranchName, description: 'Copy branch name', keyDownHandler: () => { copyBranchName(); return true; }, runWithInputFocused: true, }",mechanical-needs-manual-review
registerHotkey,apps/web/src/features/block-md/component/TopBar.tsx,129,TOKENS.block.toggleSidePanel,']',splitPanel.splitHotkeyScope,,'Toggle Side Panel',,,,,,,,,,,False,"{ hotkey: ']', scopeId: splitPanel.splitHotkeyScope, hotkeyToken: TOKENS.block.toggleSidePanel, description: 'Toggle Side Panel', keyDownHandler: () => { if (!sidePanel) return false; if (!sidePanel.hasSections()) return false; sidePanel.toggle(); return true; }, }",mechanical-needs-manual-review
registerHotkey,apps/web/src/features/block-md/component/useMarkdownCommands.ts,117,TOKENS.md.toggleStateDebugger,,,,'Toggle lexical state debugger',,,() => options.canUseStateDebugger?.() !== false,() => options.canUseStateDebugger?.() === false,true,,,,,,False,"{ scopeId, runWithInputFocused: true, hotkeyToken: TOKENS.md.toggleStateDebugger, description: 'Toggle lexical state debugger', icon: BugIcon, hide: () => options.canUseStateDebugger?.() === false, condition: () => options.canUseStateDebugger?.() !== false, keyDownHandler: () => { if (options.canUseStateDebugger?.() === false) return false; options.toggleStateDebugger(); return true; }, }",mechanical-needs-manual-review
registerHotkey,apps/web/src/features/block-md/component/useMarkdownCommands.ts,167,def.token,def.hotkey,,,def.description,,,,,,,,,,,True,"{ ...shared, hotkeyToken: def.token, hotkey: def.hotkey, description: def.description, icon: def.icon, proxiedHotkey: !!def.hotkey, keyDownHandler: () => { const editor = getEditor(); if (!editor) return false; editor.dispatchCommand(FORMAT_TEXT_COMMAND, def.format); editor.focus(); return true; }, }",mechanical-needs-manual-review
registerHotkey,apps/web/src/features/block-md/component/useMarkdownCommands.ts,189,token,,,,action.name,,,() => { const editor = getEditor(); if (!editor) return false; return editor.hasNodes(action.dependencies ?? []); },() => { const editor = getEditor(); if (!editor) return true; return !editor.hasNodes(action.dependencies ?? []); },,,,,,,True,"{ ...shared, hotkeyToken: token, description: action.name, icon: action.icon, keyDownHandler: () => { const editor = getEditor(); if (!editor) return false; action.action(editor); editor.focus(); return true; }, hide: () => { const editor = getEditor(); if (!editor) return true; return !editor.hasNodes(action.dependencies ?? []); }, condition: () => { const editor = getEd",mechanical-needs-manual-review
registerHotkey,apps/web/src/features/calendar/use-calendar-hotkeys.ts,46,command.token,command.hotkey,handlers.scopeId,,command.description,,,,,,,,,,,True,"{ scopeId: handlers.scopeId, hotkey: command.hotkey, hotkeyToken: command.token, description: command.description, keyDownHandler: () => { handlers.changeView(command.view); return true; }, }",mechanical-needs-manual-review
registerHotkey,apps/web/src/features/calendar/use-calendar-hotkeys.ts,60,TOKENS.calendar.period.previous,'p',handlers.scopeId,,'Previous period',,,,,,,,,,,True,"{ scopeId: handlers.scopeId, hotkey: 'p', hotkeyToken: TOKENS.calendar.period.previous, description: 'Previous period', keyDownHandler: () => { void handlers.previousPeriod(); return true; }, }",mechanical-needs-manual-review
registerHotkey,apps/web/src/features/calendar/use-calendar-hotkeys.ts,73,TOKENS.calendar.period.next,'n',handlers.scopeId,,'Next period',,,,,,,,,,,False,"{ scopeId: handlers.scopeId, hotkey: 'n', hotkeyToken: TOKENS.calendar.period.next, description: 'Next period', keyDownHandler: () => { void handlers.nextPeriod(); return true; }, }",mechanical-needs-manual-review
registerHotkey,apps/web/src/features/calendar/use-calendar-hotkeys.ts,86,TOKENS.calendar.period.today,'t',handlers.scopeId,,'Go to today',,,,,,,,,,,False,"{ scopeId: handlers.scopeId, hotkey: 't', hotkeyToken: TOKENS.calendar.period.today, description: 'Go to today', keyDownHandler: () => { handlers.navigateToToday(); return true; }, }",mechanical-needs-manual-review
registerHotkey,apps/web/src/features/channel/Channel/InlineMessageEditor.tsx,44,TOKENS.channel.clearSelection,'escape',,,'Discard edit',,,,,true,,,,,,False,"{ scopeId, hotkey: 'escape', hotkeyToken: TOKENS.channel.clearSelection, description: 'Discard edit', runWithInputFocused: true, keyDownHandler: () => { props.messageEditor.cancel(props.message.id); return true; }, }",mechanical-needs-manual-review
registerHotkey,apps/web/src/features/channel/Channel/create-channel-hotkeys.ts,68,TOKENS.channel.focusPreviousMessage,'arrowup',messageListScope,,'Previous message',,,,,,,,,,,False,"{ scopeId: messageListScope, hotkey: 'arrowup', hotkeyToken: TOKENS.channel.focusPreviousMessage, description: 'Previous message', keyDownHandler: () => { const id = options.selection.selectPrevious(); if (id) { options.navigation()?.markUserIntent('up'); options.navigation()?.scrollToId(id, { align: 'nearest' }); } return true; }, }",mechanical-needs-manual-review
registerHotkey,apps/web/src/features/channel/Channel/create-channel-hotkeys.ts,83,TOKENS.channel.focusNextMessage,'arrowdown',messageListScope,,'Next message',,,,,,,,,,,False,"{ scopeId: messageListScope, hotkey: 'arrowdown', hotkeyToken: TOKENS.channel.focusNextMessage, description: 'Next message', keyDownHandler: () => { const id = options.selection.selectNext(); if (id) { options.navigation()?.markUserIntent('down'); options.navigation()?.scrollToId(id, { align: 'nearest' }); } else { inputEl?.querySelector<HTMLElement>('[contenteditable]')?.focus(); } return true; }, }",mechanical-needs-manual-review
registerHotkey,apps/web/src/features/channel/Channel/create-channel-hotkeys.ts,100,,'shift+g',messageListScope,,'Go to latest message',,,,,,,,,,,False,"{ scopeId: messageListScope, hotkey: 'shift+g', description: 'Go to latest message', keyDownHandler: () => { options.selection.clear(); options.navigation()?.markUserIntent('down'); options.onGoToBottom(); return true; }, }",mechanical-needs-manual-review
registerHotkey,apps/web/src/features/channel/Channel/create-channel-hotkeys.ts,112,TOKENS.channel.replyToMessage,'enter',messageListScope,,'Reply to message',,,canRunSelectionActionHotkeys,,,,,,,,False,"{ scopeId: messageListScope, hotkey: 'enter', hotkeyToken: TOKENS.channel.replyToMessage, description: 'Reply to message', condition: canRunSelectionActionHotkeys, keyDownHandler: () => { const msg = getSelectedMessage(); if (!msg) return false; const actions = options.getMessageActions(msg); actions?.onReply?.({ message: msg }); return true; }, }",mechanical-needs-manual-review
registerHotkey,apps/web/src/features/channel/Channel/create-channel-hotkeys.ts,127,TOKENS.channel.editMessage,'e',messageListScope,,'Edit message',,,"() => { if (!canRunSelectionActionHotkeys()) return false; const msg = getSelectedMessage(); return canEditSelectedMessageFromHotkey({ hasSelection: true, isEditing: options.isEditing(), isOwnMessage: !!msg && msg.sender_id === options.userId(), }); }",,,,,,,,False,"{ scopeId: messageListScope, hotkey: 'e', hotkeyToken: TOKENS.channel.editMessage, description: 'Edit message', condition: () => { if (!canRunSelectionActionHotkeys()) return false; const msg = getSelectedMessage(); return canEditSelectedMessageFromHotkey({ hasSelection: true, isEditing: options.isEditing(), isOwnMessage: !!msg && msg.sender_id === options.userId(), }); }, keyDownHandler: () => { const msg = getSel",mechanical-needs-manual-review
registerHotkey,apps/web/src/features/channel/Channel/create-channel-hotkeys.ts,150,TOKENS.channel.deleteMessage,'backspace',messageListScope,,'Delete message',,,"() => { if (!canRunSelectionActionHotkeys()) return false; const msg = getSelectedMessage(); return canDeleteSelectedMessageFromHotkey({ hasSelection: true, isEditing: options.isEditing(), isOwnMessage: !!msg && msg.sender_id === options.userId(), isBotMessage: !!msg && isBotMessage(msg), }); }",,,,,,,,False,"{ scopeId: messageListScope, hotkey: 'backspace', hotkeyToken: TOKENS.channel.deleteMessage, description: 'Delete message', condition: () => { if (!canRunSelectionActionHotkeys()) return false; const msg = getSelectedMessage(); return canDeleteSelectedMessageFromHotkey({ hasSelection: true, isEditing: options.isEditing(), isOwnMessage: !!msg && msg.sender_id === options.userId(), isBotMessage: !!msg && isBotMessage(msg),",mechanical-needs-manual-review
registerHotkey,apps/web/src/features/channel/Channel/create-channel-hotkeys.ts,174,TOKENS.channel.clearSelection,'escape',messageListScope,,'Clear selection',,,hasSelection,,,,,,,,False,"{ scopeId: messageListScope, hotkey: 'escape', hotkeyToken: TOKENS.channel.clearSelection, description: 'Clear selection', condition: hasSelection, keyDownHandler: () => { options.selection.clear(); return true; }, }",mechanical-needs-manual-review
registerHotkey,apps/web/src/features/channel/Channel/create-channel-hotkeys.ts,186,TOKENS.channel.focusPreviousMessage,'arrowup',inputScope,,'Select last message',,,options.isInputEmpty,,true,,,,,,False,"{ scopeId: inputScope, hotkey: 'arrowup', hotkeyToken: TOKENS.channel.focusPreviousMessage, description: 'Select last message', runWithInputFocused: true, condition: options.isInputEmpty, keyDownHandler: () => { const id = options.selection.selectPrevious(); if (id) { options.navigation()?.markUserIntent('up'); options.navigation()?.scrollToId(id, { align: 'nearest' }); messageListEl?.focus(); } return true; }, }",mechanical-needs-manual-review
registerHotkey,apps/web/src/features/channel/Channel/create-channel-hotkeys.ts,205,TOKENS.channel.findInChannel,'cmd+f',,,'Find in channel',,,,,true,,,,,,True,"{ scopeId, hotkey: 'cmd+f', hotkeyToken: TOKENS.channel.findInChannel, description: 'Find in channel', runWithInputFocused: true, keyDownHandler: () => { options.onOpenFindBar(); return true; }, }",mechanical-needs-manual-review
registerHotkey,apps/web/src/features/channel/Input/ChannelInput.tsx,392,,['escape'],,,'block escape from moving up scope',,,,true,true,,,,,,False,"{ scopeId, description: 'block escape from moving up scope', hotkey: ['escape'], runWithInputFocused: true, hide: true, keyDownHandler: () => { // Block upstream escape handlers when ESC should close inline menus. return markdownEditor.controls.isInlineMenuOpen(); }, }",mechanical-needs-manual-review
registerHotkey,apps/web/src/features/channel/Input/TaskComposer.tsx,212,,'cmd+enter',composerHotkeyScope,,'Create task and send',,,,,true,,,,,,False,"{ hotkey: 'cmd+enter', scopeId: composerHotkeyScope, description: 'Create task and send', keyDownHandler: () => { void handleSend(); return true; }, runWithInputFocused: true, }",mechanical-needs-manual-review
registerHotkey,apps/web/src/features/channel/Thread/create-thread-hotkeys.ts,78,TOKENS.channel.expandThread,'arrowright',scope,,'Enter thread',,HOTKEY_PRIORITY_HIGH,() => options.isSelected() && options.hasReplies(),,,,,'add',,,False,"{ scopeId: scope, hotkey: 'arrowright', hotkeyToken: TOKENS.channel.expandThread, description: 'Enter thread', registrationType: 'add', handlerPriority: HOTKEY_PRIORITY_HIGH, condition: () => options.isSelected() && options.hasReplies(), keyDownHandler: () => { options.expandThread(); const id = options.replySelection.selectFirst(); if (id) { requestAnimationFrame(() => scrollMessageIntoView(id)); } return true; }, }",mechanical-needs-manual-review
registerHotkey,apps/web/src/features/channel/Thread/create-thread-hotkeys.ts,96,TOKENS.channel.threadPreviousReply,'arrowup',scope,,'Previous reply',,HOTKEY_PRIORITY_HIGH,() => options.isThreadFocused() && options.isThreadExpanded(),,,,,'add',,,False,"{ scopeId: scope, hotkey: 'arrowup', hotkeyToken: TOKENS.channel.threadPreviousReply, description: 'Previous reply', registrationType: 'add', handlerPriority: HOTKEY_PRIORITY_HIGH, condition: () => options.isThreadFocused() && options.isThreadExpanded(), keyDownHandler: () => { const before = options.replySelection.selectedId(); const id = options.replySelection.selectPrevious(); if (id && id !== before) { scrollMessageIntoView(id);",mechanical-needs-manual-review
registerHotkey,apps/web/src/features/channel/Thread/create-thread-hotkeys.ts,116,TOKENS.channel.threadNextReply,'arrowdown',scope,,'Next reply',,HOTKEY_PRIORITY_HIGH,() => options.isThreadFocused() && options.isThreadExpanded(),,,,,'add',,,False,"{ scopeId: scope, hotkey: 'arrowdown', hotkeyToken: TOKENS.channel.threadNextReply, description: 'Next reply', registrationType: 'add', handlerPriority: HOTKEY_PRIORITY_HIGH, condition: () => options.isThreadFocused() && options.isThreadExpanded(), keyDownHandler: () => { const id = options.replySelection.selectNext(); if (id) { scrollMessageIntoView(id); return true; } options.replySelection.clear(); return false;",mechanical-needs-manual-review
registerHotkey,apps/web/src/features/channel/Thread/create-thread-hotkeys.ts,135,TOKENS.channel.threadCollapse,'arrowleft',scope,,'Collapse thread',,HOTKEY_PRIORITY_HIGH,() => options.isThreadFocused() && options.isThreadExpanded(),,,,,'add',,,False,"{ scopeId: scope, hotkey: 'arrowleft', hotkeyToken: TOKENS.channel.threadCollapse, description: 'Collapse thread', registrationType: 'add', handlerPriority: HOTKEY_PRIORITY_HIGH, condition: () => options.isThreadFocused() && options.isThreadExpanded(), keyDownHandler: () => { options.collapseThread(); options.replySelection.clear(); return true; }, }",mechanical-needs-manual-review
registerHotkey,apps/web/src/features/channel/Thread/create-thread-hotkeys.ts,150,TOKENS.channel.threadExit,'escape',scope,,'Exit thread',,HOTKEY_PRIORITY_HIGH,options.isThreadFocused,,,,,'add',,,False,"{ scopeId: scope, hotkey: 'escape', hotkeyToken: TOKENS.channel.threadExit, description: 'Exit thread', registrationType: 'add', handlerPriority: HOTKEY_PRIORITY_HIGH, condition: options.isThreadFocused, keyDownHandler: () => { options.replySelection.clear(); return true; }, }",mechanical-needs-manual-review
registerHotkey,apps/web/src/features/channel/Thread/create-thread-hotkeys.ts,164,TOKENS.channel.threadReply,'enter',scope,,'Reply to thread',,HOTKEY_PRIORITY_HIGH,"() => canReplyToThreadFromHotkey({ isThreadFocused: options.isThreadFocused(), isEditing: options.isEditing(), })",,,,,'add',,,False,"{ scopeId: scope, hotkey: 'enter', hotkeyToken: TOKENS.channel.threadReply, description: 'Reply to thread', registrationType: 'add', handlerPriority: HOTKEY_PRIORITY_HIGH, condition: () => canReplyToThreadFromHotkey({ isThreadFocused: options.isThreadFocused(), isEditing: options.isEditing(), }), keyDownHandler: () => { const parentMsg = options.parentMessage(); const actions = options.getMessageActions(parentMsg); act",mechanical-needs-manual-review
registerHotkey,apps/web/src/features/channel/Thread/create-thread-hotkeys.ts,184,TOKENS.channel.threadEditReply,'e',scope,,'Edit reply',,HOTKEY_PRIORITY_HIGH,"() => { if (options.isEditing()) return false; const replyId = options.replySelection.selectedId(); if (!replyId) return false; const reply = getReplyById(replyId); return canEditThreadReplyFromHotkey({ isThreadFocused: options.isThreadFocused(), isEditing: options.isEditing(), hasSelectedReply: !!replyId, isOwnReply: !!reply && reply.sender_id === options.userId(), }); }",,,,,'add',,,False,"{ scopeId: scope, hotkey: 'e', hotkeyToken: TOKENS.channel.threadEditReply, description: 'Edit reply', registrationType: 'add', handlerPriority: HOTKEY_PRIORITY_HIGH, condition: () => { if (options.isEditing()) return false; const replyId = options.replySelection.selectedId(); if (!replyId) return false; const reply = getReplyById(replyId); return canEditThreadReplyFromHotkey({ isThreadFocused: options.isThreadFocused(), i",mechanical-needs-manual-review
registerHotkey,apps/web/src/features/channel/Thread/create-thread-hotkeys.ts,214,TOKENS.channel.threadDeleteReply,'backspace',scope,,'Delete reply',,HOTKEY_PRIORITY_HIGH,"() => { if (options.isEditing()) return false; const replyId = options.replySelection.selectedId(); if (!replyId) return false; const reply = getReplyById(replyId); return canDeleteThreadReplyFromHotkey({ isThreadFocused: options.isThreadFocused(), isEditing: options.isEditing(), hasSelectedReply: !!replyId, isOwnReply: !!reply && reply.sender_id === options.userId(), isBotReply: !!reply && isBotMessage(reply), }); }",,,,,'add',,,False,"{ scopeId: scope, hotkey: 'backspace', hotkeyToken: TOKENS.channel.threadDeleteReply, description: 'Delete reply', registrationType: 'add', handlerPriority: HOTKEY_PRIORITY_HIGH, condition: () => { if (options.isEditing()) return false; const replyId = options.replySelection.selectedId(); if (!replyId) return false; const reply = getReplyById(replyId); return canDeleteThreadReplyFromHotkey({ isThreadFocused: options.isThreadFocuse",mechanical-needs-manual-review
registerHotkey,apps/web/src/features/channel/Thread/create-thread-hotkeys.ts,249,TOKENS.channel.cancelReply,'escape',replyInputScope,,'Cancel reply',,,,,true,,,,,,False,"{ scopeId: replyInputScope, hotkey: 'escape', hotkeyToken: TOKENS.channel.cancelReply, description: 'Cancel reply', runWithInputFocused: true, keyDownHandler: () => { options.setIsReplying(false); return true; }, }",mechanical-needs-manual-review
registerHotkey,apps/web/src/features/chat/SoupChatInput.tsx,57,TOKENS.chat.input.focus,'cmd+j',splitPanelContext.splitHotkeyScope,,'Focus AI chat',,,,,,,,,,,False,"{ hotkey: 'cmd+j', scopeId: splitPanelContext.splitHotkeyScope, hotkeyToken: TOKENS.chat.input.focus, description: 'Focus AI chat', keyDownHandler: () => { editor.controls.focus(); return true; }, }",mechanical-needs-manual-review
registerHotkey,apps/web/src/features/command/CommandMenu.tsx,378,,"['arrowdown', 'ctrl+j']",hotkeyScope,,'Move selection down',,,,true,true,,,,,,False,"{ hotkey: ['arrowdown', 'ctrl+j'], scopeId: hotkeyScope, description: 'Move selection down', keyDownHandler: () => { const items = filteredItems(); if (items.length === 0) return false; if ( CommandState.selectedIndex() >= items.length - 1 && (pagination?.hasMore() || pagination?.isLoadingMore()) ) { if (!pagination?.isLoadingMore()) void pagination?.loadMore(); return true; } return listController.selectNext();",mechanical-needs-manual-review
registerHotkey,apps/web/src/features/command/CommandMenu.tsx,398,,"['arrowup', 'ctrl+k']",hotkeyScope,,'Move selection up',,,,true,true,,,,,,False,"{ hotkey: ['arrowup', 'ctrl+k'], scopeId: hotkeyScope, description: 'Move selection up', keyDownHandler: () => { const items = filteredItems(); if (items.length === 0) return false; return listController.selectPrevious(); }, runWithInputFocused: true, hide: true, }",mechanical-needs-manual-review
registerHotkey,apps/web/src/features/command/CommandMenu.tsx,411,,'enter',hotkeyScope,,'Select item',,,,,true,,,,,,False,"{ hotkey: 'enter', scopeId: hotkeyScope, description: 'Select item', keyDownHandler: () => { const item = selectedItem(); if (item) { handleItemAction(item, false); return true; } return false; }, runWithInputFocused: true, }",mechanical-needs-manual-review
registerHotkey,apps/web/src/features/command/CommandMenu.tsx,426,,'shift+enter',hotkeyScope,,'Open in new split',,,,,true,,,,,,False,"{ hotkey: 'shift+enter', scopeId: hotkeyScope, description: 'Open in new split', keyDownHandler: () => { const item = selectedItem(); if (item) { handleItemAction(item, true); return true; } return false; }, runWithInputFocused: true, }",mechanical-needs-manual-review
registerHotkey,apps/web/src/features/command/CommandMenu.tsx,441,,'escape',hotkeyScope,,'Close command menu',,,,true,true,,,,,,False,"{ hotkey: 'escape', scopeId: hotkeyScope, description: 'Close command menu', keyDownHandler: () => { // If in command scope, go back to main menu if (CommandState.commandScopeCommands().length > 0) { CommandState.clearCommandScopeCommands(); CommandState.setSelectedIndex(0); setActiveScope(hotkeyScope); return true; } // Entity action mode and normal mode both close the menu CommandState.close(); return true;",mechanical-needs-manual-review
registerHotkey,apps/web/src/features/command/CommandMenu.tsx,462,,'backspace',hotkeyScope,,'Go back',,,,true,true,,,,,,False,"{ hotkey: 'backspace', scopeId: hotkeyScope, description: 'Go back', keyDownHandler: () => { // Only handle if query is empty if (CommandState.query() !== '') { return false; } // If in command scope, go back if (CommandState.commandScopeCommands().length > 0) { CommandState.clearCommandScopeCommands(); CommandState.setSelectedIndex(0); setActiveScope(hotkeyScope); return true; } // Entity action mo",mechanical-needs-manual-review
registerHotkey,apps/web/src/features/command/CommandMenu.tsx,485,,'tab',hotkeyScope,,'Next category',,,,true,true,,,,,,False,"{ hotkey: 'tab', scopeId: hotkeyScope, description: 'Next category', keyDownHandler: () => { const currentIndex = CATEGORIES.findIndex( (c) => c.id === CommandState.categoryFilter() ); const nextIndex = (currentIndex + 1) % CATEGORIES.length; CommandState.setCategoryFilter(CATEGORIES[nextIndex].id); return true; }, runWithInputFocused: true, hide: true, }",mechanical-needs-manual-review
registerHotkey,apps/web/src/features/command/CommandMenu.tsx,501,,'shift+tab',hotkeyScope,,'Previous category',,,,true,true,,,,,,False,"{ hotkey: 'shift+tab', scopeId: hotkeyScope, description: 'Previous category', keyDownHandler: () => { const currentIndex = CATEGORIES.findIndex( (c) => c.id === CommandState.categoryFilter() ); const prevIndex = (currentIndex - 1 + CATEGORIES.length) % CATEGORIES.length; CommandState.setCategoryFilter(CATEGORIES[prevIndex].id); return true; }, runWithInputFocused: true, hide: true, }",mechanical-needs-manual-review
registerScope,apps/web/src/features/command/FavoritesCommands.tsx,15,,,FAVORITES_COMMAND_SCOPE,'global',,,,,,,,,,,,False,"{ parentScopeId: 'global', scopeId: FAVORITES_COMMAND_SCOPE, type: 'command', }",mechanical-needs-manual-review
registerHotkey,apps/web/src/features/command/FavoritesCommands.tsx,55,,,'global',,'Favorites',,,() => (favoritesData()?.favorites.length ?? 0) > 0,,,,FAVORITES_COMMAND_SCOPE,,,FAVORITES_KEYWORDS,False,"{ scopeId: 'global', description: 'Favorites', // An empty sub-view is a dead end, so hide the command until the user // has favorites. condition: () => (favoritesData()?.favorites.length ?? 0) > 0, keyDownHandler: () => true, activateCommandScopeId: FAVORITES_COMMAND_SCOPE, keywords: FAVORITES_KEYWORDS, icon: Star, }",mechanical-needs-manual-review
registerHotkey,apps/web/src/features/command/FavoritesCommands.tsx,77,,,FAVORITES_COMMAND_SCOPE,,() => favoriteDisplayName(favorite),,,,,true,,,,,,True,"{ scopeId: FAVORITES_COMMAND_SCOPE, // A callback so each render re-reads the preview cache, where // names resolve (and renames land), warmed by the sidebar's // favorite rows. description: () => favoriteDisplayName(favorite), keyDownHandler: () => { openFavorite(favorite); return true; }, commandPaletteIcon: (props) => ( <FavoriteIcon favorite={favorite} class={props.class} />",mechanical-needs-manual-review
registerHotkey,apps/web/src/features/command/Launcher.tsx,737,item.hotkeyToken,item.hotkey,launcherScope,,item.description,,,,,,,,,,,True,"{ hotkeyToken: item.hotkeyToken, hotkey: item.hotkey, scopeId: launcherScope, description: item.description, keyDownHandler: () => { return runLauncherItem(item, false); }, }",mechanical-needs-manual-review
registerHotkey,apps/web/src/features/command/Launcher.tsx,748,item.altHotkeyToken,`shift+${item.hotkey}` as ValidHotkey,launcherScope,,`${item.description} in new split`,,,,,,,,,,,True,"{ hotkeyToken: item.altHotkeyToken, hotkey: `shift+${item.hotkey}` as ValidHotkey, scopeId: launcherScope, description: `${item.description} in new split`, keyDownHandler: () => { return runLauncherItem(item); }, }",mechanical-needs-manual-review
registerHotkey,apps/web/src/features/command/Launcher.tsx,760,,'c',launcherScope,,'Close Launcher',,,createMenuOpen,,,,,,,,False,"{ hotkey: 'c', scopeId: launcherScope, description: 'Close Launcher', condition: createMenuOpen, keyDownHandler: () => { setCreateMenuOpen(false); return true; }, }",mechanical-needs-manual-review
registerHotkey,apps/web/src/features/command/Launcher.tsx,771,,"['arrowup', 'ctrl+k', 'shift+tab']",launcherScope,,'Navigate up',,,,,true,,,,,,False,"{ hotkey: ['arrowup', 'ctrl+k', 'shift+tab'], scopeId: launcherScope, description: 'Navigate up', keyDownHandler: (event) => { event?.preventDefault(); return listController.selectPrevious(); }, runWithInputFocused: true, }",mechanical-needs-manual-review
registerHotkey,apps/web/src/features/command/Launcher.tsx,782,,"['arrowdown', 'ctrl+j', 'tab']",launcherScope,,'Navigate down',,,,,true,,,,,,False,"{ hotkey: ['arrowdown', 'ctrl+j', 'tab'], scopeId: launcherScope, description: 'Navigate down', keyDownHandler: (event) => { event?.preventDefault(); return listController.selectNext(); }, runWithInputFocused: true, }",mechanical-needs-manual-review
registerHotkey,apps/web/src/features/command/Launcher.tsx,793,,'escape',launcherScope,,'Exit',,,,,,,,,,,False,"{ hotkey: 'escape', scopeId: launcherScope, description: 'Exit', keyDownHandler: () => { props.onClose(); return true; }, }",mechanical-needs-manual-review
registerHotkey,apps/web/src/features/command/Launcher.tsx,803,,'shift+enter',launcherScope,,'Open in new split',7,,,,true,,,,,,False,"{ hotkey: 'shift+enter', scopeId: launcherScope, description: 'Open in new split', keyDownHandler: () => { return runLauncherItem(blocks()[focusedIndex()]); }, runWithInputFocused: true, displayPriority: 7, }",mechanical-needs-manual-review
registerHotkey,apps/web/src/features/command/Launcher.tsx,814,,'enter' as ValidHotkey,launcherScope,,'Open in current split',8,,,,true,,,,,,False,"{ hotkey: 'enter' as ValidHotkey, scopeId: launcherScope, description: 'Open in current split', keyDownHandler: () => { return runLauncherItem(blocks()[focusedIndex()]); }, runWithInputFocused: true, displayPriority: 8, }",mechanical-needs-manual-review
registerHotkey,apps/web/src/features/entity/bulk-edit/BulkMoveToProjectView.tsx,58,,"['arrowdown', 'ctrl+j']",moveToProjectHotkeyScopeId,,'Down',,,,,true,,,,,,False,"{ hotkey: ['arrowdown', 'ctrl+j'], scopeId: moveToProjectHotkeyScopeId, description: 'Down', keyDownHandler: () => { if (isCreatingFolder()) return false; const items = flattenedProjects().items; if (items.length === 0) return false; const currentIndex = focusedIndex(); const nextIndex = currentIndex === -1 ? 0 : Math.min(currentIndex + 1, items.length - 1); setFocusedIndex(nextIndex);",mechanical-needs-manual-review
registerHotkey,apps/web/src/features/entity/bulk-edit/BulkMoveToProjectView.tsx,88,,"['arrowup', 'ctrl+k']",moveToProjectHotkeyScopeId,,'Up',,,,,true,,,,,,False,"{ hotkey: ['arrowup', 'ctrl+k'], scopeId: moveToProjectHotkeyScopeId, description: 'Up', keyDownHandler: () => { if (isCreatingFolder()) return false; const items = flattenedProjects().items; if (items.length === 0) return false; const currentIndex = focusedIndex(); const prevIndex = currentIndex === -1 ? items.length - 1 : Math.max(currentIndex - 1, 0); setFocusedIndex(prevIndex);",mechanical-needs-manual-review
registerHotkey,apps/web/src/features/entity/bulk-edit/BulkMoveToProjectView.tsx,118,,['arrowright'],moveToProjectHotkeyScopeId,,'Expand',,,,,true,,,,,,False,"{ hotkey: ['arrowright'], scopeId: moveToProjectHotkeyScopeId, description: 'Expand', keyDownHandler: () => { if (isCreatingFolder()) return false; const items = flattenedProjects().items; const currentIndex = focusedIndex(); if (currentIndex === -1) return false; const currentProject = items[currentIndex]; if (currentProject && !searchQuery()) { const tree = projectTree(); const hasChildren =",mechanical-needs-manual-review
registerHotkey,apps/web/src/features/entity/bulk-edit/BulkMoveToProjectView.tsx,166,,['arrowleft'],moveToProjectHotkeyScopeId,,'Collapse',,,,,true,,,,,,False,"{ hotkey: ['arrowleft'], scopeId: moveToProjectHotkeyScopeId, description: 'Collapse', keyDownHandler: () => { if (isCreatingFolder()) return false; const items = flattenedProjects().items; const currentIndex = focusedIndex(); if (currentIndex === -1) return false; const currentProject = items[currentIndex]; if (currentProject && !searchQuery()) { const isExpanded = expandedProjects()[currentProject.id];",mechanical-needs-manual-review
registerHotkey,apps/web/src/features/entity/entity-modal/MoveToProjectView.tsx,53,,['arrowdown'],moveToProjectHotkeyScopeId,,'Down',,,,,true,,,,,,False,"{ hotkey: ['arrowdown'], scopeId: moveToProjectHotkeyScopeId, description: 'Down', keyDownHandler: () => { const items = flattenedProjects.items; if (items.length === 0) return false; const currentIndex = focusedIndex(); const nextIndex = currentIndex === -1 ? 0 : Math.min(currentIndex + 1, items.length - 1); setFocusedIndex(nextIndex); // Update selection const nextProject = items",mechanical-needs-manual-review
registerHotkey,apps/web/src/features/entity/entity-modal/MoveToProjectView.tsx,82,,['arrowup'],moveToProjectHotkeyScopeId,,'Up',,,,,true,,,,,,False,"{ hotkey: ['arrowup'], scopeId: moveToProjectHotkeyScopeId, description: 'Up', keyDownHandler: () => { const items = flattenedProjects.items; if (items.length === 0) return false; const currentIndex = focusedIndex(); const prevIndex = currentIndex === -1 ? items.length - 1 : Math.max(currentIndex - 1, 0); setFocusedIndex(prevIndex); // Update selection const prevProject = items[pre",mechanical-needs-manual-review
registerHotkey,apps/web/src/features/entity/entity-modal/MoveToProjectView.tsx,111,,['arrowright'],moveToProjectHotkeyScopeId,,'Expand',,,,,true,,,,,,False,"{ hotkey: ['arrowright'], scopeId: moveToProjectHotkeyScopeId, description: 'Expand', keyDownHandler: () => { const items = flattenedProjects.items; const currentIndex = focusedIndex(); if (currentIndex === -1) return false; const currentProject = items[currentIndex]; if (currentProject && !searchQuery()) { // Check if project has children and is not expanded const tree = projectTree(); const hasChildr",mechanical-needs-manual-review
registerHotkey,apps/web/src/features/entity/entity-modal/MoveToProjectView.tsx,156,,['arrowleft'],moveToProjectHotkeyScopeId,,'Collapse',,,,,true,,,,,,False,"{ hotkey: ['arrowleft'], scopeId: moveToProjectHotkeyScopeId, description: 'Collapse', keyDownHandler: () => { const items = flattenedProjects.items; const currentIndex = focusedIndex(); if (currentIndex === -1) return false; const currentProject = items[currentIndex]; if (currentProject && !searchQuery()) { // Check if project is expanded const isExpanded = expandedProjects()[currentProject.id]; if (",mechanical-needs-manual-review
registerHotkey,apps/web/src/features/home/home.tsx,205,TOKENS.block.focus,'enter',splitPanelContext.splitHotkeyScope,,'Focus Chat Input',,,,true,,,,,,,False,"{ hotkey: 'enter', scopeId: splitPanelContext.splitHotkeyScope, description: 'Focus Chat Input', keyDownHandler: () => { editor.controls.focus(); return true; }, hotkeyToken: TOKENS.block.focus, hide: true, }",mechanical-needs-manual-review
registerHotkey,apps/web/src/features/next-soup/actions/use-block-entity-commands.ts,176,TOKENS.entity.action.markDone,['e'],,,'Mark done',10,,() => { if (!canUseMarkDoneHotkey()) return false; const entity = getEntity(); return entity !== undefined && markDone.canExecute(entity); },,,,,,[HotkeyTags.SelectionModification],,False,"{ hotkey: ['e'], hotkeyToken: TOKENS.entity.action.markDone, scopeId, description: 'Mark done', keyDownHandler: runMarkDone, condition: () => { if (!canUseMarkDoneHotkey()) return false; const entity = getEntity(); return entity !== undefined && markDone.canExecute(entity); }, displayPriority: 10, tags: [HotkeyTags.SelectionModification], }",mechanical-needs-manual-review
registerHotkey,apps/web/src/features/next-soup/actions/use-block-entity-commands.ts,193,,,,,'Mark done',10,,() => { if (canUseMarkDoneHotkey()) return false; const entity = getEntity(); return entity !== undefined && markDone.canExecute(entity); },,,,,,[HotkeyTags.SelectionModification],,False,"{ scopeId, description: 'Mark done', keyDownHandler: runMarkDone, condition: () => { if (canUseMarkDoneHotkey()) return false; const entity = getEntity(); return entity !== undefined && markDone.canExecute(entity); }, displayPriority: 10, tags: [HotkeyTags.SelectionModification], }",mechanical-needs-manual-review
registerHotkey,apps/web/src/features/next-soup/actions/use-block-entity-commands.ts,206,,,,,'Delete item',10,,() => { const entity = getEntity(); return entity !== undefined && deleteAction.canExecute(entity); },,,,,,[HotkeyTags.SelectionModification],,False,"{ scopeId, description: 'Delete item', keyDownHandler: () => { const entity = getEntity(); if (!entity) return false; if (!deleteAction.canExecute(entity)) return false; deleteAction.execute([entity]); return true; }, condition: () => { const entity = getEntity(); return entity !== undefined && deleteAction.canExecute(entity); }, displayPriority: 10, tags: [HotkeyTags.SelectionModification],",mechanical-needs-manual-review
registerHotkey,apps/web/src/features/next-soup/actions/use-block-entity-commands.ts,224,TOKENS.entity.action.rename,['r'],,,'Rename item',10,,() => { const entity = getEntity(); return entity !== undefined && renameAction.canExecute(entity); },,,,,,[HotkeyTags.SelectionModification],,False,"{ hotkey: ['r'], hotkeyToken: TOKENS.entity.action.rename, scopeId, description: 'Rename item', keyDownHandler: () => { const entity = getEntity(); if (!entity) return false; if (!renameAction.canExecute(entity)) return false; renameAction.execute([entity]); return true; }, condition: () => { const entity = getEntity(); return entity !== undefined && renameAction.canExecute(entity); }, d",mechanical-needs-manual-review
registerHotkey,apps/web/src/features/next-soup/actions/use-block-entity-commands.ts,245,TOKENS.entity.action.favorite,['opt+f'],,,() => { const entity = getEntity(); return entity && favoriteAction.isFavorited(entity) ? 'Unfavorite' : 'Favorite'; },10,,() => { const entity = getEntity(); return entity !== undefined && favoriteAction.canExecute(entity); },,,,,,[HotkeyTags.SelectionModification],,False,"{ hotkey: ['opt+f'], hotkeyToken: TOKENS.entity.action.favorite, scopeId, description: () => { const entity = getEntity(); return entity && favoriteAction.isFavorited(entity) ? 'Unfavorite' : 'Favorite'; }, keyDownHandler: () => { const entity = getEntity(); if (!entity) return false; if (!favoriteAction.canExecute(entity)) return false; favoriteAction.execute([entity]); return true;",mechanical-needs-manual-review
registerHotkey,apps/web/src/features/next-soup/actions/use-block-entity-commands.ts,270,,,,,'Duplicate item',10,,() => { const entity = getEntity(); return entity !== undefined && copyAction.canExecute(entity); },,,,,,[HotkeyTags.SelectionModification],,False,"{ scopeId, description: 'Duplicate item', keyDownHandler: () => { const entity = getEntity(); if (!entity) return false; if (!copyAction.canExecute(entity)) return false; copyAction.execute([entity]); return true; }, condition: () => { const entity = getEntity(); return entity !== undefined && copyAction.canExecute(entity); }, displayPriority: 10, tags: [HotkeyTags.SelectionModification],",mechanical-needs-manual-review
registerHotkey,apps/web/src/features/next-soup/actions/use-block-entity-commands.ts,289,TOKENS.entity.action.moveToFolder,['m'],,,'Move to folder',10,,() => { const entity = getEntity(); return entity !== undefined && moveToProjectAction.canExecute(entity); },,,,,,[HotkeyTags.SelectionModification],,False,"{ hotkey: ['m'], hotkeyToken: TOKENS.entity.action.moveToFolder, scopeId, description: 'Move to folder', keyDownHandler: (e) => { const entity = getEntity(); if (!entity) return false; e?.AT_TARGET; if (!moveToProjectAction.canExecute(entity)) return false; moveToProjectAction.execute([entity]); return true; }, condition: () => { const entity = getEntity(); return entity !== undefined && mov",mechanical-needs-manual-review
registerHotkey,apps/web/src/features/next-soup/actions/use-block-entity-commands.ts,311,TOKENS.entity.action.copyLink,['shift+cmd+c'],,,'Copy link',10,,() => { const entity = getEntity(); return entity !== undefined && copyLinkAction.canExecute(entity); },,true,,,,[HotkeyTags.SelectionModification],,False,"{ hotkey: ['shift+cmd+c'], hotkeyToken: TOKENS.entity.action.copyLink, scopeId, description: 'Copy link', keyDownHandler: () => { const entity = getEntity(); if (!entity) return true; if (!copyLinkAction.canExecute(entity)) return true; copyLinkAction.execute([entity]); return true; }, condition: () => { const entity = getEntity(); return entity !== undefined && copyLinkAction.canExecute(entity);",mechanical-needs-manual-review
registerHotkey,apps/web/src/features/next-soup/actions/use-block-entity-commands.ts,333,TOKENS.entity.action.copyBranchName,['shift+cmd+b'],,,'Copy branch name',10,,() => { const entity = getEntity(); return entity !== undefined && copyBranchNameAction.canExecute(entity); },,,,,,[HotkeyTags.SelectionModification],,False,"{ hotkey: ['shift+cmd+b'], hotkeyToken: TOKENS.entity.action.copyBranchName, scopeId, description: 'Copy branch name', keyDownHandler: () => { const entity = getEntity(); if (!entity) return false; if (!copyBranchNameAction.canExecute(entity)) return false; copyBranchNameAction.execute([entity]); return true; }, condition: () => { const entity = getEntity(); return entity !== undefined && copyBranch",mechanical-needs-manual-review
registerHotkey,apps/web/src/features/next-soup/actions/use-block-entity-commands.ts,360,TOKENS.entity.action.copyEntityId,,,,'Copy ID',10,,,,,,,,[HotkeyTags.SelectionModification],,False,"{ hotkeyToken: TOKENS.entity.action.copyEntityId, scopeId, description: 'Copy ID', keyDownHandler: () => { copyEntityIdAction.executeById(blockId); return true; }, displayPriority: 10, tags: [HotkeyTags.SelectionModification], }",mechanical-needs-manual-review
registerHotkey,apps/web/src/features/next-soup/actions/use-block-entity-commands.ts,375,TOKENS.entity.action.createReminder,['h'],,,'Remind me',10,,() => { if (!canUseReminderHotkey()) return false; const entity = getEntity(); return entity !== undefined && createReminderAction.canExecute(entity); },,,,,'add',[HotkeyTags.SelectionModification],,False,"{ hotkey: ['h'], hotkeyToken: TOKENS.entity.action.createReminder, scopeId, description: 'Remind me', keyDownHandler: runCreateReminder, condition: () => { if (!canUseReminderHotkey()) return false; const entity = getEntity(); return entity !== undefined && createReminderAction.canExecute(entity); }, registrationType: 'add', displayPriority: 10, tags: [HotkeyTags.SelectionModification], }",mechanical-needs-manual-review
registerHotkey,apps/web/src/features/next-soup/actions/use-block-entity-commands.ts,393,,,,,'Remind me',10,,() => { if (canUseReminderHotkey()) return false; const entity = getEntity(); return entity !== undefined && createReminderAction.canExecute(entity); },,,,,,[HotkeyTags.SelectionModification],,False,"{ scopeId, description: 'Remind me', keyDownHandler: runCreateReminder, condition: () => { if (canUseReminderHotkey()) return false; const entity = getEntity(); return entity !== undefined && createReminderAction.canExecute(entity); }, displayPriority: 10, tags: [HotkeyTags.SelectionModification], }",mechanical-needs-manual-review
registerHotkey,apps/web/src/features/next-soup/actions/use-block-entity-commands.ts,407,TOKENS.entity.action.properties,['shift+cmd+o'],,,'Open property editor',10,,() => { const entity = getEntity(); return entity !== undefined && isTaskEntity(entity); },,,,,,[HotkeyTags.SelectionModification],,False,"{ hotkey: ['shift+cmd+o'], hotkeyToken: TOKENS.entity.action.properties, scopeId, description: 'Open property editor', keyDownHandler: () => { openPropertyEditorIfSelected('selector'); return true; }, condition: () => { const entity = getEntity(); return entity !== undefined && isTaskEntity(entity); }, displayPriority: 10, tags: [HotkeyTags.SelectionModification], }",mechanical-needs-manual-review
registerHotkey,apps/web/src/features/next-soup/actions/use-block-entity-commands.ts,425,TOKENS.entity.action.tags,['t'],,,'Tag item',10,,() => { const entity = getEntity(); return entity !== undefined && canAssignTags(entity); },,,,,,[HotkeyTags.SelectionModification],,False,"{ hotkey: ['t'], hotkeyToken: TOKENS.entity.action.tags, scopeId, description: 'Tag item', keyDownHandler: () => { const entity = getEntity(); if (!entity) return false; openPropertyEditor([entity], 'tag', undefined, { restoreFocus: () => { if (soup) return restoreSoupFocus(entity.id); }, }); return true; }, condition: () => { const entity = getEntity(); return entity",mechanical-needs-manual-review
registerHotkey,apps/web/src/features/next-soup/actions/use-block-entity-commands.ts,449,TOKENS.entity.action.priority,['shift+cmd+p'],,,'Set priority',10,,() => { const entity = getEntity(); return ( entity !== undefined && isTaskEntity(entity) && Boolean(priority()) ); },,,,,,[HotkeyTags.SelectionModification],,False,"{ hotkey: ['shift+cmd+p'], hotkeyToken: TOKENS.entity.action.priority, scopeId, description: 'Set priority', keyDownHandler: () => { openPropertyEditorIfSelected('direct', priority()); return true; }, condition: () => { const entity = getEntity(); return ( entity !== undefined && isTaskEntity(entity) && Boolean(priority()) ); }, displayPriority: 10, tags: [HotkeyTags.SelectionModificatio",mechanical-needs-manual-review
registerHotkey,apps/web/src/features/next-soup/actions/use-block-entity-commands.ts,469,TOKENS.entity.action.assignee,['shift+cmd+a'],,,'Set assignee',10,,() => { const entity = getEntity(); return ( entity !== undefined && isTaskEntity(entity) && Boolean(assignees()) ); },,,,,,[HotkeyTags.SelectionModification],,False,"{ hotkey: ['shift+cmd+a'], hotkeyToken: TOKENS.entity.action.assignee, scopeId, description: 'Set assignee', keyDownHandler: () => { openPropertyEditorIfSelected('direct', assignees()); return true; }, condition: () => { const entity = getEntity(); return ( entity !== undefined && isTaskEntity(entity) && Boolean(assignees()) ); }, displayPriority: 10, tags: [HotkeyTags.SelectionModificat",mechanical-needs-manual-review
registerHotkey,apps/web/src/features/next-soup/actions/use-block-entity-commands.ts,489,TOKENS.entity.action.status,['shift+cmd+s'],,,'Set status',10,,() => { const entity = getEntity(); return ( entity !== undefined && isTaskEntity(entity) && Boolean(status()) ); },,,,,,[HotkeyTags.SelectionModification],,False,"{ hotkey: ['shift+cmd+s'], hotkeyToken: TOKENS.entity.action.status, scopeId, description: 'Set status', keyDownHandler: () => { openPropertyEditorIfSelected('direct', status()); return true; }, condition: () => { const entity = getEntity(); return ( entity !== undefined && isTaskEntity(entity) && Boolean(status()) ); }, displayPriority: 10, tags: [HotkeyTags.SelectionModification],",mechanical-needs-manual-review
registerHotkey,apps/web/src/features/next-soup/actions/use-entity-action-hotkeys.ts,164,TOKENS.entity.action.markDone,['e'],,,'Mark done',10,,"() => { if (condition && !condition()) return false; const contentId = splitHandle?.content().id; const soupViewTab = options.activeSoupViewTab?.(); if ( !isListViewID(contentId) || (soupViewTab && !canExecuteMarkDoneOnView(contentId, soupViewTab)) ) return false; const entities = getEntitiesForAction(); return entities.length > 0 && entities.every(markDone.canExecute); }",,,,,,[HotkeyTags.SelectionModification],,False,"{ hotkey: ['e'], hotkeyToken: TOKENS.entity.action.markDone, scopeId, description: 'Mark done', keyDownHandler: () => { const entities = getEntitiesForAction(); if (entities.length === 0) return false; if (!entities.every(markDone.canExecute)) return false; markDone.executeWithSoup(entities, soup, openNextEntity); return true; }, condition: () => { if (condition && !condition()) return false; const contentId = splitHandle?.c",mechanical-needs-manual-review
registerHotkey,apps/web/src/features/next-soup/actions/use-entity-action-hotkeys.ts,198,TOKENS.entity.action.markNotDone,['shift+e'],,,'Mark as not done',10,,"() => { if (condition && !condition()) return false; const contentId = splitHandle?.content().id; const soupViewTab = options.activeSoupViewTab?.(); if ( !isListViewID(contentId) || (soupViewTab && !canExecuteMarkDoneOnView(contentId, soupViewTab)) ) return false; const entities = getEntitiesForAction(); return entities.length > 0 && entities.every(markNotDone.canExecute); }",,,,,,[HotkeyTags.SelectionModification],,False,"{ hotkey: ['shift+e'], hotkeyToken: TOKENS.entity.action.markNotDone, scopeId, description: 'Mark as not done', keyDownHandler: () => { const entities = getEntitiesForAction(); if (entities.length === 0) return false; if (!entities.every(markNotDone.canExecute)) return false; markNotDone.executeWithSoup(entities, soup); return true; }, condition: () => { if (condition && !condition()) return false; const contentId = splitHan",mechanical-needs-manual-review
registerHotkey,apps/web/src/features/next-soup/actions/use-entity-action-hotkeys.ts,232,TOKENS.entity.action.markUnread,['u'],,,'Mark unread',9,,() => { if (condition && !condition()) return false; const entities = getEntitiesForAction(); return entities.length > 0 && entities.every(markUnread.canExecute); },,,,,,[HotkeyTags.SelectionModification],,False,"{ hotkey: ['u'], hotkeyToken: TOKENS.entity.action.markUnread, scopeId, description: 'Mark unread', keyDownHandler: () => { const entities = getEntitiesForAction(); if (entities.length === 0) return false; if (!entities.every(markUnread.canExecute)) return false; markUnread.executeWithSoup(entities, soup); return true; }, condition: () => { if (condition && !condition()) return false; const entities = getEntitiesForAction();",mechanical-needs-manual-review
registerHotkey,apps/web/src/features/next-soup/actions/use-entity-action-hotkeys.ts,255,TOKENS.entity.action.markRead,['shift+u'],,,'Mark read',9,,() => { if (condition && !condition()) return false; const entities = getEntitiesForAction(); return ( entities.length > 0 && entities.every((e) => e.type === 'email') && entities.some(markRead.canExecute) ); },,,,,,[HotkeyTags.SelectionModification],,False,"{ hotkey: ['shift+u'], hotkeyToken: TOKENS.entity.action.markRead, scopeId, description: 'Mark read', keyDownHandler: () => { const entities = getEntitiesForAction(); if (entities.length === 0) return false; if (!entities.some(markRead.canExecute)) return false; markRead.executeWithSoup(entities, soup); return true; }, condition: () => { if (condition && !condition()) return false; const entities = getEntitiesForAction();",mechanical-needs-manual-review
registerHotkey,apps/web/src/features/next-soup/actions/use-entity-action-hotkeys.ts,282,TOKENS.entity.action.delete,"['delete', 'backspace']",,,() => { const count = getEntitiesForAction().length; return count > 1 ? 'Delete items' : 'Delete item'; },10,,() => { if (condition && !condition()) return false; const entities = getEntitiesForAction(); return entities.length > 0 && entities.every(deleteAction.canExecute); },,,,,,[HotkeyTags.SelectionModification],,False,"{ hotkey: ['delete', 'backspace'], hotkeyToken: TOKENS.entity.action.delete, scopeId, description: () => { const count = getEntitiesForAction().length; return count > 1 ? 'Delete items' : 'Delete item'; }, keyDownHandler: () => { const entities = getEntitiesForAction(); if (entities.length === 0) return false; if (!entities.every(deleteAction.canExecute)) return false; deleteAction.executeWithSoup(entities, soup); return true;",mechanical-needs-manual-review
registerHotkey,apps/web/src/features/next-soup/actions/use-entity-action-hotkeys.ts,323,TOKENS.entity.action.rename,['r'],,,() => { if (editsReminder()) return 'Edit reminder'; const count = getEntitiesForAction().length; return count > 1 ? 'Rename items' : 'Rename item'; },10,,() => { if (condition && !condition()) return false; if (editsReminder()) return true; const entities = getEntitiesForAction(); return entities.length > 0 && entities.every(renameAction.canExecute); },,,,,,[HotkeyTags.SelectionModification],,False,"{ hotkey: ['r'], hotkeyToken: TOKENS.entity.action.rename, scopeId, description: () => { if (editsReminder()) return 'Edit reminder'; const count = getEntitiesForAction().length; return count > 1 ? 'Rename items' : 'Rename item'; }, keyDownHandler: () => { const entities = getEntitiesForAction(); if (entities.length === 0) return false; if (editsReminder()) { editReminderAction.executeWithSoup(entities, soup); return tr",mechanical-needs-manual-review
registerHotkey,apps/web/src/features/next-soup/actions/use-entity-action-hotkeys.ts,357,TOKENS.entity.action.favorite,['opt+f'],,,() => { const entities = getEntitiesForAction(); const allFavorited = entities.length > 0 && entities.every((entity) => favoriteAction.isFavorited(entity)); return allFavorited ? 'Unfavorite' : 'Favorite'; },10,,() => { if (condition && !condition()) return false; const entities = getEntitiesForAction(); return entities.length > 0 && entities.every(favoriteAction.canExecute); },,,,,,[HotkeyTags.SelectionModification],,False,"{ hotkey: ['opt+f'], hotkeyToken: TOKENS.entity.action.favorite, scopeId, description: () => { const entities = getEntitiesForAction(); const allFavorited = entities.length > 0 && entities.every((entity) => favoriteAction.isFavorited(entity)); return allFavorited ? 'Unfavorite' : 'Favorite'; }, keyDownHandler: () => { const entities = getEntitiesForAction(); if (entities.length === 0) return false; if (!entities.every(fa",mechanical-needs-manual-review
registerHotkey,apps/web/src/features/next-soup/actions/use-entity-action-hotkeys.ts,386,TOKENS.entity.action.copy,['cmd+d'],,,() => { const count = getEntitiesForAction().length; return count > 1 ? 'Duplicate items' : 'Duplicate item'; },10,,() => { if (condition && !condition()) return false; const entities = getEntitiesForAction(); return entities.length > 0 && entities.every(copyAction.canExecute); },,,,,,[HotkeyTags.SelectionModification],,False,"{ hotkey: ['cmd+d'], hotkeyToken: TOKENS.entity.action.copy, scopeId, description: () => { const count = getEntitiesForAction().length; return count > 1 ? 'Duplicate items' : 'Duplicate item'; }, keyDownHandler: () => { const entities = getEntitiesForAction(); if (entities.length === 0) return false; if (!entities.every(copyAction.canExecute)) return false; copyAction.executeWithSoup(entities, soup); return true; }, condi",mechanical-needs-manual-review
registerHotkey,apps/web/src/features/next-soup/actions/use-entity-action-hotkeys.ts,412,TOKENS.entity.action.moveToFolder,['m'],,,() => { const count = getEntitiesForAction().length; return count > 1 ? 'Move items to folder' : 'Move to folder'; },10,,() => { if (condition && !condition()) return false; const entities = getEntitiesForAction(); return ( entities.length > 0 && entities.every(moveToProjectAction.canExecute) ); },,,,,,[HotkeyTags.SelectionModification],,False,"{ hotkey: ['m'], hotkeyToken: TOKENS.entity.action.moveToFolder, scopeId, description: () => { const count = getEntitiesForAction().length; return count > 1 ? 'Move items to folder' : 'Move to folder'; }, keyDownHandler: () => { const entities = getEntitiesForAction(); if (entities.length === 0) return false; if (!entities.every(moveToProjectAction.canExecute)) return false; moveToProjectAction.executeWithSoup(entities, soup); re",mechanical-needs-manual-review
registerHotkey,apps/web/src/features/next-soup/actions/use-entity-action-hotkeys.ts,440,TOKENS.entity.action.copyLink,['shift+cmd+c'],,,'Copy link',10,,() => { if (condition && !condition()) return false; const entities = getEntitiesForAction(); return entities.length === 1 && copyLinkAction.canExecute(entities[0]); },,,,,,[HotkeyTags.SelectionModification],,False,"{ hotkey: ['shift+cmd+c'], hotkeyToken: TOKENS.entity.action.copyLink, scopeId, description: 'Copy link', keyDownHandler: () => { const entities = getEntitiesForAction(); if (entities.length === 0) return false; if (!copyLinkAction.canExecute(entities[0])) return false; copyLinkAction.executeWithSoup(entities, soup); return true; }, condition: () => { if (condition && !condition()) return false; const entities = getEntitiesFor",mechanical-needs-manual-review
registerHotkey,apps/web/src/features/next-soup/actions/use-entity-action-hotkeys.ts,462,TOKENS.entity.action.copyBranchName,['shift+cmd+b'],,,'Copy branch name',10,,() => { if (condition && !condition()) return false; const entities = getEntitiesForAction(); return ( entities.length === 1 && copyBranchNameAction.canExecute(entities[0]) ); },,,,,,[HotkeyTags.SelectionModification],,False,"{ hotkey: ['shift+cmd+b'], hotkeyToken: TOKENS.entity.action.copyBranchName, scopeId, description: 'Copy branch name', keyDownHandler: () => { const entities = getEntitiesForAction(); if (entities.length === 0) return false; if (!copyBranchNameAction.canExecute(entities[0])) return false; copyBranchNameAction.executeWithSoup(entities, soup); return true; }, condition: () => { if (condition && !condition()) return false; const",mechanical-needs-manual-review
registerHotkey,apps/web/src/features/next-soup/actions/use-entity-action-hotkeys.ts,486,TOKENS.entity.action.copyEntityId,,,,'Copy ID',10,,() => { if (condition && !condition()) return false; const entities = getEntitiesForAction(); return ( entities.length === 1 && copyEntityIdAction.canExecute(entities[0]) ); },,,,,,[HotkeyTags.SelectionModification],,False,"{ hotkeyToken: TOKENS.entity.action.copyEntityId, scopeId, description: 'Copy ID', keyDownHandler: () => { const entities = getEntitiesForAction(); if (entities.length === 0) return false; if (!copyEntityIdAction.canExecute(entities[0])) return false; copyEntityIdAction.executeWithSoup(entities, soup); return true; }, condition: () => { if (condition && !condition()) return false; const entities = getEntitiesForAction(); ret",mechanical-needs-manual-review
registerHotkey,apps/web/src/features/next-soup/actions/use-entity-action-hotkeys.ts,512,TOKENS.entity.action.createReminder,['h'],,,'Remind me',10,,() => { if (condition && !condition()) return false; const entities = getEntitiesForAction(); return ( entities.length === 1 && createReminderAction.canExecute(entities[0]) ); },,,,,'add',[HotkeyTags.SelectionModification],,False,"{ hotkey: ['h'], hotkeyToken: TOKENS.entity.action.createReminder, scopeId, description: 'Remind me', keyDownHandler: () => { const entities = getEntitiesForAction(); if (entities.length !== 1) return false; if (!createReminderAction.canExecute(entities[0])) return false; createReminderAction.executeWithSoup(entities, soup); return true; }, condition: () => { if (condition && !condition()) return false; const entities = getEnt",mechanical-needs-manual-review
registerHotkey,apps/web/src/features/next-soup/actions/use-entity-action-hotkeys.ts,537,TOKENS.entity.action.share,,,,'Share',10,,() => { if (condition && !condition()) return false; const entities = getEntitiesForAction(); return entities.length === 1 && isShareableEntityType(entities[0].type); },,,,,,[HotkeyTags.SelectionModification],,False,"{ hotkeyToken: TOKENS.entity.action.share, scopeId, description: 'Share', keyDownHandler: () => { const entities = getEntitiesForAction(); if (entities.length === 0) return false; if (!shareAction.canExecute(entities[0])) return false; shareAction.executeWithSoup(entities, soup); return true; }, condition: () => { if (condition && !condition()) return false; const entities = getEntitiesForAction(); return entities.length ===",mechanical-needs-manual-review
registerHotkey,apps/web/src/features/next-soup/actions/use-entity-action-hotkeys.ts,558,TOKENS.entity.action.properties,['shift+cmd+o'],,,'Open property editor',10,,() => { if (condition && !condition()) return false; const entities = getEntitiesForAction(); return entities.length > 0 && entities.every(isTaskEntity); },,,,,,[HotkeyTags.SelectionModification],,False,"{ hotkey: ['shift+cmd+o'], hotkeyToken: TOKENS.entity.action.properties, tags: [HotkeyTags.SelectionModification], displayPriority: 10, description: 'Open property editor', keyDownHandler: () => { openPropertyEditorIfSelected('selector'); return true; }, condition: () => { if (condition && !condition()) return false; const entities = getEntitiesForAction(); return entities.length > 0 && entities.every(isTaskEntity); }, scopeId",mechanical-needs-manual-review
registerHotkey,apps/web/src/features/next-soup/actions/use-entity-action-hotkeys.ts,577,TOKENS.entity.action.tags,['t'],,,() => { const count = getEntitiesForAction().length; return count > 1 ? 'Tag items' : 'Tag item'; },10,,() => { if (condition && !condition()) return false; const entities = getEntitiesForAction(); return entities.length > 0 && entities.every(canAssignTags); },,,,,,[HotkeyTags.SelectionModification],,False,"{ hotkey: ['t'], hotkeyToken: TOKENS.entity.action.tags, tags: [HotkeyTags.SelectionModification], displayPriority: 10, description: () => { const count = getEntitiesForAction().length; return count > 1 ? 'Tag items' : 'Tag item'; }, keyDownHandler: () => { const entities = getEntitiesForAction(); if (entities.length === 0) return false; openPropertyEditor(entities, 'tag', undefined, { restoreFocus: () => restoreSoupFocus(entities",mechanical-needs-manual-review
registerHotkey,apps/web/src/features/next-soup/actions/use-entity-action-hotkeys.ts,603,TOKENS.entity.action.priority,['shift+cmd+p'],,,'Set priority',10,,() => { if (condition && !condition()) return false; const entities = getEntitiesForAction(); return ( entities.length > 0 && entities.every(isTaskEntity) && Boolean(priority()) ); },,,,,,[HotkeyTags.SelectionModification],,False,"{ hotkey: ['shift+cmd+p'], hotkeyToken: TOKENS.entity.action.priority, tags: [HotkeyTags.SelectionModification], displayPriority: 10, description: 'Set priority', keyDownHandler: () => { openPropertyEditorIfSelected('direct', priority()); return true; }, condition: () => { if (condition && !condition()) return false; const entities = getEntitiesForAction(); return ( entities.length > 0 && entities.every(isTaskEntity) &",mechanical-needs-manual-review
registerHotkey,apps/web/src/features/next-soup/actions/use-entity-action-hotkeys.ts,626,TOKENS.entity.action.assignee,['shift+cmd+a'],,,'Set assignee',10,,() => { if (condition && !condition()) return false; const entities = getEntitiesForAction(); return ( entities.length > 0 && entities.every(isTaskEntity) && Boolean(assignees()) ); },,,,,,[HotkeyTags.SelectionModification],,False,"{ hotkey: ['shift+cmd+a'], hotkeyToken: TOKENS.entity.action.assignee, tags: [HotkeyTags.SelectionModification], displayPriority: 10, description: 'Set assignee', keyDownHandler: () => { openPropertyEditorIfSelected('direct', assignees()); return true; }, condition: () => { if (condition && !condition()) return false; const entities = getEntitiesForAction(); return ( entities.length > 0 && entities.every(isTaskEntity)",mechanical-needs-manual-review
registerHotkey,apps/web/src/features/next-soup/actions/use-entity-action-hotkeys.ts,649,TOKENS.entity.action.status,['shift+cmd+s'],,,'Set status',10,,() => { if (condition && !condition()) return false; const entities = getEntitiesForAction(); return ( entities.length > 0 && entities.every(isTaskEntity) && Boolean(status()) ); },,,,,,[HotkeyTags.SelectionModification],,False,"{ hotkey: ['shift+cmd+s'], hotkeyToken: TOKENS.entity.action.status, tags: [HotkeyTags.SelectionModification], displayPriority: 10, description: 'Set status', keyDownHandler: () => { openPropertyEditorIfSelected('direct', status()); return true; }, condition: () => { if (condition && !condition()) return false; const entities = getEntitiesForAction(); return ( entities.length > 0 && entities.every(isTaskEntity) && Boolean(stat",mechanical-needs-manual-review
registerHotkey,apps/web/src/features/next-soup/actions/use-entity-action-hotkeys.ts,681,token,,,,label,10,,() => { if (condition && !condition()) return false; const entities = getEntitiesForAction(); return ( entities.length > 0 && entities.every(setCompanyPropertyAction.canExecute) ); },,,,,,[HotkeyTags.SelectionModification],,True,"{ hotkeyToken: token, tags: [HotkeyTags.SelectionModification], displayPriority: 10, description: label, keyDownHandler: () => { const entities = getEntitiesForAction(); if (entities.length === 0) return false; if (!entities.every(setCompanyPropertyAction.canExecute)) return false; setCompanyPropertyAction.execute(entities, field); return true; }, condition: () => { if (condition && !condition()) return fal",mechanical-needs-manual-review
registerHotkey,apps/web/src/features/next-soup/soup-view/filters-bar/search/search-filters-row.tsx,19,TOKENS.soup.filter,'f',panel.splitHotkeyScope,,'Filter by type',,,,,,,,,,,False,"{ hotkey: 'f', scopeId: panel.splitHotkeyScope, description: 'Filter by type', hotkeyToken: TOKENS.soup.filter, keyDownHandler: () => { setTypeMenuOpen(true); return true; }, }",mechanical-needs-manual-review
registerHotkey,apps/web/src/features/next-soup/soup-view/filters-bar/soup-view-context-sort.tsx,28,TOKENS.soup.sort,'s',panel.splitHotkeyScope,,'Open sort menu',,,,,,,,,,,False,"{ hotkey: 's', scopeId: panel.splitHotkeyScope, description: 'Open sort menu', hotkeyToken: TOKENS.soup.sort, keyDownHandler: () => { setSortOpen(true); return true; }, }",mechanical-needs-manual-review
registerHotkey,apps/web/src/features/next-soup/soup-view/filters-bar/soup-view-search-bar.tsx,118,,['cmd+f'],panel.splitHotkeyScope,,'Search',,,,,true,,,'add',,,False,"{ hotkey: ['cmd+f'], scopeId: panel.splitHotkeyScope, registrationType: 'add', description: 'Search', runWithInputFocused: true, keyDownHandler: () => { editor.controls.focus(); editor.controls.getLexical().update(() => $selectAll()); return true; }, }",mechanical-needs-manual-review
registerHotkey,apps/web/src/features/next-soup/soup-view/filters-bar/unified-filter-dropdown.tsx,836,TOKENS.soup.filter,'f',panel.splitHotkeyScope,,'Open filter menu',,,,,,,,,,,False,"{ hotkey: 'f', scopeId: panel.splitHotkeyScope, description: 'Open filter menu', hotkeyToken: TOKENS.soup.filter, keyDownHandler: () => { setOpen(true); return true; }, }",mechanical-needs-manual-review
registerHotkey,apps/web/src/features/next-soup/soup-view/search-ask-ai-button.tsx,32,TOKENS.soup.askAi,'tab',panel.splitHotkeyScope,,'Ask AI',,,,,true,,,,,,False,"{ hotkey: 'tab', hotkeyToken: TOKENS.soup.askAi, scopeId: panel.splitHotkeyScope, description: 'Ask AI', keyDownHandler: () => { askAi(); return true; }, runWithInputFocused: true, }",mechanical-needs-manual-review
registerHotkey,apps/web/src/features/next-soup/soup-view/soup-view.tsx,507,TOKENS.soup.openSearch,'cmd+f',panel.splitHotkeyScope,,'Search',,,,,,,,'add',,,False,"{ hotkey: 'cmd+f', hotkeyToken: TOKENS.soup.openSearch, scopeId: panel.splitHotkeyScope, registrationType: 'add', description: 'Search', keyDownHandler: () => { if (isMobile()) { if (mobileSearchOpen()) return false; setMobileSearchOpen(true); return true; } if (narrowSearchExpanded() || !searchIsCollapsed()) return false; setNarrowSearchExpanded(true); return true; }, }",mechanical-needs-manual-review
registerHotkey,apps/web/src/features/next-soup/soup-view/use-soup-navigation-hotkeys.ts,262,TOKENS.entity.step.end,['j'],,,'Down',,,canRunListNavigation,true,,,,,,,False,"{ hotkey: ['j'], scopeId, description: 'Down', hotkeyToken: TOKENS.entity.step.end, condition: canRunListNavigation, keyDownHandler: navigateDown, hide: true, }",mechanical-needs-manual-review
registerHotkey,apps/web/src/features/next-soup/soup-view/use-soup-navigation-hotkeys.ts,272,,['arrowdown'],,,'Down',,,,true,,,,,,,False,"{ hotkey: ['arrowdown'], scopeId, description: 'Down', keyDownHandler: navigateDown, hide: true, }",mechanical-needs-manual-review
registerHotkey,apps/web/src/features/next-soup/soup-view/use-soup-navigation-hotkeys.ts,283,TOKENS.entity.step.start,['k'],,,'Up',,,canRunListNavigation,true,,,,,,,False,"{ hotkey: ['k'], scopeId, hotkeyToken: TOKENS.entity.step.start, description: 'Up', condition: canRunListNavigation, keyDownHandler: navigateUp, hide: true, }",mechanical-needs-manual-review
registerHotkey,apps/web/src/features/next-soup/soup-view/use-soup-navigation-hotkeys.ts,293,,['arrowup'],,,'Up',,,,true,,,,,,,False,"{ hotkey: ['arrowup'], scopeId, description: 'Up', keyDownHandler: navigateUp, hide: true, }",mechanical-needs-manual-review
registerHotkey,apps/web/src/features/next-soup/soup-view/use-soup-navigation-hotkeys.ts,302,TOKENS.entity.select.start,"['shift+arrowup', 'shift+k']",,,'Select up',,,,true,,,,,,,False,"{ hotkey: ['shift+arrowup', 'shift+k'], scopeId, description: 'Select up', hotkeyToken: TOKENS.entity.select.start, keyDownHandler: () => { return handleNavigationSelection(-1); }, hide: true, }",mechanical-needs-manual-review
registerHotkey,apps/web/src/features/next-soup/soup-view/use-soup-navigation-hotkeys.ts,314,TOKENS.entity.select.end,"['shift+arrowdown', 'shift+j']",,,'Select down',,,,true,,,,,,,False,"{ hotkey: ['shift+arrowdown', 'shift+j'], scopeId, description: 'Select down', hotkeyToken: TOKENS.entity.select.end, keyDownHandler: () => { return handleNavigationSelection(1); }, hide: true, }",mechanical-needs-manual-review
registerHotkey,apps/web/src/features/next-soup/soup-view/use-soup-navigation-hotkeys.ts,352,TOKENS.unifiedList.navigation.parent,"['h', 'arrowleft']",,,'Collapse item',,4,,true,,,,'add',,,False,"{ hotkey: ['h', 'arrowleft'], scopeId, description: 'Collapse item', hotkeyToken: TOKENS.unifiedList.navigation.parent, keyDownHandler: () => { const groupHandled = toggleFocusedGroupHeader(false); if (groupHandled !== undefined) return groupHandled; const toggle = getCollapsibleToggle(); if (toggle?.dataset.collapsibleState === 'expanded') { toggle.click(); return true; } // From a child row, collapse its parent group and",mechanical-needs-manual-review
registerHotkey,apps/web/src/features/next-soup/soup-view/use-soup-navigation-hotkeys.ts,383,TOKENS.unifiedList.navigation.child,"['l', 'arrowright']",,,'Expand item',,4,,true,,,,'add',,,False,"{ hotkey: ['l', 'arrowright'], scopeId, description: 'Expand item', hotkeyToken: TOKENS.unifiedList.navigation.child, keyDownHandler: () => { const groupHandled = toggleFocusedGroupHeader(true); if (groupHandled !== undefined) return groupHandled; const toggle = getCollapsibleToggle(); if (toggle?.dataset.collapsibleState === 'collapsed') { toggle.click(); return true; } return false; }, registrationType: 'add',",mechanical-needs-manual-review
registerHotkey,apps/web/src/features/next-soup/soup-view/use-soup-view-hotkeys.ts,74,TOKENS.entity.jump.home,['home'],,,'Go to top of list',,,,true,,,,,,,False,"{ hotkey: ['home'], scopeId, hotkeyToken: TOKENS.entity.jump.home, description: 'Go to top of list', keyDownHandler: () => { const next = soup.navigate.toFirst(); if (next) { virtualizerHandle()?.scrollToIndex(next.index, { align: 'nearest' }); } return true; }, hide: true, }",mechanical-needs-manual-review
registerHotkey,apps/web/src/features/next-soup/soup-view/use-soup-view-hotkeys.ts,91,,GO_TO_LEADER_KEY,GO_TO_COMMAND_SCOPE,,'Go to top of list',,,() => isScopeInActiveBranch(scopeId),,,,,'add',,,False,"{ hotkey: GO_TO_LEADER_KEY, scopeId: GO_TO_COMMAND_SCOPE, description: 'Go to top of list', condition: () => isScopeInActiveBranch(scopeId), keyDownHandler: () => { const next = soup.navigate.toFirst(); if (next) { virtualizerHandle()?.scrollToIndex(next.index, { align: 'nearest' }); } return true; }, registrationType: 'add', }",mechanical-needs-manual-review
registerHotkey,apps/web/src/features/next-soup/soup-view/use-soup-view-hotkeys.ts,107,TOKENS.entity.jump.end,"['shift+g', 'end']",,,'Go to bottom of list',,,,true,,,,,,,False,"{ hotkey: ['shift+g', 'end'], scopeId, hotkeyToken: TOKENS.entity.jump.end, description: 'Go to bottom of list', keyDownHandler: () => { const next = soup.navigate.toLast(); if (next) { virtualizerHandle()?.scrollToIndex(next.index, { align: 'nearest' }); } return true; }, hide: true, }",mechanical-needs-manual-review
registerHotkey,apps/web/src/features/next-soup/soup-view/use-soup-view-hotkeys.ts,142,TOKENS.entity.open,['enter'],,,'Open',4,,() => splitHandle.isControllerSplit(),true,,,,,,,False,"{ hotkey: ['enter'], hotkeyToken: TOKENS.entity.open, scopeId, description: 'Open', hide: true, keyDownHandler: () => { const focusedRow = soup.focus.row(); if (!focusedRow) return false; // If focused on a group header, toggle expand/collapse if (focusedRow.getIsGrouped() && focusedRow.group) { focusedRow.group.toggle(); return true; } // If focused on a load more row, trigger load more and stay at same index if",mechanical-needs-manual-review
registerHotkey,apps/web/src/features/next-soup/soup-view/use-soup-view-hotkeys.ts,194,,['cmd+enter'],,,'Focus Preview',4,,() => splitHandle.isControllerSplit(),,,,,,,,False,"{ hotkey: ['cmd+enter'], scopeId, description: 'Focus Preview', condition: () => splitHandle.isControllerSplit(), keyDownHandler: () => { const manager = globalSplitManager(); const viewerId = splitHandle.viewerId(); if (splitHandle.isControllerSplit() && viewerId && manager) { manager.activateSplit(viewerId); manager.returnFocus(); return true; } return false; }, displayPriority: 4, }",mechanical-needs-manual-review
registerHotkey,apps/web/src/features/next-soup/soup-view/use-soup-view-hotkeys.ts,213,,['opt+enter'],,,'Open to replace preview',,,() => splitHandle.isControllerSplit() && soup.focus.id() !== undefined,true,,,,,,,False,"{ hotkey: ['opt+enter'], scopeId, description: 'Open to replace preview', condition: () => splitHandle.isControllerSplit() && soup.focus.id() !== undefined, keyDownHandler: () => { const entity = soup.focus.item(); if (!entity) return false; markReminderSeenOnOpen(entity, notificationSource); openEntityInSplitFromUnifiedList(entity, { splitHandle, replacePreview: true, referredFrom: currentView(), }); return tr",mechanical-needs-manual-review
registerHotkey,apps/web/src/features/next-soup/soup-view/use-soup-view-hotkeys.ts,234,,['x'],,,'Toggle select item',10,,,,,,,,,,False,"{ hotkey: ['x'], scopeId, description: 'Toggle select item', keyDownHandler: () => { const entity = soup.focus.item(); if (!entity) return false; soup.selection.toggle(entity); return true; }, displayPriority: 10, }",mechanical-needs-manual-review
registerHotkey,apps/web/src/features/next-soup/soup-view/use-soup-view-hotkeys.ts,248,,['cmd+a'],,,'Toggle select all',10,,,,,,,,,,False,"{ hotkey: ['cmd+a'], scopeId, description: 'Toggle select all', keyDownHandler: (e) => { const rows = soup.rows(); if (rows.length === 0) return false; e?.preventDefault(); if (soup.selection.count() === rows.length) { soup.selection.clear(); } else { soup.selection.set(rows.map((r) => r.original)); } return true; }, displayPriority: 10, }",mechanical-needs-manual-review
registerHotkey,apps/web/src/features/next-soup/soup-view/use-soup-view-hotkeys.ts,269,TOKENS.global.commandMenu,'cmd+k',,,() => { return CommandState.isOpen() ? 'Close command menu' : 'Open command menu'; },10,,() => !CommandState.isOpen(),CommandState.isOpen,true,,,,,,True,"{ scopeId, description: () => { return CommandState.isOpen() ? 'Close command menu' : 'Open command menu'; }, hotkeyToken: TOKENS.global.commandMenu, hotkey: 'cmd+k', condition: () => !CommandState.isOpen(), keyDownHandler: (e) => { console.log('## CMD K - soup view'); e?.preventDefault(); const multiSelectEntities = soup.selection.selected(); if (multiSelectEntities.length > 0) { analytics.track('command_menu_open', {",mechanical-needs-manual-review
registerHotkey,apps/web/src/features/next-soup/soup-view/use-soup-view-hotkeys.ts,303,,['escape'],,,escapeDescription,,,() => clearMultiCondition() || closeSpotlightCondition(),,,,,,,,False,"{ hotkey: ['escape'], scopeId, description: escapeDescription, condition: () => clearMultiCondition() || closeSpotlightCondition(), keyDownHandler: () => { if (clearMultiCondition()) { const length = soup.selection.count(); soup.selection.clear(); return length > 1; } if (closeSpotlightCondition()) { splitHandle.toggleSpotlight(); return true; } return false; }, }",mechanical-needs-manual-review
registerHotkey,apps/web/src/features/next-soup/soup-view/use-soup-view-hotkeys.ts,323,,['shift+enter'],,,'Open in new split',,,() => soup.focus.id() !== undefined,true,,,,,,,False,"{ hotkey: ['shift+enter'], scopeId, description: 'Open in new split', condition: () => soup.focus.id() !== undefined, keyDownHandler: () => { if (tryOpenChannelNotification(true)) return true; const entity = soup.focus.item(); if (!entity) return false; markReminderSeenOnOpen(entity, notificationSource); openEntityInSplitFromUnifiedList(entity, { splitHandle, openInNewSplit: true, referredFrom: currentView(), });",mechanical-needs-manual-review
registerHotkey,apps/web/src/features/next-soup/soup-view/use-soup-view-hotkeys.ts,366,TOKENS.soup.tabs[key],key,,,`Switch to tab ${key}`,,,() => getTabKeys().length > index,true,,,,,,,True,"{ hotkey: key, scopeId, hotkeyToken: TOKENS.soup.tabs[key], description: `Switch to tab ${key}`, condition: () => getTabKeys().length > index, keyDownHandler: () => switchToTabIndex(index), hide: true, }",mechanical-needs-manual-review
registerHotkey,apps/web/src/features/next-soup/soup-view/use-soup-view-hotkeys.ts,395,TOKENS.soup.tabs.next,['tab'],,,'Next tab',,,() => getTabKeys().length > 1,,,,,,,,False,"{ hotkey: ['tab'], scopeId, hotkeyToken: TOKENS.soup.tabs.next, description: 'Next tab', condition: () => getTabKeys().length > 1, keyDownHandler: () => { const view = currentView(); if (!view) return false; const tabKeys = getTabKeys(); const nextIndex = (getCurrentTabIndex() + 1) % tabKeys.length; applyTabPreset(view, tabKeys[nextIndex]!); return true; }, }",mechanical-needs-manual-review
registerHotkey,apps/web/src/features/next-soup/soup-view/use-soup-view-hotkeys.ts,412,TOKENS.soup.tabs.prev,['shift+tab'],,,'Previous tab',,,() => getTabKeys().length > 1,,,,,,,,False,"{ hotkey: ['shift+tab'], scopeId, hotkeyToken: TOKENS.soup.tabs.prev, description: 'Previous tab', condition: () => getTabKeys().length > 1, keyDownHandler: () => { const view = currentView(); if (!view) return false; const tabKeys = getTabKeys(); const prevIndex = (getCurrentTabIndex() - 1 + tabKeys.length) % tabKeys.length; applyTabPreset(view, tabKeys[prevIndex]!); return true; }, }",mechanical-needs-manual-review
registerHotkey,apps/web/src/features/onboarding/InteractiveOnboarding.tsx,252,,'cmd+enter',,,'Continue',,,,,true,,,,,,False,"{ scopeId, hotkey: 'cmd+enter', description: 'Continue', runWithInputFocused: true, keyDownHandler: () => { if (readyToContinue()) { handleContinue(); return true; } return false; }, }",mechanical-needs-manual-review
registerHotkey,apps/web/src/features/onboarding/InteractiveOnboarding.tsx,268,,'cmd+k',,,'Command menu (onboarding)',,,,,true,,,,,,False,"{ scopeId, hotkey: 'cmd+k', description: 'Command menu (onboarding)', runWithInputFocused: true, keyDownHandler: () => { setCommandKOpen((v) => !v); return true; // swallow — prevents global handler }, }",mechanical-needs-manual-review
registerHotkey,apps/web/src/features/onboarding/components/MockAppChrome.tsx,123,,GO_TO_LEADER_KEY,props.scopeId ?? 'global',,'Go to page',,,,true,,true as const,GO_TO_COMMAND_SCOPE,'add',,,False,"{ hotkey: GO_TO_LEADER_KEY, scopeId: props.scopeId ?? 'global', description: 'Go to page', keyDownHandler: () => false, hide: true, registrationType: 'add', ...(props.scopeId ? { activateCommandScope: true as const } : { activateCommandScopeId: GO_TO_COMMAND_SCOPE }), }",mechanical-needs-manual-review
registerHotkey,apps/web/src/features/onboarding/components/MockAppChrome.tsx,142,,link.hotkey as ValidHotkey,commandScopeId,,`Go to ${link.label}`,,,,,,,,,,,True,"{ hotkey: link.hotkey as ValidHotkey, scopeId: commandScopeId, description: `Go to ${link.label}`, keyDownHandler: () => { setFilter(link.id as SandboxSidebarFilter); return true; }, }",mechanical-needs-manual-review
registerHotkey,apps/web/src/features/onboarding/lessons/create-entity.tsx,77,,'c',props.scopeId,,'Open Create menu',,,,,,,,,,,False,"{ scopeId: props.scopeId, hotkey: 'c', description: 'Open Create menu', keyDownHandler: () => { setLauncherOpen((open) => !open); return true; }, }",mechanical-needs-manual-review
registerHotkey,apps/web/src/features/onboarding/use-list-navigation.ts,28,,"['j', 'arrowdown']",,,'Navigate down',,,,,,,,,,,False,"{ scopeId, hotkey: ['j', 'arrowdown'], description: 'Navigate down', keyDownHandler: () => handle('down'), }",mechanical-needs-manual-review
registerHotkey,apps/web/src/features/onboarding/use-list-navigation.ts,35,,"['k', 'arrowup']",,,'Navigate up',,,,,,,,,,,False,"{ scopeId, hotkey: ['k', 'arrowup'], description: 'Navigate up', keyDownHandler: () => handle('up'), }",mechanical-needs-manual-review
registerHotkey,apps/web/src/features/property/editor/PropertyEditorModal.tsx,300,,['escape'],hotkeyScope,,'Close property editor',,,,,,,,,,,False,"{ hotkey: ['escape'], description: 'Close property editor', keyDownHandler: () => { closePropertyEditor(); return true; }, scopeId: hotkeyScope, }",mechanical-needs-manual-review
registerHotkey,apps/web/src/features/reminders/ReminderComposerModal.tsx,127,,['escape'],hotkeyScope,,"'Go back, or close the reminder composer'",,,,,,,,,,,False,"{ hotkey: ['escape'], description: 'Go back, or close the reminder composer', keyDownHandler: () => { handleEscape(); return true; }, scopeId: hotkeyScope, }",mechanical-needs-manual-review
registerHotkey,apps/web/src/features/settings/Settings.tsx,134,,'escape',settingsHotkeyScope,,'Close settings',,,,,,,,,,,False,"{ keyDownHandler: handleEscapeKey, description: 'Close settings', scopeId: settingsHotkeyScope, hotkey: 'escape', }",mechanical-needs-manual-review
registerHotkey,apps/web/src/features/settings/Settings.tsx,175,,'tab',settingsHotkeyScope,,'Next settings tab',,,,true,,,,,,,False,"{ hotkey: 'tab', scopeId: settingsHotkeyScope, description: 'Next settings tab', keyDownHandler: handleNextTab, hide: true, }",mechanical-needs-manual-review
registerHotkey,apps/web/src/features/settings/Settings.tsx,184,,'shift+tab',settingsHotkeyScope,,'Previous settings tab',,,,true,,,,,,,False,"{ description: 'Previous settings tab', keyDownHandler: handlePreviousTab, scopeId: settingsHotkeyScope, hotkey: 'shift+tab', hide: true, }",mechanical-needs-manual-review
registerHotkey,apps/web/src/features/settings/Settings.tsx,198,,`${keyNum}` as ValidHotkey,settingsHotkeyScope,,`Go to settings tab ${keyNum}`,,,,true,,,,,,,True,"{ description: `Go to settings tab ${keyNum}`, hotkey: `${keyNum}` as ValidHotkey, keyDownHandler: handleNumberKey, scopeId: settingsHotkeyScope, hide: true, }",mechanical-needs-manual-review
registerScope,apps/web/src/lib/constants/hotkeys.ts,21,,,GO_TO_COMMAND_SCOPE,'global',,,,,,,,,,,,False,"{ parentScopeId: 'global', scopeId: GO_TO_COMMAND_SCOPE, type: 'command', activationKeys: [GO_TO_LEADER_KEY], }",mechanical-needs-manual-review
registerScope,apps/web/src/lib/constants/hotkeys.ts,28,,,COMMAND_MENU_CATEGORY_SCOPE,'global',,,,,,,,,,,,False,"{ parentScopeId: 'global', scopeId: COMMAND_MENU_CATEGORY_SCOPE, type: 'command', activationKeys: [COMMAND_MENU_CATEGORY_LEADER_KEY], }",mechanical-needs-manual-review
registerScope,apps/web/src/lib/constants/hotkeys.ts,35,,,CREATE_MENU_COMMAND_SCOPE,'global',,,,,,,,,,,,False,"{ parentScopeId: 'global', scopeId: CREATE_MENU_COMMAND_SCOPE, type: 'command', activationKeys: ['c'], }",mechanical-needs-manual-review
registerHotkey,apps/web/src/lib/core/component/TopBar/ShareButton.tsx,1217,TOKENS.block.share,'cmd+s',blockScopeId(),,'Share',,,,,true,,,,,,False,"{ keyDownHandler: () => { if (!isAuthenticated()) { openLoginModal(); } else { analytics.track('share_menu_open', { blockType }); shareCtx.open(); } return true; }, hotkeyToken: TOKENS.block.share, runWithInputFocused: true, scopeId: blockScopeId(), description: 'Share', hotkey: 'cmd+s', }",mechanical-needs-manual-review
registerHotkey,apps/web/src/lib/core/hotkey/hotkeys.ts,94,,'delete','my-scope',,'Delete item',,,,,,,,,,,False,"{ * scopeId: 'my-scope', * description: 'Delete item', * hotkey: 'delete', * keyDownHandler: () => true, * }",mechanical-needs-manual-review
registerHotkey,apps/web/src/lib/core/hotkey/hotkeys.ts,101,,,,,,,,,,,true,,,,,False,args: HotkeyRegistrationOptions & { activateCommandScope: true },mechanical-needs-manual-review
registerHotkey,apps/web/src/lib/core/hotkey/hotkeys.ts,105,,,,,,,,,,,,,,,,False,args: HotkeyRegistrationOptions,mechanical-needs-manual-review
registerHotkey,apps/web/src/lib/core/hotkey/hotkeys.ts,109,,,,,,,,,,,,,,,,False,args: HotkeyRegistrationOptions,mechanical-needs-manual-review
registerScope,apps/web/src/lib/core/hotkey/hotkeys.ts,212,,,commandScopeId,scopeId,,,,,,,,,,,,False,"{ parentScopeId: scopeId, scopeId: commandScopeId, type: 'command', activationKeys: hotkeys, }",mechanical-needs-manual-review
registerHotkey,apps/web/src/lib/core/hotkey/hotkeys.ts,355,,'delete','my-scope',,'Delete item',,,,,,,,,,,False,"{ * scopeId: 'my-scope', * description: 'Delete item', * hotkey: 'delete', * keyDownHandler: () => true, * }",mechanical-needs-manual-review
registerHotkey,apps/web/src/lib/core/hotkey/hotkeys.ts,363,,'cmd+c','my-scope',,'Copy item',,,,,,,,,,,False,"{ * scopeId: 'my-scope', * description: 'Copy item', * hotkey: 'cmd+c', * keyDownHandler: () => true, * }",mechanical-needs-manual-review
registerHotkey,apps/web/src/lib/core/hotkey/hotkeys.ts,371,,'cmd+k','my-scope',,'Open menu',,,,,,true,,,,,False,"{ * scopeId: 'my-scope', * description: 'Open menu', * hotkey: 'cmd+k', * activateCommandScope: true, * keyDownHandler: () => true, * }",mechanical-needs-manual-review
registerHotkey,apps/web/src/lib/core/hotkey/hotkeys.ts,379,,'1',commandScopeId,,'Menu option',,,,,,,,,,,False,"{ * scopeId: commandScopeId, * description: 'Menu option', * hotkey: '1', * keyDownHandler: () => true, * }",mechanical-needs-manual-review
registerHotkey,apps/web/src/lib/core/hotkey/hotkeys.ts,431,,,,,,,,,,,,,,,,False,"'delete', scope, 'Delete item', handleDelete",mechanical-needs-manual-review
registerScope,apps/web/src/lib/core/hotkey/hotkeys.ts,444,,,,detachedScope ? undefined : 'global',,,,,,,,,,,,False,"{ parentScopeId: detachedScope ? undefined : 'global', scopeId, type: 'dom', detached: detachedScope, }",mechanical-needs-manual-review
registerScope,apps/web/src/lib/core/hotkey/utils.ts,162,,,,,,,,,,,,,,,,False,args: RegisterScopeArgs,mechanical-needs-manual-review
registerHotkey,apps/web/src/lib/core/hotkey/utils.ts,611,args.hotkeyToken,args.hotkey,,,args.description,args.displayPriority,,args.condition,args.hide,args.runWithInputFocused,args.activateCommandScope,,,args.tags,args.keywords,False,"{ hotkeyToken: args.hotkeyToken, hotkey: args.hotkey, condition: args.condition, scopeId, description: args.description, keyDownHandler: args.keyDownHandler, keyUpHandler: args.keyUpHandler, activateCommandScope: args.activateCommandScope, runWithInputFocused: args.runWithInputFocused, displayPriority: args.displayPriority, hide: args.hide, icon: args.icon, commandPaletteIcon: args.commandPaletteIcon, displayComp",mechanical-needs-manual-review
