interface_or_capability,method,source_repo,source_pin,source_path,source_line,caller_surface,input_output_semantics,state_owner,authorization_boundary,reads_side_effects,subscriptions_callbacks,ordering_idempotency,target_disposition,compatibility_adapter,contract_or_parity_test,migration_dependency,review_status,notes
LoginAttempt,wait,cloudflare-os,bf7f762d7fa73553284d731ab6a978d3ea17be24,packages/workshop-shared/src/api.ts,40,workshop-frontend auth flow (components/auth/OAuthButtons.tsx),() -> Promise<session token string>; resolves when gatekeeper OAuth popup completes; rejects on failure/abandon; safe to call immediately (pipelined),Workshop Worker + User DO (pending gatekeeper login),holder of the attempt stub (capability); dispose = abandon,read (waits on login completion); dispose of parent stub cancels server-side wait,returned by PublicApi.startGatekeeperLogin,single-shot promise; re-call semantics unspecified - treat as call-once,preserve,none (kernel-native),contract:capability-lifecycle,none,manually-reviewed,Capability object: holding the stub IS the authority to receive the token.
PublicApi,getServerConfig,cloudflare-os,bf7f762d7fa73553284d731ab6a978d3ea17be24,packages/workshop-shared/src/api.ts,47,"workshop-frontend boot/auth (sampled: OAuthButtons.tsx, routes/signup.tsx, root loader)","() -> ServerConfig (auth vendors, passwordAuthEnabled, cloudflareLimitsEnabled, signups, branding, banner, accentColor); no secrets",Workshop Worker entry (server.ts PublicApiImpl); delegates to User DO / AdminSettings / KV,unauthenticated internet,read-only,none,idempotent read; called once at boot,preserve,none (kernel-native),contract:req-resp,none,manually-reviewed,
PublicApi,startGatekeeperLogin,cloudflare-os,bf7f762d7fa73553284d731ab6a978d3ea17be24,packages/workshop-shared/src/api.ts,56,"workshop-frontend boot/auth (sampled: OAuthButtons.tsx, routes/signup.tsx, root loader)","vendorId -> {url to open in popup, attempt: RpcStub<LoginAttempt>}; vendor must be auth-capable + allowlisted else throws",Workshop Worker entry (server.ts PublicApiImpl); delegates to User DO / AdminSettings / KV,unauthenticated internet,creates pending login attempt server-side,returns LoginAttempt capability,not idempotent (new attempt per call); dispose attempt to cancel,preserve,none (kernel-native),contract:capability-lifecycle,none,manually-reviewed,
PublicApi,authenticate,cloudflare-os,bf7f762d7fa73553284d731ab6a978d3ea17be24,packages/workshop-shared/src/api.ts,59,"workshop-frontend boot/auth (sampled: OAuthButtons.tsx, routes/signup.tsx, root loader)",token (from localStorage) -> AuthenticatedApi capability; throws on invalid token,Workshop Worker entry (server.ts PublicApiImpl); delegates to User DO / AdminSettings / KV,unauthenticated internet,mints session capability,returns AuthenticatedApi capability,idempotent per token,preserve,none (kernel-native),contract:capability-lifecycle,user-store migration (token format must survive or force re-login),manually-reviewed,
PublicApi,authenticateFromCfAccess,cloudflare-os,bf7f762d7fa73553284d731ab6a978d3ea17be24,packages/workshop-shared/src/api.ts,65,"workshop-frontend boot/auth (sampled: OAuthButtons.tsx, routes/signup.tsx, root loader)",() -> AuthenticatedApi using Cloudflare Access session credentials already on the request,Workshop Worker entry (server.ts PublicApiImpl); delegates to User DO / AdminSettings / KV,unauthenticated internet,mints session capability; may create account on first sight,returns AuthenticatedApi capability,idempotent per Access session,preserve,none (kernel-native),contract:req-resp,none,needs-review,Deployment-mode specific (behind CF Access). Owner decision: is Access mode in scope for Neuwave deployment?
PublicApi,login,cloudflare-os,bf7f762d7fa73553284d731ab6a978d3ea17be24,packages/workshop-shared/src/api.ts,91,"workshop-frontend boot/auth (sampled: OAuthButtons.tsx, routes/signup.tsx, root loader)","username + client-side argon2id passwordHash (salt=SERVICE_SALT+username, t=3, m=64MiB, p=1, 32B) -> token | null (null = bad user/password); may be disabled under SSO",Workshop Worker entry (server.ts PublicApiImpl); delegates to User DO / AdminSettings / KV,unauthenticated internet,mints token; server re-hashes (never sees plaintext password),none,not idempotent (new token per call),preserve,none (kernel-native),contract:req-resp,user-store migration: Neuwave users must be re-hashed client-side into this scheme or re-onboarded,manually-reviewed,Hash contract incl. SERVICE_SALT const (api.ts:30) is part of the wire contract - freeze it.
PublicApi,createAccount,cloudflare-os,bf7f762d7fa73553284d731ab6a978d3ea17be24,packages/workshop-shared/src/api.ts,101,"workshop-frontend boot/auth (sampled: OAuthButtons.tsx, routes/signup.tsx, root loader)",username + displayName + passwordHash -> token | null (null = username taken; other errors throw); may be disabled under SSO; gated by signupsEnabled,Workshop Worker entry (server.ts PublicApiImpl); delegates to User DO / AdminSettings / KV,unauthenticated internet,creates account + mints token,none,not idempotent; null-on-conflict,preserve,none (kernel-native),contract:req-resp,user-store migration,manually-reviewed,
PublicApi,getBlueprint,cloudflare-os,bf7f762d7fa73553284d731ab6a978d3ea17be24,packages/workshop-shared/src/api.ts,106,workshop-frontend BlueprintLandingPage.tsx / routes/blueprint.$id.tsx,blueprintId -> BlueprintPublicInfo | null; unauthenticated - knowing the ID suffices (blueprint is 'just data'),Workshop Worker entry (server.ts PublicApiImpl); delegates to User DO / AdminSettings / KV,unauthenticated internet,read-only (KV),none,idempotent read,preserve,none (kernel-native),contract:req-resp,none,manually-reviewed,Deliberate anonymous read: ID = capability. Preserve this property.
PublicApi,downloadBlueprint,cloudflare-os,bf7f762d7fa73553284d731ab6a978d3ea17be24,packages/workshop-shared/src/api.ts,110,workshop-frontend blueprint export UI,blueprintId -> ReadableStream<Uint8Array> of .gadget archive (BlueprintMetadata + code snapshot only),Workshop Worker entry (server.ts PublicApiImpl); delegates to User DO / AdminSettings / KV,unauthenticated internet,read-only (KV+R2),none,idempotent read; streaming,preserve,none (kernel-native),contract:streaming,none,manually-reviewed,RPC-carried ReadableStream - adapter must preserve streaming.
ConnectedAccountsSubscriber,add,cloudflare-os,bf7f762d7fa73553284d731ab6a978d3ea17be24,packages/workshop-shared/src/api.ts,117,server->client push; consumed by ResourcePicker/GatekeeperModal/ConnectionChips/gatekeepers route,"(id, AccountDescription, VendorDescription, supportedResources, credentialsValid, vendorId) -> void; credentialsValid=false means UI should offer reconnectAccount",client (callback target implemented by frontend),stub passed by client to subscribeConnectedAccounts,client-side state upsert,callback (server->client),in-order delivery (Cap'n Web); upsert semantics,preserve,none (kernel-native),parity:subscription-replay,none,manually-reviewed,
ConnectedAccountsSubscriber,remove,cloudflare-os,bf7f762d7fa73553284d731ab6a978d3ea17be24,packages/workshop-shared/src/api.ts,119,server->client push; consumed by ResourcePicker/GatekeeperModal/ConnectionChips/gatekeepers route,(id) -> void; account disconnected,client (callback target implemented by frontend),stub passed by client to subscribeConnectedAccounts,client-side state removal,callback (server->client),in-order delivery,preserve,none (kernel-native),parity:subscription-replay,none,manually-reviewed,
ConnectedAccountsSubscriber,ready,cloudflare-os,bf7f762d7fa73553284d731ab6a978d3ea17be24,packages/workshop-shared/src/api.ts,122,server->client push; consumed by ResourcePicker/GatekeeperModal/ConnectionChips/gatekeepers route,() -> void; fired after add() for all currently-known accounts (initial snapshot complete),client (callback target implemented by frontend),stub passed by client to subscribeConnectedAccounts,client-side loading-state flip,callback (server->client),exactly once after initial replay,preserve,none (kernel-native),parity:subscription-replay,none,manually-reviewed,
ObserverConfigCallback,configure,cloudflare-os,bf7f762d7fa73553284d731ab6a978d3ea17be24,packages/workshop-shared/src/api.ts,251,server->client during openGadget; ObserverConfigModal.tsx implements,(needs: ObserverBindingNeed[]) -> Promise<ObserverAccountChoice[]>; user picks own connected account per gatekeeper binding; reject = server denies the open; needs[].failure set on re-prompt after verification failure,client (callback target implemented by frontend),stub passed by client to openGadget; server invokes at most twice per open,blocks openGadget until resolved,callback (server->client) during openGadget,"may be called a 2nd time within one open (repair loop, server-bounded)",preserve,none (kernel-native),contract:capability-lifecycle,none,manually-reviewed,Only invoked for non-owner opens needing account choices; common-case open stays single round trip.
AuthenticatedApi,whoami,cloudflare-os,bf7f762d7fa73553284d731ab6a978d3ea17be24,packages/workshop-shared/src/api.ts,291,workshop-frontend app shell + settings/profile routes (grep-verified >=1 FE site),() -> AiChatAuthorInfo for logged-in user,User DO (server.ts AuthenticatedApiImpl fronting UserDurableObject),authenticated session capability (minted by authenticate/authenticateFromCfAccess/login token),read-only,none,idempotent read,preserve,none (kernel-native),contract:req-resp,none,manually-reviewed,
AuthenticatedApi,setOwnDisplayName,cloudflare-os,bf7f762d7fa73553284d731ab6a978d3ea17be24,packages/workshop-shared/src/api.ts,294,workshop-frontend app shell + settings/profile routes (grep-verified >=1 FE site),(name) -> void; display name seen in chats,User DO (server.ts AuthenticatedApiImpl fronting UserDurableObject),authenticated session capability (minted by authenticate/authenticateFromCfAccess/login token),writes user profile,none,idempotent write (last-wins),preserve,none (kernel-native),contract:req-resp,none,manually-reviewed,
AuthenticatedApi,changePassword,cloudflare-os,bf7f762d7fa73553284d731ab6a978d3ea17be24,packages/workshop-shared/src/api.ts,299,workshop-frontend app shell + settings/profile routes (grep-verified >=1 FE site),"(oldHash, newHash) -> void; same client-side hash scheme as login()",User DO (server.ts AuthenticatedApiImpl fronting UserDurableObject),authenticated session capability (minted by authenticate/authenticateFromCfAccess/login token),writes credential,none,not idempotent (oldHash must match current),preserve,none (kernel-native),contract:req-resp,none,manually-reviewed,
AuthenticatedApi,hasPasswordLogin,cloudflare-os,bf7f762d7fa73553284d731ab6a978d3ea17be24,packages/workshop-shared/src/api.ts,303,workshop-frontend app shell + settings/profile routes (grep-verified >=1 FE site),() -> boolean; false for OAuth-created accounts (hide change-password UI),User DO (server.ts AuthenticatedApiImpl fronting UserDurableObject),authenticated session capability (minted by authenticate/authenticateFromCfAccess/login token),read-only,none,idempotent read,preserve,none (kernel-native),contract:req-resp,none,manually-reviewed,
AuthenticatedApi,listModels,cloudflare-os,bf7f762d7fa73553284d731ab6a978d3ea17be24,packages/workshop-shared/src/api.ts,309,workshop-frontend app shell + settings/profile routes (grep-verified >=1 FE site),() -> AiChatAuthorInfo[]; user's configured AI models (may differ from a gadget Overseer's list when gadget owned by someone else),User DO (server.ts AuthenticatedApiImpl fronting UserDurableObject),authenticated session capability (minted by authenticate/authenticateFromCfAccess/login token),read-only,none,idempotent read,preserve,none (kernel-native),contract:req-resp,none,manually-reviewed,
AuthenticatedApi,addModel,cloudflare-os,bf7f762d7fa73553284d731ab6a978d3ea17be24,packages/workshop-shared/src/api.ts,313,workshop-frontend app shell + settings/profile routes (grep-verified >=1 FE site),"(profile, AiModelConfig incl. secret apiToken) -> void; id must be unique among user's models",User DO (server.ts AuthenticatedApiImpl fronting UserDurableObject),authenticated session capability (minted by authenticate/authenticateFromCfAccess/login token),writes model config (stores provider API token),none,throws on duplicate id,preserve,none (kernel-native),contract:req-resp,none,manually-reviewed,Carries provider API secrets over RPC - keep off logs/telemetry.
AuthenticatedApi,deleteModel,cloudflare-os,bf7f762d7fa73553284d731ab6a978d3ea17be24,packages/workshop-shared/src/api.ts,316,workshop-frontend app shell + settings/profile routes (grep-verified >=1 FE site),(id) -> void,User DO (server.ts AuthenticatedApiImpl fronting UserDurableObject),authenticated session capability (minted by authenticate/authenticateFromCfAccess/login token),deletes model config,none,unspecified for missing id - pin in contract test,preserve,none (kernel-native),contract:req-resp,none,manually-reviewed,
AuthenticatedApi,setQuickModel,cloudflare-os,bf7f762d7fa73553284d731ab6a978d3ea17be24,packages/workshop-shared/src/api.ts,320,workshop-frontend app shell + settings/profile routes (grep-verified >=1 FE site),(id|null) -> void; model for quick tasks (chat titles); null disables,User DO (server.ts AuthenticatedApiImpl fronting UserDurableObject),authenticated session capability (minted by authenticate/authenticateFromCfAccess/login token),writes setting,none,idempotent write,preserve,none (kernel-native),contract:req-resp,none,manually-reviewed,
AuthenticatedApi,getQuickModel,cloudflare-os,bf7f762d7fa73553284d731ab6a978d3ea17be24,packages/workshop-shared/src/api.ts,323,workshop-frontend app shell + settings/profile routes (grep-verified >=1 FE site),() -> null | string,User DO (server.ts AuthenticatedApiImpl fronting UserDurableObject),authenticated session capability (minted by authenticate/authenticateFromCfAccess/login token),read-only,none,idempotent read,preserve,none (kernel-native),contract:req-resp,none,manually-reviewed,
AuthenticatedApi,getAiConfig,cloudflare-os,bf7f762d7fa73553284d731ab6a978d3ea17be24,packages/workshop-shared/src/api.ts,327,workshop-frontend app shell + settings/profile routes (grep-verified >=1 FE site),"() -> AiGatewayInfo ({enabled:true, enabledProviders} | {enabled:false}); adjusts model-management UI",User DO (server.ts AuthenticatedApiImpl fronting UserDurableObject),authenticated session capability (minted by authenticate/authenticateFromCfAccess/login token),read-only,none,idempotent read,preserve,none (kernel-native),contract:req-resp,none,manually-reviewed,
AuthenticatedApi,getUiFeatureFlags,cloudflare-os,bf7f762d7fa73553284d731ab6a978d3ea17be24,packages/workshop-shared/src/api.ts,330,workshop-frontend app shell + settings/profile routes (grep-verified >=1 FE site),() -> UiFeatureFlags (type from feature-flags.js),User DO (server.ts AuthenticatedApiImpl fronting UserDurableObject),authenticated session capability (minted by authenticate/authenticateFromCfAccess/login token),read-only,none,idempotent read,preserve,none (kernel-native),contract:req-resp,none,manually-reviewed,
AuthenticatedApi,getPreferredModel,cloudflare-os,bf7f762d7fa73553284d731ab6a978d3ea17be24,packages/workshop-shared/src/api.ts,334,no frontend caller found (grep fe=0); setPreferredModel is called - read side likely backend/onboarding,() -> string | null; onboarding-chosen preferred model (null = none/'No agent'),User DO (server.ts AuthenticatedApiImpl fronting UserDurableObject),authenticated session capability (minted by authenticate/authenticateFromCfAccess/login token),read-only,none,idempotent read,preserve,none (kernel-native),contract:req-resp,none,manually-reviewed,FE currently never reads it back; keep for contract completeness.
AuthenticatedApi,setPreferredModel,cloudflare-os,bf7f762d7fa73553284d731ab6a978d3ea17be24,packages/workshop-shared/src/api.ts,337,workshop-frontend app shell + settings/profile routes (grep-verified >=1 FE site),(id|null) -> void,User DO (server.ts AuthenticatedApiImpl fronting UserDurableObject),authenticated session capability (minted by authenticate/authenticateFromCfAccess/login token),writes setting,none,idempotent write,preserve,none (kernel-native),contract:req-resp,none,manually-reviewed,
AuthenticatedApi,isOnboardingCompleted,cloudflare-os,bf7f762d7fa73553284d731ab6a978d3ea17be24,packages/workshop-shared/src/api.ts,340,workshop-frontend OnboardingWizard.tsx,() -> boolean,User DO (server.ts AuthenticatedApiImpl fronting UserDurableObject),authenticated session capability (minted by authenticate/authenticateFromCfAccess/login token),read-only,none,idempotent read,preserve,none (kernel-native),contract:req-resp,none,manually-reviewed,
AuthenticatedApi,completeOnboarding,cloudflare-os,bf7f762d7fa73553284d731ab6a978d3ea17be24,packages/workshop-shared/src/api.ts,343,workshop-frontend OnboardingWizard.tsx,() -> void; mark onboarding wizard done,User DO (server.ts AuthenticatedApiImpl fronting UserDurableObject),authenticated session capability (minted by authenticate/authenticateFromCfAccess/login token),writes flag,none,idempotent write,preserve,none (kernel-native),contract:req-resp,none,manually-reviewed,
AuthenticatedApi,getCloudflareUsage,cloudflare-os,bf7f762d7fa73553284d731ab6a978d3ea17be24,packages/workshop-shared/src/api.ts,348,"components/billing/{OutOfCreditsModal,AccountSelectionModal,UsageSettings}.tsx","() -> CloudflareUsageInfo (daily free-tier usage, connected CF account balance, needsAccountSelection)",User DO (server.ts AuthenticatedApiImpl fronting UserDurableObject),authenticated session capability (minted by authenticate/authenticateFromCfAccess/login token),read-only (may call CF billing APIs),none,idempotent read,preserve,none (kernel-native),contract:req-resp,none,needs-review,Cloudflare limits/top-up flow - only meaningful when enabled server-side. Owner decision: in scope for Neuwave?
AuthenticatedApi,listCloudflareAccounts,cloudflare-os,bf7f762d7fa73553284d731ab6a978d3ea17be24,packages/workshop-shared/src/api.ts,353,components/billing/AccountSelectionModal.tsx,() -> CloudflareAccountOption[]; empty if not connected; used to prompt account choice,User DO (server.ts AuthenticatedApiImpl fronting UserDurableObject),authenticated session capability (minted by authenticate/authenticateFromCfAccess/login token),read-only (CF API),none,idempotent read,preserve,none (kernel-native),contract:req-resp,none,needs-review,Part of optional CF limits flow.
AuthenticatedApi,selectCloudflareAccount,cloudflare-os,bf7f762d7fa73553284d731ab6a978d3ea17be24,packages/workshop-shared/src/api.ts,357,components/billing/AccountSelectionModal.tsx,(accountId) -> void; persists billing account choice; throws if inaccessible,User DO (server.ts AuthenticatedApiImpl fronting UserDurableObject),authenticated session capability (minted by authenticate/authenticateFromCfAccess/login token),writes billing selection,none,idempotent write,preserve,none (kernel-native),contract:req-resp,none,needs-review,Part of optional CF limits flow.
AuthenticatedApi,setAvatar,cloudflare-os,bf7f762d7fa73553284d731ab6a978d3ea17be24,packages/workshop-shared/src/api.ts,361,workshop-frontend profile route,(compressed JPEG/PNG bytes ideally <50KB | null to remove) -> void,User DO (server.ts AuthenticatedApiImpl fronting UserDurableObject),authenticated session capability (minted by authenticate/authenticateFromCfAccess/login token),writes avatar blob,none,idempotent write,preserve,none (kernel-native),contract:req-resp,none,manually-reviewed,
AuthenticatedApi,getAvatar,cloudflare-os,bf7f762d7fa73553284d731ab6a978d3ea17be24,packages/workshop-shared/src/api.ts,365,workshop-frontend app shell + settings/profile routes (grep-verified >=1 FE site),"(userId - any user, for chat display) -> Uint8Array | null",User DO (server.ts AuthenticatedApiImpl fronting UserDurableObject),authenticated session capability (minted by authenticate/authenticateFromCfAccess/login token),read-only,none,idempotent read,preserve,none (kernel-native),contract:req-resp,none,manually-reviewed,Cross-user read by design (avatars are public within deployment).
AuthenticatedApi,openGadget,cloudflare-os,bf7f762d7fa73553284d731ab6a978d3ea17be24,packages/workshop-shared/src/api.ts,383,"useWorkspaceOpen.ts, GadgetList.tsx, SidebarWorkspaces.tsx, routes/outputs.tsx, BlueprintLandingPage.tsx (12 FE refs)","(id, shareKey?, configureObservers?) -> RpcStub<Overseer>; throws (pipelining-friendly) with code from OPEN_GADGET_ERROR_CODES on missing/denied; shareKey redeemed atomically before open; configureObservers invoked only for non-owner needing account choices",User DO (server.ts AuthenticatedApiImpl fronting UserDurableObject),authenticated session capability (minted by authenticate/authenticateFromCfAccess/login token),may redeem share key (grants collaborator edge); establishes presence session,may invoke ObserverConfigCallback; returns Overseer capability,share-key redemption not idempotent in effect (edge created once),preserve,none (kernel-native),contract:capability-lifecycle,workspace data migration (ids must resolve),manually-reviewed,TODO(multi-gadget) in source: rename to openWorkspace(). Error codes OPEN_GADGET_ERROR_CODES (api.ts:255) are part of contract.
AuthenticatedApi,newGadget,cloudflare-os,bf7f762d7fa73553284d731ab6a978d3ea17be24,packages/workshop-shared/src/api.ts,396,workshop-frontend app shell + settings/profile routes (grep-verified >=1 FE site),"() -> RpcStub<Overseer> for new 'Untitled Workspace'; provisional until first activity (hidden from home, auto-deleted if untouched; new*Gatekeeper alone does NOT clear provisional bit)",User DO (server.ts AuthenticatedApiImpl fronting UserDurableObject),authenticated session capability (minted by authenticate/authenticateFromCfAccess/login token),creates workspace DO (provisional),returns Overseer capability,not idempotent (new workspace per call),preserve,none (kernel-native),contract:capability-lifecycle,none,manually-reviewed,Provisional-gadget lifecycle is load-bearing product behavior - parity-test it. TODO rename newWorkspace().
AuthenticatedApi,listGadgets,cloudflare-os,bf7f762d7fa73553284d731ab6a978d3ea17be24,packages/workshop-shared/src/api.ts,403,"workshop-frontend home (routes/index.tsx, GadgetList.tsx)",() -> GadgetMetadataWithTimestamps[]; front-page listing; provisional gadgets hidden; no pagination yet (TODO),User DO (server.ts AuthenticatedApiImpl fronting UserDurableObject),authenticated session capability (minted by authenticate/authenticateFromCfAccess/login token),read-only,none,idempotent read,preserve,none (kernel-native),contract:req-resp,workspace data migration,manually-reviewed,
AuthenticatedApi,listOutputs,cloudflare-os,bf7f762d7fa73553284d731ab6a978d3ea17be24,packages/workshop-shared/src/api.ts,414,routes/outputs.tsx,"() -> {outputs: OutputSummary[], catchingUp: bool}; user-account-level output index pushed by workspaces; catchingUp=true means call again for more backfill sweep; false = stop asking (not 'complete')",User DO (server.ts AuthenticatedApiImpl fronting UserDurableObject),authenticated session capability (minted by authenticate/authenticateFromCfAccess/login token),read + bounded backfill sweep side effect,none,each call may sweep a bounded number of legacy workspaces - repeated calls converge,preserve,none (kernel-native),contract:req-resp,none,manually-reviewed,Sweep-on-read semantics: preserve exactly; naive reimplementation would spin or miss backfill.
AuthenticatedApi,listOutputFormats,cloudflare-os,bf7f762d7fa73553284d731ab6a978d3ea17be24,packages/workshop-shared/src/api.ts,420,workshop-frontend app shell + settings/profile routes (grep-verified >=1 FE site),"() -> OutputFormatOffer[]; deployment 'New Document/Slides' menu (admin-promoted blueprints, in order)",User DO (server.ts AuthenticatedApiImpl fronting UserDurableObject),authenticated session capability (minted by authenticate/authenticateFromCfAccess/login token),read-only,none,idempotent read,preserve,none (kernel-native),contract:req-resp,none,manually-reviewed,
AuthenticatedApi,listGatekeeperVendors,cloudflare-os,bf7f762d7fa73553284d731ab6a978d3ea17be24,packages/workshop-shared/src/api.ts,423,"9 FE refs: ResourcePicker, GatekeeperModal, connect UI",(filter? {resourceUrl}) -> GatekeeperVendorInfo[]; connectable third-party services; unavailable flag when a bound gatekeeper can't be queried,User DO (server.ts AuthenticatedApiImpl fronting UserDurableObject),authenticated session capability (minted by authenticate/authenticateFromCfAccess/login token),read-only (fans out to gatekeeper workers),none,idempotent read,preserve,none (kernel-native),contract:req-resp,none,manually-reviewed,
AuthenticatedApi,connectAccount,cloudflare-os,bf7f762d7fa73553284d731ab6a978d3ea17be24,packages/workshop-shared/src/api.ts,433,"9 FE refs: GatekeeperModal, ResourcePicker, gatekeepers route","(vendorId, resourceUrlPatterns?) -> {url}; open in new tab to run OAuth; completion observed via subscribeConnectedAccounts; patterns limit grant scope",User DO (server.ts AuthenticatedApiImpl fronting UserDurableObject),authenticated session capability (minted by authenticate/authenticateFromCfAccess/login token),starts OAuth flow (external),completion arrives via ConnectedAccountsSubscriber.add,not idempotent (new flow per call),preserve,none (kernel-native),contract:req-resp,none,manually-reviewed,
AuthenticatedApi,ensureAccountResources,cloudflare-os,bf7f762d7fa73553284d731ab6a978d3ea17be24,packages/workshop-shared/src/api.ts,439,workshop-frontend app shell + settings/profile routes (grep-verified >=1 FE site),"(accountId, resourceUrlPatterns) -> {url?}; expand grant if needed; no url = nothing needed; update observable via subscription",User DO (server.ts AuthenticatedApiImpl fronting UserDurableObject),authenticated session capability (minted by authenticate/authenticateFromCfAccess/login token),may start OAuth expansion flow,updates via ConnectedAccountsSubscriber,idempotent when grant already covers patterns,preserve,none (kernel-native),contract:req-resp,none,manually-reviewed,
AuthenticatedApi,listAddableGatekeepers,cloudflare-os,bf7f762d7fa73553284d731ab6a978d3ea17be24,packages/workshop-shared/src/api.ts,446,workshop-frontend app shell + settings/profile routes (grep-verified >=1 FE site),() -> GatekeeperVendorInfo[]; ambient (auto-provisioning) gatekeepers in 'optional' mode not yet added; same shape as listGatekeeperVendors,User DO (server.ts AuthenticatedApiImpl fronting UserDurableObject),authenticated session capability (minted by authenticate/authenticateFromCfAccess/login token),read-only,none,idempotent read,preserve,none (kernel-native),contract:req-resp,none,manually-reviewed,
AuthenticatedApi,provisionAmbientAccount,cloudflare-os,bf7f762d7fa73553284d731ab6a978d3ea17be24,packages/workshop-shared/src/api.ts,451,workshop-frontend app shell + settings/profile routes (grep-verified >=1 FE site),(vendorId) -> void; opt into ambient gatekeeper - mints connected account with no OAuth; only while mode optional/enabled and no account yet; throws otherwise,User DO (server.ts AuthenticatedApiImpl fronting UserDurableObject),authenticated session capability (minted by authenticate/authenticateFromCfAccess/login token),creates connected account,appears via ConnectedAccountsSubscriber,NOT idempotent - throws if account exists,preserve,none (kernel-native),contract:req-resp,none,manually-reviewed,
AuthenticatedApi,subscribeConnectedAccounts,cloudflare-os,bf7f762d7fa73553284d731ab6a978d3ea17be24,packages/workshop-shared/src/api.ts,460,"7 FE refs: ResourcePicker, GatekeeperModal, OnboardingWizard, ObserverConfigModal, ConnectionChips, gatekeepers route","(subscriber, filter? incl. includeForcedAutoProvisionedAccounts) -> RpcStub<{}> subscription handle; may ensure forced auto-provisioned accounts as side effect of filter option",User DO (server.ts AuthenticatedApiImpl fronting UserDurableObject),authenticated session capability (minted by authenticate/authenticateFromCfAccess/login token),read + (with filter flag) ensures forced ambient accounts,subscription: add/remove/ready on subscriber; DISPOSE handle to cancel,replay-then-ready then incremental; in-order,preserve,none (kernel-native),parity:subscription-replay,none,manually-reviewed,Returned RpcStub<{}> has no methods - disposal IS the API. Parser can't see this; recorded here.
AuthenticatedApi,disconnectAccount,cloudflare-os,bf7f762d7fa73553284d731ab6a978d3ea17be24,packages/workshop-shared/src/api.ts,465,workshop-frontend app shell + settings/profile routes (grep-verified >=1 FE site),(accountId) -> void; removes account AND revokes token upstream,User DO (server.ts AuthenticatedApiImpl fronting UserDurableObject),authenticated session capability (minted by authenticate/authenticateFromCfAccess/login token),deletes account + external token revocation,removal via ConnectedAccountsSubscriber,destructive; not retry-distinguishable,preserve,none (kernel-native),contract:req-resp,none,manually-reviewed,
AuthenticatedApi,startResourceConfigurator,cloudflare-os,bf7f762d7fa73553284d731ab6a978d3ea17be24,packages/workshop-shared/src/api.ts,471,workshop-frontend app shell + settings/profile routes (grep-verified >=1 FE site),"(accountId, resourceUrlPattern) -> ResourceConfiguratorFrame (iframe HTML + capability) for picking a specific resource",User DO (server.ts AuthenticatedApiImpl fronting UserDurableObject),authenticated session capability (minted by authenticate/authenticateFromCfAccess/login token),read; mints configurator UI capability,frame speaks MessagePort RPC,new frame per call,preserve,none (kernel-native),contract:capability-lifecycle,none,manually-reviewed,
AuthenticatedApi,dismissSharedGadget,cloudflare-os,bf7f762d7fa73553284d731ab6a978d3ea17be24,packages/workshop-shared/src/api.ts,478,workshop-frontend app shell + settings/profile routes (grep-verified >=1 FE site),(gadgetId) -> void; hides shared gadget from home listing; does NOT revoke access (reopening re-lists it),User DO (server.ts AuthenticatedApiImpl fronting UserDurableObject),authenticated session capability (minted by authenticate/authenticateFromCfAccess/login token),writes listing state only,none,idempotent write,preserve,none (kernel-native),contract:req-resp,none,manually-reviewed,
AuthenticatedApi,listOwnBlueprints,cloudflare-os,bf7f762d7fa73553284d731ab6a978d3ea17be24,packages/workshop-shared/src/api.ts,482,workshop-frontend app shell + settings/profile routes (grep-verified >=1 FE site),() -> BlueprintUserSummary[]; blueprints created by user (audit view; source field says if origin workspace still exists),User DO (server.ts AuthenticatedApiImpl fronting UserDurableObject),authenticated session capability (minted by authenticate/authenticateFromCfAccess/login token),read-only,none,idempotent read,preserve,none (kernel-native),contract:req-resp,none,manually-reviewed,
AuthenticatedApi,getOwnBlueprint,cloudflare-os,bf7f762d7fa73553284d731ab6a978d3ea17be24,packages/workshop-shared/src/api.ts,485,workshop-frontend app shell + settings/profile routes (grep-verified >=1 FE site),(blueprintId) -> BlueprintUserSummary | null (null if not owned by user),User DO (server.ts AuthenticatedApiImpl fronting UserDurableObject),authenticated session capability (minted by authenticate/authenticateFromCfAccess/login token),read-only,none,idempotent read,preserve,none (kernel-native),contract:req-resp,none,manually-reviewed,
AuthenticatedApi,listLibraryBlueprints,cloudflare-os,bf7f762d7fa73553284d731ab6a978d3ea17be24,packages/workshop-shared/src/api.ts,489,workshop-frontend app shell + settings/profile routes (grep-verified >=1 FE site),() -> BlueprintLibrarySummary[]; uploaded archives + saved-by-reference blueprints,User DO (server.ts AuthenticatedApiImpl fronting UserDurableObject),authenticated session capability (minted by authenticate/authenticateFromCfAccess/login token),read-only,none,idempotent read,preserve,none (kernel-native),contract:req-resp,none,manually-reviewed,
AuthenticatedApi,setBlueprintPinned,cloudflare-os,bf7f762d7fa73553284d731ab6a978d3ea17be24,packages/workshop-shared/src/api.ts,493,workshop-frontend app shell + settings/profile routes (grep-verified >=1 FE site),"(blueprintId, pinned) -> void; pinning a public blueprint not yet yours saves it to library first",User DO (server.ts AuthenticatedApiImpl fronting UserDurableObject),authenticated session capability (minted by authenticate/authenticateFromCfAccess/login token),writes pin (may implicitly add to library),none,idempotent write,preserve,none (kernel-native),contract:req-resp,none,manually-reviewed,Implicit add-to-library side effect is easy to lose in a rewrite - parity-test it.
AuthenticatedApi,isBlueprintPinned,cloudflare-os,bf7f762d7fa73553284d731ab6a978d3ea17be24,packages/workshop-shared/src/api.ts,496,workshop-frontend app shell + settings/profile routes (grep-verified >=1 FE site),(blueprintId) -> boolean,User DO (server.ts AuthenticatedApiImpl fronting UserDurableObject),authenticated session capability (minted by authenticate/authenticateFromCfAccess/login token),read-only,none,idempotent read,preserve,none (kernel-native),contract:req-resp,none,manually-reviewed,
AuthenticatedApi,listFeaturedBlueprints,cloudflare-os,bf7f762d7fa73553284d731ab6a978d3ea17be24,packages/workshop-shared/src/api.ts,500,workshop-frontend app shell + settings/profile routes (grep-verified >=1 FE site),() -> BlueprintPublicInfo[]; deployment-featured; served from KV snapshot not AdminSettings DO,User DO (server.ts AuthenticatedApiImpl fronting UserDurableObject),authenticated session capability (minted by authenticate/authenticateFromCfAccess/login token),read-only (KV),none,idempotent read,preserve,none (kernel-native),contract:req-resp,none,manually-reviewed,Snapshot serving = eventual consistency vs admin edits; preserve.
AuthenticatedApi,addBlueprintToLibrary,cloudflare-os,bf7f762d7fa73553284d731ab6a978d3ea17be24,packages/workshop-shared/src/api.ts,504,workshop-frontend app shell + settings/profile routes (grep-verified >=1 FE site),"(blueprintId) -> void; by reference, caches current public metadata snapshot",User DO (server.ts AuthenticatedApiImpl fronting UserDurableObject),authenticated session capability (minted by authenticate/authenticateFromCfAccess/login token),writes library entry,none,re-add semantics unspecified - pin in test,preserve,none (kernel-native),contract:req-resp,none,manually-reviewed,
AuthenticatedApi,removeBlueprintFromLibrary,cloudflare-os,bf7f762d7fa73553284d731ab6a978d3ea17be24,packages/workshop-shared/src/api.ts,508,workshop-frontend app shell + settings/profile routes (grep-verified >=1 FE site),(blueprintId) -> void; if entry was user-uploaded also deletes backing blueprint content,User DO (server.ts AuthenticatedApiImpl fronting UserDurableObject),authenticated session capability (minted by authenticate/authenticateFromCfAccess/login token),deletes library entry (+ content if uploaded),none,destructive for uploads,preserve,none (kernel-native),contract:req-resp,none,manually-reviewed,Upload-vs-reference asymmetry matters: removing an upload destroys data.
AuthenticatedApi,isBlueprintInLibrary,cloudflare-os,bf7f762d7fa73553284d731ab6a978d3ea17be24,packages/workshop-shared/src/api.ts,512,workshop-frontend app shell + settings/profile routes (grep-verified >=1 FE site),(blueprintId) -> {uploaded} | null,User DO (server.ts AuthenticatedApiImpl fronting UserDurableObject),authenticated session capability (minted by authenticate/authenticateFromCfAccess/login token),read-only,none,idempotent read,preserve,none (kernel-native),contract:req-resp,none,manually-reviewed,
AuthenticatedApi,newGadgetFromBlueprint,cloudflare-os,bf7f762d7fa73553284d731ab6a978d3ea17be24,packages/workshop-shared/src/api.ts,522,workshop-frontend app shell + settings/profile routes (grep-verified >=1 FE site),"(blueprintId, bindings: Record<name, BlueprintBindingAssignment>) -> RpcStub<Overseer>; every required binding must be present; throws on missing/invalid accountId/modelId; reads KV + R2 code, creates Overseer DO + gatekeepers",User DO (server.ts AuthenticatedApiImpl fronting UserDurableObject),authenticated session capability (minted by authenticate/authenticateFromCfAccess/login token),creates workspace + gatekeepers,returns Overseer capability (pipelining-friendly),not idempotent,preserve,none (kernel-native),contract:capability-lifecycle,none,manually-reviewed,
AuthenticatedApi,deleteOrphanedBlueprint,cloudflare-os,bf7f762d7fa73553284d731ab6a978d3ea17be24,packages/workshop-shared/src/api.ts,529,workshop-frontend app shell + settings/profile routes (grep-verified >=1 FE site),(blueprintId) -> void; works even when source gadget deleted (User DO + KV directly),User DO (server.ts AuthenticatedApiImpl fronting UserDurableObject),authenticated session capability (minted by authenticate/authenticateFromCfAccess/login token),deletes blueprint,none,destructive,preserve,none (kernel-native),contract:req-resp,none,manually-reviewed,
AuthenticatedApi,importBlueprint,cloudflare-os,bf7f762d7fa73553284d731ab6a978d3ea17be24,packages/workshop-shared/src/api.ts,533,workshop-frontend app shell + settings/profile routes (grep-verified >=1 FE site),(archive: ReadableStream) -> blueprintId; imports .gadget archive as local blueprint owned by user,User DO (server.ts AuthenticatedApiImpl fronting UserDurableObject),authenticated session capability (minted by authenticate/authenticateFromCfAccess/login token),creates blueprint from stream,none,not idempotent (new id per call),preserve,none (kernel-native),contract:streaming,none,manually-reviewed,
AuthenticatedApi,reconnectAccount,cloudflare-os,bf7f762d7fa73553284d731ab6a978d3ea17be24,packages/workshop-shared/src/api.ts,538,5 FE refs incl. ConnectionChips + GatekeeperModal,(accountId) -> {url}; re-auth expired credentials; on completion subscribers see credentialsValid:true,User DO (server.ts AuthenticatedApiImpl fronting UserDurableObject),authenticated session capability (minted by authenticate/authenticateFromCfAccess/login token),starts OAuth flow,update via ConnectedAccountsSubscriber,new flow per call,preserve,none (kernel-native),contract:req-resp,none,manually-reviewed,
AuthenticatedApi,listGatekeeperApps,cloudflare-os,bf7f762d7fa73553284d731ab6a978d3ea17be24,packages/workshop-shared/src/api.ts,545,useGatekeeperApps.ts,() -> GatekeeperAppInfo[]; gatekeepers exposing full-page management UI (nav entry + /gatekeepers/$id page each),User DO (server.ts AuthenticatedApiImpl fronting UserDurableObject),authenticated session capability (minted by authenticate/authenticateFromCfAccess/login token),read-only,none,idempotent read,preserve,none (kernel-native),contract:req-resp,none,manually-reviewed,
AuthenticatedApi,getGatekeeperApp,cloudflare-os,bf7f762d7fa73553284d731ab6a978d3ea17be24,packages/workshop-shared/src/api.ts,550,routes/gatekeepers_.$appId.tsx,(id) -> GatekeeperUiFrame | null; sandboxed iframe HTML + gatekeeper 'ui' capability over MessagePort RPC,User DO (server.ts AuthenticatedApiImpl fronting UserDurableObject),authenticated session capability (minted by authenticate/authenticateFromCfAccess/login token),read; mints UI capability,frame speaks MessagePort RPC,new frame per call,preserve,none (kernel-native),contract:capability-lifecycle,none,manually-reviewed,
AuthenticatedApi,amIAdmin,cloudflare-os,bf7f762d7fa73553284d731ab6a978d3ea17be24,packages/workshop-shared/src/api.ts,556,workshop-frontend app shell + settings/profile routes (grep-verified >=1 FE site),() -> boolean; client uses to decide whether to render admin UI,User DO (server.ts AuthenticatedApiImpl fronting UserDurableObject),authenticated session capability (minted by authenticate/authenticateFromCfAccess/login token),read-only,none,idempotent read,preserve,none (kernel-native),contract:req-resp,none,manually-reviewed,
AuthenticatedApi,getAdminApi,cloudflare-os,bf7f762d7fa73553284d731ab6a978d3ea17be24,packages/workshop-shared/src/api.ts,562,workshop-frontend app shell + settings/profile routes (grep-verified >=1 FE site),() -> RpcStub<AdminApi> | null (null for non-admin); THE admin access check happens here once,User DO (server.ts AuthenticatedApiImpl fronting UserDurableObject),authenticated session capability (minted by authenticate/authenticateFromCfAccess/login token),mints admin capability,returns AdminApi capability,idempotent,preserve,none (kernel-native),contract:capability-lifecycle,none,manually-reviewed,"Auth config (SSO providers, password login) deliberately NOT behind AdminApi - env-var driven."
AdminApi,getSettings,cloudflare-os,bf7f762d7fa73553284d731ab6a978d3ea17be24,packages/workshop-shared/src/api.ts,752,workshop-frontend AdminPage.tsx (routes/admin.tsx),"() -> AdminSettingsView (signups, siteName/logo, instanceInstructions, announcement, banner, accentColor, resourceVendors, formats) in one call",AdminSettings DO (admin-settings.ts AdminApiImpl),deployment admin; access checked ONCE when getAdminApi mints the stub - no per-call re-check,read-only,none,idempotent read,preserve,none (kernel-native),contract:req-resp,none,manually-reviewed,
AdminApi,setSignupsEnabled,cloudflare-os,bf7f762d7fa73553284d731ab6a978d3ea17be24,packages/workshop-shared/src/api.ts,755,workshop-frontend AdminPage.tsx (routes/admin.tsx),(enabled) -> void; existing users still log in while closed,AdminSettings DO (admin-settings.ts AdminApiImpl),deployment admin; access checked ONCE when getAdminApi mints the stub - no per-call re-check,writes deployment setting,none,idempotent write,preserve,none (kernel-native),contract:req-resp,none,manually-reviewed,
AdminApi,setSiteName,cloudflare-os,bf7f762d7fa73553284d731ab6a978d3ea17be24,packages/workshop-shared/src/api.ts,759,workshop-frontend AdminPage.tsx (routes/admin.tsx),(name) -> void; '' resets to DEFAULT_SITE_NAME; rejects > MAX_SITE_NAME_LENGTH (40),AdminSettings DO (admin-settings.ts AdminApiImpl),deployment admin; access checked ONCE when getAdminApi mints the stub - no per-call re-check,writes branding,none,idempotent write; validated,preserve,none (kernel-native),contract:req-resp,none,manually-reviewed,
AdminApi,setSiteLogo,cloudflare-os,bf7f762d7fa73553284d731ab6a978d3ea17be24,packages/workshop-shared/src/api.ts,764,workshop-frontend AdminPage.tsx (routes/admin.tsx),"(PNG bytes | null=default) -> AvatarImage | undefined; server enforces PNG header, MAX_SITE_LOGO_BYTES 256KiB, MAX_SITE_LOGO_DIMENSION 512",AdminSettings DO (admin-settings.ts AdminApiImpl),deployment admin; access checked ONCE when getAdminApi mints the stub - no per-call re-check,writes branding blob,none,idempotent write; validated,preserve,none (kernel-native),contract:req-resp,none,manually-reviewed,
AdminApi,setInstanceInstructions,cloudflare-os,bf7f762d7fa73553284d731ab6a978d3ea17be24,packages/workshop-shared/src/api.ts,767,workshop-frontend AdminPage.tsx (routes/admin.tsx),(text) -> void; agent system-prompt instructions; '' clears; rejects > MAX_INSTANCE_INSTRUCTIONS_LENGTH (8000),AdminSettings DO (admin-settings.ts AdminApiImpl),deployment admin; access checked ONCE when getAdminApi mints the stub - no per-call re-check,writes agent config,none,idempotent write; validated,preserve,none (kernel-native),contract:req-resp,none,manually-reviewed,Feeds every agent's system prompt - security-relevant admin surface.
AdminApi,setResourceEnabled,cloudflare-os,bf7f762d7fa73553284d731ab6a978d3ea17be24,packages/workshop-shared/src/api.ts,772,workshop-frontend AdminPage.tsx (routes/admin.tsx),"(vendorId, urlPattern, enabled) -> void; SOFT enforcement: hides from connect UI/picker/agent, does NOT revoke capabilities gadgets already hold",AdminSettings DO (admin-settings.ts AdminApiImpl),deployment admin; access checked ONCE when getAdminApi mints the stub - no per-call re-check,writes resource policy,none,idempotent write,preserve,none (kernel-native),contract:req-resp,none,manually-reviewed,Soft-disable semantics are deliberate; do not 'fix' into revocation.
AdminApi,setGatekeeperMode,cloudflare-os,bf7f762d7fa73553284d731ab6a978d3ea17be24,packages/workshop-shared/src/api.ts,779,workshop-frontend AdminPage.tsx (routes/admin.tsx),"(vendorId, mode: disabled|optional|enabled) -> void; ambient gatekeepers get 3-state, ordinary ones reject 'optional'; disabled leaves ambient data dormant not deleted",AdminSettings DO (admin-settings.ts AdminApiImpl),deployment admin; access checked ONCE when getAdminApi mints the stub - no per-call re-check,writes vendor policy,none,idempotent write; validated,preserve,none (kernel-native),contract:req-resp,none,manually-reviewed,
AdminApi,setAnnouncement,cloudflare-os,bf7f762d7fa73553284d731ab6a978d3ea17be24,packages/workshop-shared/src/api.ts,783,workshop-frontend AdminPage.tsx (routes/admin.tsx),(text) -> void; top-bar notice; '' clears; rejects > MAX_ANNOUNCEMENT_LENGTH (2000),AdminSettings DO (admin-settings.ts AdminApiImpl),deployment admin; access checked ONCE when getAdminApi mints the stub - no per-call re-check,writes deployment notice,none,idempotent write; validated,preserve,none (kernel-native),contract:req-resp,none,manually-reviewed,
AdminApi,setBanner,cloudflare-os,bf7f762d7fa73553284d731ab6a978d3ea17be24,packages/workshop-shared/src/api.ts,787,workshop-frontend AdminPage.tsx (routes/admin.tsx),"(text, BannerColor) -> void; full-width banner; empty text hides; validates color + length",AdminSettings DO (admin-settings.ts AdminApiImpl),deployment admin; access checked ONCE when getAdminApi mints the stub - no per-call re-check,writes deployment banner,none,idempotent write; validated,preserve,none (kernel-native),contract:req-resp,none,manually-reviewed,
AdminApi,setAccentColor,cloudflare-os,bf7f762d7fa73553284d731ab6a978d3ea17be24,packages/workshop-shared/src/api.ts,791,workshop-frontend AdminPage.tsx (routes/admin.tsx),(hex|'' ) -> void; validated 3/6-digit hex (isHexColor prevents CSS injection),AdminSettings DO (admin-settings.ts AdminApiImpl),deployment admin; access checked ONCE when getAdminApi mints the stub - no per-call re-check,writes theme,none,idempotent write; validated,preserve,none (kernel-native),contract:req-resp,none,manually-reviewed,
AdminApi,isBlueprintFeatured,cloudflare-os,bf7f762d7fa73553284d731ab6a978d3ea17be24,packages/workshop-shared/src/api.ts,795,workshop-frontend AdminPage.tsx (routes/admin.tsx),(blueprintId) -> boolean | null (null = not featurable),AdminSettings DO (admin-settings.ts AdminApiImpl),deployment admin; access checked ONCE when getAdminApi mints the stub - no per-call re-check,read-only,none,idempotent read,preserve,none (kernel-native),contract:req-resp,none,manually-reviewed,
AdminApi,setBlueprintFeatured,cloudflare-os,bf7f762d7fa73553284d731ab6a978d3ea17be24,packages/workshop-shared/src/api.ts,798,workshop-frontend AdminPage.tsx (routes/admin.tsx),"(blueprintId, featured) -> void; also mirrors into KV snapshot read by listFeaturedBlueprints",AdminSettings DO (admin-settings.ts AdminApiImpl),deployment admin; access checked ONCE when getAdminApi mints the stub - no per-call re-check,writes curation + KV mirror,none,idempotent write,preserve,none (kernel-native),contract:req-resp,none,manually-reviewed,
AdminApi,promoteFormat,cloudflare-os,bf7f762d7fa73553284d731ab6a978d3ea17be24,packages/workshop-shared/src/api.ts,809,workshop-frontend AdminPage.tsx (routes/admin.tsx),(blueprintId) -> void; adds blueprint as standard format appended last; throws if blueprint missing; re-promoting existing leaves curation alone (repairs failed mirror write),AdminSettings DO (admin-settings.ts AdminApiImpl),deployment admin; access checked ONCE when getAdminApi mints the stub - no per-call re-check,writes format list + mirror,none,EXPLICITLY idempotent/repair-safe (documented),preserve,none (kernel-native),contract:req-resp,none,manually-reviewed,Retry-repairs failed mirror write - keep this exact semantics.
AdminApi,removeFormat,cloudflare-os,bf7f762d7fa73553284d731ab6a978d3ea17be24,packages/workshop-shared/src/api.ts,817,workshop-frontend AdminPage.tsx (routes/admin.tsx),(blueprintId) -> void; forgets curation; REFUSED for bundled blueprints (use enabled:false instead),AdminSettings DO (admin-settings.ts AdminApiImpl),deployment admin; access checked ONCE when getAdminApi mints the stub - no per-call re-check,writes format list,none,destructive for curation; guarded for bundled,preserve,none (kernel-native),contract:req-resp,none,manually-reviewed,
AdminApi,updateFormat,cloudflare-os,bf7f762d7fa73553284d731ab6a978d3ea17be24,packages/workshop-shared/src/api.ts,821,workshop-frontend AdminPage.tsx (routes/admin.tsx),"(blueprintId, AdminFormatPatch) -> void; partial: absent fields unchanged; agentHint '' clears; overrides field null reverts to blueprint declaration",AdminSettings DO (admin-settings.ts AdminApiImpl),deployment admin; access checked ONCE when getAdminApi mints the stub - no per-call re-check,writes curation,none,idempotent patch,preserve,none (kernel-native),contract:req-resp,none,manually-reviewed,
AdminApi,setFormatOrder,cloudflare-os,bf7f762d7fa73553284d731ab6a978d3ea17be24,packages/workshop-shared/src/api.ts,824,workshop-frontend AdminPage.tsx (routes/admin.tsx),(blueprintIds) -> void; must be a permutation of currently promoted ids,AdminSettings DO (admin-settings.ts AdminApiImpl),deployment admin; access checked ONCE when getAdminApi mints the stub - no per-call re-check,writes menu order,none,idempotent write; validated permutation,preserve,none (kernel-native),contract:req-resp,none,manually-reviewed,
CodeSubscriber,update,cloudflare-os,bf7f762d7fa73553284d731ab6a978d3ea17be24,packages/workshop-shared/src/api.ts,1186,server->client push; GadgetCodeInterface.tsx implements,"(CodeUpdate {version-after, timestamp, Yjs V2 update blob}) -> void; server may send several rapid calls without awaiting; subscriber MUST apply or queue synchronously to keep order",client (callback target),stub passed to Overseer.subscribeToCode,client applies Yjs update,callback (server->client),in-order delivery guaranteed by Cap'n Web; synchronous handling REQUIRED (documented),preserve,none (kernel-native),parity:subscription-replay,none,manually-reviewed,Yjs V2 encoding is part of the wire contract.
CodeSubscriber,ready,cloudflare-os,bf7f762d7fa73553284d731ab6a978d3ea17be24,packages/workshop-shared/src/api.ts,1190,server->client push; GadgetCodeInterface.tsx implements,() -> void; first time subscriber is up-to-date with latest server version,client (callback target),stub passed to Overseer.subscribeToCode,client loading-state flip,callback (server->client),"once, after catch-up",preserve,none (kernel-native),parity:subscription-replay,none,manually-reviewed,
Overseer,getMetadata,cloudflare-os,bf7f762d7fa73553284d731ab6a978d3ea17be24,packages/workshop-shared/src/api.ts,1296,workshop-frontend workspace editor (routes/workspace.$id.tsx + ChatInterface/GadgetCodeInterface/ShareModal etc; grep-verified),"() -> GadgetMetadata (id, title, totalCost, pinned, owner?, role?, sharingProhibited?, defaultGadgetId?)",Overseer DO - one per workspace (overseer.ts OverseerClientInterface),workspace collaborator capability from openGadget; role-gated: UseOverseerInterface (overseer.ts:8767) default-denies everything not allowed to 'use' role,read-only,none,idempotent read,preserve,none (kernel-native),contract:req-resp,none,manually-reviewed,
Overseer,subscribeToMetadata,cloudflare-os,bf7f762d7fa73553284d731ab6a978d3ea17be24,packages/workshop-shared/src/api.ts,1304,workshop-frontend workspace editor (routes/workspace.$id.tsx + ChatInterface/GadgetCodeInterface/ShareModal etc; grep-verified),(callback: RpcStub<(metadata)=>void>) -> RpcStub<{}> handle; callback fired once immediately with current value then on every change; dispose handle to cancel,Overseer DO - one per workspace (overseer.ts OverseerClientInterface),workspace collaborator capability from openGadget; role-gated: UseOverseerInterface (overseer.ts:8767) default-denies everything not allowed to 'use' role,read + subscription,anonymous function-typed callback (see separate capability row),immediate initial call then in-order updates,preserve,none (kernel-native),parity:subscription-replay,none,manually-reviewed,
Overseer,subscribeToMetadata.callback,cloudflare-os,bf7f762d7fa73553284d731ab6a978d3ea17be24,packages/workshop-shared/src/api.ts,1305,server->client push; workspace shell metadata (title/pin/cost) display,ANONYMOUS CALLABLE: (metadata: GadgetMetadata) => void; client-implemented function stub invoked by server,Overseer DO - one per workspace (overseer.ts OverseerClientInterface),workspace collaborator capability from openGadget; role-gated: UseOverseerInterface (overseer.ts:8767) default-denies everything not allowed to 'use' role,client-side state update,callback (server->client); function-typed - NOT a named interface,"called once immediately on subscribe, then per change, in order",preserve,none (kernel-native),parity:subscription-replay,none,manually-reviewed,"MISSED BY MECHANICAL PARSER (bare arrow type, api.ts:1305). Only anonymous callable in the file."
Overseer,subscribeToPresence,cloudflare-os,bf7f762d7fa73553284d731ab6a978d3ea17be24,packages/workshop-shared/src/api.ts,1310,components/GadgetPresence.tsx,(PresenceSubscriber) -> handle; roster init then add/remove; viewer present for lifetime of openGadget session,Overseer DO - one per workspace (overseer.ts OverseerClientInterface),workspace collaborator capability from openGadget; role-gated: UseOverseerInterface (overseer.ts:8767) default-denies everything not allowed to 'use' role,read + subscription,PresenceSubscriber callbacks,init-then-incremental; in-order,preserve,none (kernel-native),parity:subscription-replay,none,manually-reviewed,
Overseer,setTitle,cloudflare-os,bf7f762d7fa73553284d731ab6a978d3ea17be24,packages/workshop-shared/src/api.ts,1313,workshop-frontend workspace editor (routes/workspace.$id.tsx + ChatInterface/GadgetCodeInterface/ShareModal etc; grep-verified),(title) -> void; workspace title,Overseer DO - one per workspace (overseer.ts OverseerClientInterface),workspace collaborator capability from openGadget; role-gated: UseOverseerInterface (overseer.ts:8767) default-denies everything not allowed to 'use' role,writes metadata,none,idempotent write,preserve,none (kernel-native),contract:req-resp,none,manually-reviewed,
Overseer,setPinned,cloudflare-os,bf7f762d7fa73553284d731ab6a978d3ea17be24,packages/workshop-shared/src/api.ts,1316,workshop-frontend workspace editor (routes/workspace.$id.tsx + ChatInterface/GadgetCodeInterface/ShareModal etc; grep-verified),(pinned) -> void; pin workspace in user's list,Overseer DO - one per workspace (overseer.ts OverseerClientInterface),workspace collaborator capability from openGadget; role-gated: UseOverseerInterface (overseer.ts:8767) default-denies everything not allowed to 'use' role,writes per-user pin,none,idempotent write,preserve,none (kernel-native),contract:req-resp,none,manually-reviewed,
Overseer,deleteSelf,cloudflare-os,bf7f762d7fa73553284d731ab6a978d3ea17be24,packages/workshop-shared/src/api.ts,1322,workshop-frontend workspace editor (routes/workspace.$id.tsx + ChatInterface/GadgetCodeInterface/ShareModal etc; grep-verified),"() -> void; delete workspace + all data, remove from list; further calls fail (undelete TODO)",Overseer DO - one per workspace (overseer.ts OverseerClientInterface),workspace collaborator capability from openGadget; role-gated: UseOverseerInterface (overseer.ts:8767) default-denies everything not allowed to 'use' role,destroys DO state,none,destructive; terminal,preserve,none (kernel-native),contract:req-resp,none,manually-reviewed,
Overseer,subscribeToWorkpieces,cloudflare-os,bf7f762d7fa73553284d731ab6a978d3ea17be24,packages/workshop-shared/src/api.ts,1331,workshop-frontend workspace editor (routes/workspace.$id.tsx + ChatInterface/GadgetCodeInterface/ShareModal etc; grep-verified),"(WorkpiecesSubscriber) -> handle; entry() per existing workpiece, ready(), then incremental entry()/removed(); v1 delivers gadget-type only",Overseer DO - one per workspace (overseer.ts OverseerClientInterface),workspace collaborator capability from openGadget; role-gated: UseOverseerInterface (overseer.ts:8767) default-denies everything not allowed to 'use' role,read + subscription,WorkpiecesSubscriber callbacks,replay-then-ready; in-order,preserve,none (kernel-native),parity:subscription-replay,none,manually-reviewed,
Overseer,createGadget,cloudflare-os,bf7f762d7fa73553284d731ab6a978d3ea17be24,packages/workshop-shared/src/api.ts,1348,backend agent createGadget tool (8 BE refs); no direct FE caller (FE renders the tool record),"(title required, chatId?, bindingName?) -> RpcStub<GadgetClient>; with chatId creation is provisional to that chat (merge makes permanent, revert deletes); bindingName validated/unique else server derives from title (quick model or fallback); throws on name collision incl. names pending in other chats",Overseer DO - one per workspace (overseer.ts OverseerClientInterface),workspace collaborator capability from openGadget; role-gated: UseOverseerInterface (overseer.ts:8767) default-denies everything not allowed to 'use' role,creates gadget workpiece (possibly provisional),returns GadgetClient capability,not idempotent; name-collision throws,preserve,none (kernel-native),contract:capability-lifecycle,none,manually-reviewed,Provisional-to-chat lifecycle shared with code changes - parity test with merge/revert.
Overseer,getGadget,cloudflare-os,bf7f762d7fa73553284d731ab6a978d3ea17be24,packages/workshop-shared/src/api.ts,1353,workshop-frontend workspace editor (routes/workspace.$id.tsx + ChatInterface/GadgetCodeInterface/ShareModal etc; grep-verified),(WorkpieceId) -> RpcStub<GadgetClient>; throws if missing (pipelining-friendly),Overseer DO - one per workspace (overseer.ts OverseerClientInterface),workspace collaborator capability from openGadget; role-gated: UseOverseerInterface (overseer.ts:8767) default-denies everything not allowed to 'use' role,read; mints capability,returns GadgetClient capability,idempotent,preserve,none (kernel-native),contract:capability-lifecycle,none,manually-reviewed,
Overseer,subscribeToCode,cloudflare-os,bf7f762d7fa73553284d731ab6a978d3ea17be24,packages/workshop-shared/src/api.ts,1366,GadgetCodeInterface.tsx,"(CodeSubscriber, fromVersion?) -> handle; one Yjs doc per workspace, per-workpiece root Y.Map (WorkpieceSummary.filesRoot); updates whole-doc, may span workpieces; omit/0 fromVersion = full download",Overseer DO - one per workspace (overseer.ts OverseerClientInterface),workspace collaborator capability from openGadget; role-gated: UseOverseerInterface (overseer.ts:8767) default-denies everything not allowed to 'use' role,read + subscription,CodeSubscriber callbacks,in-order; resumable via fromVersion,preserve,none (kernel-native),parity:subscription-replay,none,manually-reviewed,
Overseer,updateCode,cloudflare-os,bf7f762d7fa73553284d731ab6a978d3ea17be24,packages/workshop-shared/src/api.ts,1372,GadgetCodeInterface.tsx,"(Yjs V2 update, chatId?) -> void; no chatId = committed mainline; with chatId = live draft edit on that chat's branch",Overseer DO - one per workspace (overseer.ts OverseerClientInterface),workspace collaborator capability from openGadget; role-gated: UseOverseerInterface (overseer.ts:8767) default-denies everything not allowed to 'use' role,writes code doc (mainline or draft layer),fan-out to CodeSubscribers/AiChatSubscriber.draftUpdate,CRDT merge - commutative/idempotent at Yjs level; branch routing by chatId is load-bearing,preserve,none (kernel-native),contract:req-resp,none,manually-reviewed,
Overseer,getGatekeeperById,cloudflare-os,bf7f762d7fa73553284d731ab6a978d3ea17be24,packages/workshop-shared/src/api.ts,1375,backend agent paths (2 BE refs); no direct FE caller found,(WorkpieceId) -> GatekeeperClient<any>; throws if missing,Overseer DO - one per workspace (overseer.ts OverseerClientInterface),workspace collaborator capability from openGadget; role-gated: UseOverseerInterface (overseer.ts:8767) default-denies everything not allowed to 'use' role,read; mints capability,returns GatekeeperClient capability,idempotent,preserve,none (kernel-native),contract:capability-lifecycle,none,manually-reviewed,
Overseer,newGatekeeper,cloudflare-os,bf7f762d7fa73553284d731ab6a978d3ea17be24,packages/workshop-shared/src/api.ts,1385,workshop-frontend workspace editor (routes/workspace.$id.tsx + ChatInterface/GadgetCodeInterface/ShareModal etc; grep-verified),"(accountId, resourceUrl) -> GatekeeperClient<any> | null; workspace-level workpiece, NOT auto-bound into any gadget env (use GadgetClient.bind*)",Overseer DO - one per workspace (overseer.ts OverseerClientInterface),workspace collaborator capability from openGadget; role-gated: UseOverseerInterface (overseer.ts:8767) default-denies everything not allowed to 'use' role,creates gatekeeper (connection),returns capability,not idempotent,preserve,none (kernel-native),contract:capability-lifecycle,none,manually-reviewed,
Overseer,newAiModelGatekeeper,cloudflare-os,bf7f762d7fa73553284d731ab6a978d3ea17be24,packages/workshop-shared/src/api.ts,1389,workshop-frontend workspace editor (routes/workspace.$id.tsx + ChatInterface/GadgetCodeInterface/ShareModal etc; grep-verified),(modelId from listModels) -> GatekeeperClient<any>,Overseer DO - one per workspace (overseer.ts OverseerClientInterface),workspace collaborator capability from openGadget; role-gated: UseOverseerInterface (overseer.ts:8767) default-denies everything not allowed to 'use' role,creates AI-model gatekeeper,returns capability,not idempotent,preserve,none (kernel-native),contract:capability-lifecycle,none,manually-reviewed,
Overseer,newAgentSpawnerGatekeeper,cloudflare-os,bf7f762d7fa73553284d731ab6a978d3ea17be24,packages/workshop-shared/src/api.ts,1393,workshop-frontend workspace editor (routes/workspace.$id.tsx + ChatInterface/GadgetCodeInterface/ShareModal etc; grep-verified),"(AgentSpawnerConfig {displayName, modelId|null, env: name->WorkpieceId}) -> GatekeeperClient<any>; lets gadget spawn agent chats; env snapshotted per spawn",Overseer DO - one per workspace (overseer.ts OverseerClientInterface),workspace collaborator capability from openGadget; role-gated: UseOverseerInterface (overseer.ts:8767) default-denies everything not allowed to 'use' role,creates spawner gatekeeper,returns capability,not idempotent,preserve,none (kernel-native),contract:capability-lifecycle,none,manually-reviewed,env entries deliberately not limited to gadget-held bindings.
Overseer,listActions,cloudflare-os,bf7f762d7fa73553284d731ab6a978d3ea17be24,packages/workshop-shared/src/api.ts,1397,backend only (2 refs); FE deliberately uses subscribeToActions to avoid stale-race (useActions.ts comment),() -> ActionLogEntry[]; full history (pagination TODO),Overseer DO - one per workspace (overseer.ts OverseerClientInterface),workspace collaborator capability from openGadget; role-gated: UseOverseerInterface (overseer.ts:8767) default-denies everything not allowed to 'use' role,read-only,none,idempotent read,preserve,none (kernel-native),contract:req-resp,none,manually-reviewed,
Overseer,approveAction,cloudflare-os,bf7f762d7fa73553284d731ab6a978d3ea17be24,packages/workshop-shared/src/api.ts,1401,useResolveAction.ts,(id) -> void; pending action approved AND performed on approval,Overseer DO - one per workspace (overseer.ts OverseerClientInterface),workspace collaborator capability from openGadget; role-gated: UseOverseerInterface (overseer.ts:8767) default-denies everything not allowed to 'use' role,executes gatekeeper action,result surfaces via ActionsSubscriber + chat,transition pending->approved only; re-approve semantics pin in test,preserve,none (kernel-native),contract:req-resp,none,manually-reviewed,
Overseer,rejectAction,cloudflare-os,bf7f762d7fa73553284d731ab6a978d3ea17be24,packages/workshop-shared/src/api.ts,1405,useResolveAction.ts,(id) -> void; notifies gatekeeper it will never be approved,Overseer DO - one per workspace (overseer.ts OverseerClientInterface),workspace collaborator capability from openGadget; role-gated: UseOverseerInterface (overseer.ts:8767) default-denies everything not allowed to 'use' role,writes action state,via ActionsSubscriber,transition pending->rejected only,preserve,none (kernel-native),contract:req-resp,none,manually-reviewed,
Overseer,listHooks,cloudflare-os,bf7f762d7fa73553284d731ab6a978d3ea17be24,packages/workshop-shared/src/api.ts,1411,workshop-frontend workspace editor (routes/workspace.$id.tsx + ChatInterface/GadgetCodeInterface/ShareModal etc; grep-verified),() -> BoundHookInfo[]; workspace-wide (each entry names gadgetId it wakes; per-gadget view filters),Overseer DO - one per workspace (overseer.ts OverseerClientInterface),workspace collaborator capability from openGadget; role-gated: UseOverseerInterface (overseer.ts:8767) default-denies everything not allowed to 'use' role,read-only,none,idempotent read,preserve,none (kernel-native),contract:req-resp,none,manually-reviewed,
Overseer,enableHook,cloudflare-os,bf7f762d7fa73553284d731ab6a978d3ea17be24,packages/workshop-shared/src/api.ts,1414,workshop-frontend workspace editor (routes/workspace.$id.tsx + ChatInterface/GadgetCodeInterface/ShareModal etc; grep-verified),(id) -> void; callbacks begin flowing,Overseer DO - one per workspace (overseer.ts OverseerClientInterface),workspace collaborator capability from openGadget; role-gated: UseOverseerInterface (overseer.ts:8767) default-denies everything not allowed to 'use' role,writes hook state; starts async wakeups,none,idempotent write,preserve,none (kernel-native),contract:req-resp,none,manually-reviewed,
Overseer,disableHook,cloudflare-os,bf7f762d7fa73553284d731ab6a978d3ea17be24,packages/workshop-shared/src/api.ts,1417,workshop-frontend workspace editor (routes/workspace.$id.tsx + ChatInterface/GadgetCodeInterface/ShareModal etc; grep-verified),(id) -> void; callbacks stop,Overseer DO - one per workspace (overseer.ts OverseerClientInterface),workspace collaborator capability from openGadget; role-gated: UseOverseerInterface (overseer.ts:8767) default-denies everything not allowed to 'use' role,writes hook state,none,idempotent write,preserve,none (kernel-native),contract:req-resp,none,manually-reviewed,
Overseer,deleteHook,cloudflare-os,bf7f762d7fa73553284d731ab6a978d3ea17be24,packages/workshop-shared/src/api.ts,1420,workshop-frontend workspace editor (routes/workspace.$id.tsx + ChatInterface/GadgetCodeInterface/ShareModal etc; grep-verified),"(id) -> void; permanent, implies disable",Overseer DO - one per workspace (overseer.ts OverseerClientInterface),workspace collaborator capability from openGadget; role-gated: UseOverseerInterface (overseer.ts:8767) default-denies everything not allowed to 'use' role,deletes hook,none,destructive,preserve,none (kernel-native),contract:req-resp,none,manually-reviewed,
Overseer,setAutoApprovedActionKind,cloudflare-os,bf7f762d7fa73553284d731ab6a978d3ea17be24,packages/workshop-shared/src/api.ts,1429,workshop-frontend workspace editor (routes/workspace.$id.tsx + ChatInterface/GadgetCodeInterface/ShareModal etc; grep-verified),"(gatekeeperId, ActionKind) -> void; future autoApprovable actions with that tag auto-apply AND matching already-pending actions applied immediately; rules are workspace-wide per gatekeeper",Overseer DO - one per workspace (overseer.ts OverseerClientInterface),workspace collaborator capability from openGadget; role-gated: UseOverseerInterface (overseer.ts:8767) default-denies everything not allowed to 'use' role,writes rule + applies pending actions now,applications surface via ActionsSubscriber,re-enable harmless; immediate-apply side effect NOT idempotent in effect,preserve,none (kernel-native),contract:req-resp,none,manually-reviewed,Immediate application of pending actions is the sharp edge - parity test.
Overseer,removeAutoApprovedActionKind,cloudflare-os,bf7f762d7fa73553284d731ab6a978d3ea17be24,packages/workshop-shared/src/api.ts,1433,workshop-frontend workspace editor (routes/workspace.$id.tsx + ChatInterface/GadgetCodeInterface/ShareModal etc; grep-verified),"(gatekeeperId, tag) -> void; matching actions require manual approval again",Overseer DO - one per workspace (overseer.ts OverseerClientInterface),workspace collaborator capability from openGadget; role-gated: UseOverseerInterface (overseer.ts:8767) default-denies everything not allowed to 'use' role,removes rule,none,idempotent write,preserve,none (kernel-native),contract:req-resp,none,manually-reviewed,
Overseer,listAutoApprovedActionKinds,cloudflare-os,bf7f762d7fa73553284d731ab6a978d3ea17be24,packages/workshop-shared/src/api.ts,1436,workshop-frontend workspace editor (routes/workspace.$id.tsx + ChatInterface/GadgetCodeInterface/ShareModal etc; grep-verified),"() -> [{gatekeeperId, actionKind}]",Overseer DO - one per workspace (overseer.ts OverseerClientInterface),workspace collaborator capability from openGadget; role-gated: UseOverseerInterface (overseer.ts:8767) default-denies everything not allowed to 'use' role,read-only,none,idempotent read,preserve,none (kernel-native),contract:req-resp,none,manually-reviewed,
Overseer,listPreApprovableActions,cloudflare-os,bf7f762d7fa73553284d731ab6a978d3ea17be24,packages/workshop-shared/src/api.ts,1440,workshop-frontend workspace editor (routes/workspace.$id.tsx + ChatInterface/GadgetCodeInterface/ShareModal etc; grep-verified),"() -> PreApprovableAction[]; aggregated from bound gatekeepers' getAutoApprovableActions(), with alreadyEnabled",Overseer DO - one per workspace (overseer.ts OverseerClientInterface),workspace collaborator capability from openGadget; role-gated: UseOverseerInterface (overseer.ts:8767) default-denies everything not allowed to 'use' role,read-only (fans out to gatekeepers),none,idempotent read,preserve,none (kernel-native),contract:req-resp,none,manually-reviewed,
Overseer,acceptConnectionRequest,cloudflare-os,bf7f762d7fa73553284d731ab6a978d3ea17be24,packages/workshop-shared/src/api.ts,1448,workshop-frontend workspace editor (routes/workspace.$id.tsx + ChatInterface/GadgetCodeInterface/ShareModal etc; grep-verified),"(requestId, {gatekeeperId}) -> void; caller must have already created the gatekeeper; binds it into chat env under agent-chosen name, updates inline card, RESUMES agent",Overseer DO - one per workspace (overseer.ts OverseerClientInterface),workspace collaborator capability from openGadget; role-gated: UseOverseerInterface (overseer.ts:8767) default-denies everything not allowed to 'use' role,writes request state + chat binding; resumes agent turn,card update re-delivered via AiChatSubscriber,one-shot transition,preserve,none (kernel-native),contract:req-resp,none,manually-reviewed,Caller-creates-then-accepts protocol: two calls (newGatekeeper + this) form the accept flow.
Overseer,denyConnectionRequest,cloudflare-os,bf7f762d7fa73553284d731ab6a978d3ea17be24,packages/workshop-shared/src/api.ts,1452,workshop-frontend workspace editor (routes/workspace.$id.tsx + ChatInterface/GadgetCodeInterface/ShareModal etc; grep-verified),(requestId) -> void; updates card; does NOT resume agent (user decides next),Overseer DO - one per workspace (overseer.ts OverseerClientInterface),workspace collaborator capability from openGadget; role-gated: UseOverseerInterface (overseer.ts:8767) default-denies everything not allowed to 'use' role,writes request state,card update via AiChatSubscriber,one-shot transition,preserve,none (kernel-native),contract:req-resp,none,manually-reviewed,
Overseer,subscribeToActions,cloudflare-os,bf7f762d7fa73553284d731ab6a978d3ea17be24,packages/workshop-shared/src/api.ts,1456,workshop-frontend workspace editor (routes/workspace.$id.tsx + ChatInterface/GadgetCodeInterface/ShareModal etc; grep-verified),"(ActionsSubscriber, startAfter?) -> handle; upserts; startAfter replays actions changed after timestamp",Overseer DO - one per workspace (overseer.ts OverseerClientInterface),workspace collaborator capability from openGadget; role-gated: UseOverseerInterface (overseer.ts:8767) default-denies everything not allowed to 'use' role,read + subscription,ActionsSubscriber callbacks,replay-then-ready; in-order; resumable,preserve,none (kernel-native),parity:subscription-replay,none,manually-reviewed,
Overseer,listChats,cloudflare-os,bf7f762d7fa73553284d731ab6a978d3ea17be24,packages/workshop-shared/src/api.ts,1459,workshop-frontend workspace editor (routes/workspace.$id.tsx + ChatInterface/GadgetCodeInterface/ShareModal etc; grep-verified),() -> AiChatMetadata[],Overseer DO - one per workspace (overseer.ts OverseerClientInterface),workspace collaborator capability from openGadget; role-gated: UseOverseerInterface (overseer.ts:8767) default-denies everything not allowed to 'use' role,read-only,none,idempotent read,preserve,none (kernel-native),contract:req-resp,none,manually-reviewed,
Overseer,listModels,cloudflare-os,bf7f762d7fa73553284d731ab6a978d3ea17be24,packages/workshop-shared/src/api.ts,1463,workshop-frontend workspace editor (routes/workspace.$id.tsx + ChatInterface/GadgetCodeInterface/ShareModal etc; grep-verified),() -> AiChatAuthorInfo[]; first entry = default; OWNER's models (differs from AuthenticatedApi.listModels for shared workspaces),Overseer DO - one per workspace (overseer.ts OverseerClientInterface),workspace collaborator capability from openGadget; role-gated: UseOverseerInterface (overseer.ts:8767) default-denies everything not allowed to 'use' role,read-only,none,idempotent read,preserve,none (kernel-native),contract:req-resp,none,manually-reviewed,Same name as AuthenticatedApi.listModels but different scope - keep both.
Overseer,getChatHistory,cloudflare-os,bf7f762d7fa73553284d731ab6a978d3ea17be24,packages/workshop-shared/src/api.ts,1474,workshop-frontend workspace editor (routes/workspace.$id.tsx + ChatInterface/GadgetCodeInterface/ShareModal etc; grep-verified),"(chatId, beforeSequence?) -> AiChatHistoryPage; absent = current tail; pages bounded below by compaction checkpoints (compacted.to feeds next beforeSequence); SUBSCRIBE FIRST to avoid missing messages",Overseer DO - one per workspace (overseer.ts OverseerClientInterface),workspace collaborator capability from openGadget; role-gated: UseOverseerInterface (overseer.ts:8767) default-denies everything not allowed to 'use' role,read-only,none,subscribe-before-fetch ordering documented; pagination by checkpoint,preserve,none (kernel-native),contract:req-resp,none,manually-reviewed,
Overseer,getChatMessage,cloudflare-os,bf7f762d7fa73553284d731ab6a978d3ea17be24,packages/workshop-shared/src/api.ts,1477,backend only (2 refs); no FE caller found,"(chatId, sequence) -> AiChatMessage | undefined",Overseer DO - one per workspace (overseer.ts OverseerClientInterface),workspace collaborator capability from openGadget; role-gated: UseOverseerInterface (overseer.ts:8767) default-denies everything not allowed to 'use' role,read-only,none,idempotent read,preserve,none (kernel-native),contract:req-resp,none,manually-reviewed,
Overseer,subscribeToChat,cloudflare-os,bf7f762d7fa73553284d731ab6a978d3ea17be24,packages/workshop-shared/src/api.ts,1490,ChatInterface.tsx,"(AiChatSubscriber, startAfter?) -> handle; all threads; startAfter (past date) replays from that date for reconnect; client should subscribe on load BEFORE listChats/backfills (initiate-before, need not await)",Overseer DO - one per workspace (overseer.ts OverseerClientInterface),workspace collaborator capability from openGadget; role-gated: UseOverseerInterface (overseer.ts:8767) default-denies everything not allowed to 'use' role,read + subscription,AiChatSubscriber callbacks incl. streaming,initiate-before-read ordering documented; in-order,preserve,none (kernel-native),parity:subscription-replay,none,manually-reviewed,
Overseer,listSlashCommands,cloudflare-os,bf7f762d7fa73553284d731ab6a978d3ea17be24,packages/workshop-shared/src/api.ts,1494,workshop-frontend workspace editor (routes/workspace.$id.tsx + ChatInterface/GadgetCodeInterface/ShareModal etc; grep-verified),"() -> SlashCommandChoice[]; from gatekeepers attached to this gadget incl. ambient, plus built-in /compact",Overseer DO - one per workspace (overseer.ts OverseerClientInterface),workspace collaborator capability from openGadget; role-gated: UseOverseerInterface (overseer.ts:8767) default-denies everything not allowed to 'use' role,read-only (fans out),none,idempotent read,preserve,none (kernel-native),contract:req-resp,none,manually-reviewed,
Overseer,newChat,cloudflare-os,bf7f762d7fa73553284d731ab6a978d3ea17be24,packages/workshop-shared/src/api.ts,1506,"ChatInterface.tsx, routes/index.tsx","(initialMessage: string|SlashCommandRequest, modelId|null (null = human-only chat), capsules?, attachments?, formats?) -> chatId; slash commands always create visible event; slash requests cannot carry capsules/attachments",Overseer DO - one per workspace (overseer.ts OverseerClientInterface),workspace collaborator capability from openGadget; role-gated: UseOverseerInterface (overseer.ts:8767) default-denies everything not allowed to 'use' role,creates chat thread; may start agent,activity via AiChatSubscriber,not idempotent (new chat per call),preserve,none (kernel-native),contract:req-resp,none,manually-reviewed,
Overseer,sendChatMessage,cloudflare-os,bf7f762d7fa73553284d731ab6a978d3ea17be24,packages/workshop-shared/src/api.ts,1519,ChatInterface.tsx,"(chatId, message: string|SlashCommandRequest, modelId|null, capsules?, attachments?, formats?) -> void; starts LLM if not running; no-message slash command commits only invocation event, agent does not run",Overseer DO - one per workspace (overseer.ts OverseerClientInterface),workspace collaborator capability from openGadget; role-gated: UseOverseerInterface (overseer.ts:8767) default-denies everything not allowed to 'use' role,appends message; may start agent turn,via AiChatSubscriber,not idempotent (append),preserve,none (kernel-native),contract:req-resp,none,manually-reviewed,
Overseer,uploadChatAttachment,cloudflare-os,bf7f762d7fa73553284d731ab6a978d3ea17be24,packages/workshop-shared/src/api.ts,1528,workshop-frontend workspace editor (routes/workspace.$id.tsx + ChatInterface/GadgetCodeInterface/ShareModal etc; grep-verified),"(ChatAttachmentUpload {mimeType, bytes, name?}, modelId|null) -> ChatAttachmentHandle; upload-before-send; modelId gates raw-file support for provider",Overseer DO - one per workspace (overseer.ts OverseerClientInterface),workspace collaborator capability from openGadget; role-gated: UseOverseerInterface (overseer.ts:8767) default-denies everything not allowed to 'use' role,stores attachment bytes,handle passed back into newChat/sendChatMessage,not idempotent (new handle per call),preserve,none (kernel-native),contract:req-resp,none,manually-reviewed,
Overseer,getChatAttachmentContent,cloudflare-os,bf7f762d7fa73553284d731ab6a978d3ea17be24,packages/workshop-shared/src/api.ts,1533,workshop-frontend workspace editor (routes/workspace.$id.tsx + ChatInterface/GadgetCodeInterface/ShareModal etc; grep-verified),"(chatId, id) -> Uint8Array; images already inlined in ChatAttachmentRef - this is for on-demand non-image download",Overseer DO - one per workspace (overseer.ts OverseerClientInterface),workspace collaborator capability from openGadget; role-gated: UseOverseerInterface (overseer.ts:8767) default-denies everything not allowed to 'use' role,read-only,none,idempotent read,preserve,none (kernel-native),contract:req-resp,none,manually-reviewed,
Overseer,deleteChatAttachment,cloudflare-os,bf7f762d7fa73553284d731ab6a978d3ea17be24,packages/workshop-shared/src/api.ts,1536,workshop-frontend workspace editor (routes/workspace.$id.tsx + ChatInterface/GadgetCodeInterface/ShareModal etc; grep-verified),(id) -> void; for attachments removed before sending,Overseer DO - one per workspace (overseer.ts OverseerClientInterface),workspace collaborator capability from openGadget; role-gated: UseOverseerInterface (overseer.ts:8767) default-denies everything not allowed to 'use' role,deletes uploaded-but-unsent attachment,none,destructive,preserve,none (kernel-native),contract:req-resp,none,manually-reviewed,
Overseer,setChatTitle,cloudflare-os,bf7f762d7fa73553284d731ab6a978d3ea17be24,packages/workshop-shared/src/api.ts,1540,workshop-frontend workspace editor (routes/workspace.$id.tsx + ChatInterface/GadgetCodeInterface/ShareModal etc; grep-verified),"(chatId, title) -> void; usually auto-generated from first message",Overseer DO - one per workspace (overseer.ts OverseerClientInterface),workspace collaborator capability from openGadget; role-gated: UseOverseerInterface (overseer.ts:8767) default-denies everything not allowed to 'use' role,writes chat metadata,metadata via AiChatSubscriber,idempotent write,preserve,none (kernel-native),contract:req-resp,none,manually-reviewed,
Overseer,mergeChanges,cloudflare-os,bf7f762d7fa73553284d731ab6a978d3ea17be24,packages/workshop-shared/src/api.ts,1547,workshop-frontend workspace editor (routes/workspace.$id.tsx + ChatInterface/GadgetCodeInterface/ShareModal etc; grep-verified),"(chatId, mergeThrough|null, options {includeDraft?}) -> void; merges proposed changes through sequence into mainline; includeDraft first materializes live draft into a durable changes message and includes it",Overseer DO - one per workspace (overseer.ts OverseerClientInterface),workspace collaborator capability from openGadget; role-gated: UseOverseerInterface (overseer.ts:8767) default-denies everything not allowed to 'use' role,writes mainline code + merge message; finalizes provisional gadgets/bindings,merge message + code updates via subscribers,sequence-ordered; interacts with revert history,preserve,none (kernel-native),contract:req-resp,none,manually-reviewed,Merge/revert/draft trio is the core versioning contract - dedicated parity suite.
Overseer,revertChanges,cloudflare-os,bf7f762d7fa73553284d731ab6a978d3ea17be24,packages/workshop-shared/src/api.ts,1553,workshop-frontend workspace editor (routes/workspace.$id.tsx + ChatInterface/GadgetCodeInterface/ShareModal etc; grep-verified),"(chatId, revertFrom) -> void; erases changes from sequence onward from Yjs history; later merges exclude them; deletes provisionally-created gadgets/bindings covered",Overseer DO - one per workspace (overseer.ts OverseerClientInterface),workspace collaborator capability from openGadget; role-gated: UseOverseerInterface (overseer.ts:8767) default-denies everything not allowed to 'use' role,rewrites history; deletes provisional artifacts,revert message via subscribers,sequence-ordered; destructive,preserve,none (kernel-native),contract:req-resp,none,manually-reviewed,
Overseer,finalizeChatDraft,cloudflare-os,bf7f762d7fa73553284d731ab6a978d3ea17be24,packages/workshop-shared/src/api.ts,1557,workshop-frontend workspace editor (routes/workspace.$id.tsx + ChatInterface/GadgetCodeInterface/ShareModal etc; grep-verified),(chatId) -> void; materialize live draft into one durable changes message WITHOUT merging,Overseer DO - one per workspace (overseer.ts OverseerClientInterface),workspace collaborator capability from openGadget; role-gated: UseOverseerInterface (overseer.ts:8767) default-denies everything not allowed to 'use' role,converts draft layer to message,draftCleared + changes message via subscribers,one-shot per draft,preserve,none (kernel-native),contract:req-resp,none,manually-reviewed,
Overseer,discardChatDraftChanges,cloudflare-os,bf7f762d7fa73553284d731ab6a978d3ea17be24,packages/workshop-shared/src/api.ts,1560,workshop-frontend workspace editor (routes/workspace.$id.tsx + ChatInterface/GadgetCodeInterface/ShareModal etc; grep-verified),"(chatId) -> void; drop live draft, durable changes messages untouched",Overseer DO - one per workspace (overseer.ts OverseerClientInterface),workspace collaborator capability from openGadget; role-gated: UseOverseerInterface (overseer.ts:8767) default-denies everything not allowed to 'use' role,deletes draft layer,draftCleared via subscribers,idempotent-ish (no draft = no-op expected; pin),preserve,none (kernel-native),contract:req-resp,none,manually-reviewed,
Overseer,deleteChat,cloudflare-os,bf7f762d7fa73553284d731ab6a978d3ea17be24,packages/workshop-shared/src/api.ts,1563,workshop-frontend workspace editor (routes/workspace.$id.tsx + ChatInterface/GadgetCodeInterface/ShareModal etc; grep-verified),(chatId) -> void,Overseer DO - one per workspace (overseer.ts OverseerClientInterface),workspace collaborator capability from openGadget; role-gated: UseOverseerInterface (overseer.ts:8767) default-denies everything not allowed to 'use' role,deletes thread,deleted() via AiChatSubscriber,destructive,preserve,none (kernel-native),contract:req-resp,none,manually-reviewed,
Overseer,stopAgent,cloudflare-os,bf7f762d7fa73553284d731ab6a978d3ea17be24,packages/workshop-shared/src/api.ts,1571,workshop-frontend workspace editor (routes/workspace.$id.tsx + ChatInterface/GadgetCodeInterface/ShareModal etc; grep-verified),(chatId) -> void; cancel ongoing LLM session; metadata update delivered BEFORE return; no-op if idle,Overseer DO - one per workspace (overseer.ts OverseerClientInterface),workspace collaborator capability from openGadget; role-gated: UseOverseerInterface (overseer.ts:8767) default-denies everything not allowed to 'use' role,cancels agent run,metadata via AiChatSubscriber,EXPLICITLY idempotent (no-op when idle); happens-before return documented,preserve,none (kernel-native),contract:req-resp,none,manually-reviewed,
Overseer,retryAgent,cloudflare-os,bf7f762d7fa73553284d731ab6a978d3ea17be24,packages/workshop-shared/src/api.ts,1577,workshop-frontend workspace editor (routes/workspace.$id.tsx + ChatInterface/GadgetCodeInterface/ShareModal etc; grep-verified),"(chatId, modelId) -> void; restart agent on existing history without new user message; no-op if agent already running",Overseer DO - one per workspace (overseer.ts OverseerClientInterface),workspace collaborator capability from openGadget; role-gated: UseOverseerInterface (overseer.ts:8767) default-denies everything not allowed to 'use' role,starts agent turn,via AiChatSubscriber,guarded no-op if running,preserve,none (kernel-native),contract:req-resp,none,manually-reviewed,
Overseer,subscribeToConsoleLogs,cloudflare-os,bf7f762d7fa73553284d731ab6a978d3ea17be24,packages/workshop-shared/src/api.ts,1586,workshop-frontend workspace editor (routes/workspace.$id.tsx + ChatInterface/GadgetCodeInterface/ShareModal etc; grep-verified),(ConsoleLogSubscriber) -> handle; live-only (logs not stored - must be subscribed when they happen),Overseer DO - one per workspace (overseer.ts OverseerClientInterface),workspace collaborator capability from openGadget; role-gated: UseOverseerInterface (overseer.ts:8767) default-denies everything not allowed to 'use' role,subscription only,ConsoleLogSubscriber.event batches,live-only; no replay,preserve,none (kernel-native),parity:subscription-replay,none,manually-reviewed,No-storage semantics: a rewrite that buffers logs changes the contract.
Overseer,listBlueprints,cloudflare-os,bf7f762d7fa73553284d731ab6a978d3ea17be24,packages/workshop-shared/src/api.ts,1594,workshop-frontend workspace editor (routes/workspace.$id.tsx + ChatInterface/GadgetCodeInterface/ShareModal etc; grep-verified),() -> BlueprintGadgetSummary[]; blueprints created from this workspace's gadgets,Overseer DO - one per workspace (overseer.ts OverseerClientInterface),workspace collaborator capability from openGadget; role-gated: UseOverseerInterface (overseer.ts:8767) default-denies everything not allowed to 'use' role,read-only,none,idempotent read,preserve,none (kernel-native),contract:req-resp,none,manually-reviewed,
Overseer,updateBlueprint,cloudflare-os,bf7f762d7fa73553284d731ab6a978d3ea17be24,packages/workshop-shared/src/api.ts,1606,workshop-frontend workspace editor (routes/workspace.$id.tsx + ChatInterface/GadgetCodeInterface/ShareModal etc; grep-verified),"(blueprintId, options {title?, description?, updateCode?, updateBindings?, screenshot?|null}) -> void; atomic multi-field update, single propagation pass; >=1 option required; updateCode snapshots committed code + bumps version",Overseer DO - one per workspace (overseer.ts OverseerClientInterface),workspace collaborator capability from openGadget; role-gated: UseOverseerInterface (overseer.ts:8767) default-denies everything not allowed to 'use' role,writes blueprint + propagates to User DO/KV/R2,none,atomic batch; not idempotent when updateCode bumps version,preserve,none (kernel-native),contract:req-resp,none,manually-reviewed,
Overseer,deleteBlueprint,cloudflare-os,bf7f762d7fa73553284d731ab6a978d3ea17be24,packages/workshop-shared/src/api.ts,1615,workshop-frontend workspace editor (routes/workspace.$id.tsx + ChatInterface/GadgetCodeInterface/ShareModal etc; grep-verified),"(blueprintId) -> void; cleans KV, R2, User DO, local storage",Overseer DO - one per workspace (overseer.ts OverseerClientInterface),workspace collaborator capability from openGadget; role-gated: UseOverseerInterface (overseer.ts:8767) default-denies everything not allowed to 'use' role,multi-store delete,none,destructive,preserve,none (kernel-native),contract:req-resp,none,manually-reviewed,
Overseer,retryBlueprintPublish,cloudflare-os,bf7f762d7fa73553284d731ab6a978d3ea17be24,packages/workshop-shared/src/api.ts,1619,workshop-frontend workspace editor (routes/workspace.$id.tsx + ChatInterface/GadgetCodeInterface/ShareModal etc; grep-verified),(blueprintId) -> void; re-run failed propagation (dirty flag),Overseer DO - one per workspace (overseer.ts OverseerClientInterface),workspace collaborator capability from openGadget; role-gated: UseOverseerInterface (overseer.ts:8767) default-denies everything not allowed to 'use' role,repairs propagation,none,idempotent repair,preserve,none (kernel-native),contract:req-resp,none,manually-reviewed,
Overseer,listObserverRequirements,cloudflare-os,bf7f762d7fa73553284d731ab6a978d3ea17be24,packages/workshop-shared/src/api.ts,1628,ShareModal.tsx,"(role) -> ObserverBindingNeed[]; what a recipient with role must verify before opening; informational - grants nothing, mints nothing",Overseer DO - one per workspace (overseer.ts OverseerClientInterface),workspace collaborator capability from openGadget; role-gated: UseOverseerInterface (overseer.ts:8767) default-denies everything not allowed to 'use' role,read-only,none,idempotent read,preserve,none (kernel-native),contract:req-resp,none,manually-reviewed,
Overseer,listCollaborators,cloudflare-os,bf7f762d7fa73553284d731ab6a978d3ea17be24,packages/workshop-shared/src/api.ts,1631,workshop-frontend workspace editor (routes/workspace.$id.tsx + ChatInterface/GadgetCodeInterface/ShareModal etc; grep-verified),() -> CollaboratorInfo[]; available to owner AND all collaborators,Overseer DO - one per workspace (overseer.ts OverseerClientInterface),workspace collaborator capability from openGadget; role-gated: UseOverseerInterface (overseer.ts:8767) default-denies everything not allowed to 'use' role,read-only,none,idempotent read,preserve,none (kernel-native),contract:req-resp,none,manually-reviewed,
Overseer,addCollaborator,cloudflare-os,bf7f762d7fa73553284d731ab6a978d3ea17be24,packages/workshop-shared/src/api.ts,1637,workshop-frontend workspace editor (routes/workspace.$id.tsx + ChatInterface/GadgetCodeInterface/ShareModal etc; grep-verified),"(username, role, note?) -> CollaboratorInfo | null (null = no such account); caller may not grant role above own effective role",Overseer DO - one per workspace (overseer.ts OverseerClientInterface),workspace collaborator capability from openGadget; role-gated: UseOverseerInterface (overseer.ts:8767) default-denies everything not allowed to 'use' role,writes permission edge,none,role-ceiling enforced; duplicate-add semantics pin in test,preserve,none (kernel-native),contract:req-resp,none,manually-reviewed,
Overseer,removeCollaborator,cloudflare-os,bf7f762d7fa73553284d731ab6a978d3ea17be24,packages/workshop-shared/src/api.ts,1654,workshop-frontend workspace editor (routes/workspace.$id.tsx + ChatInterface/GadgetCodeInterface/ShareModal etc; grep-verified),"(profileId, keepUsers) -> AffectedCollaborator[]; owner removes anyone, non-owner only own edges; keepUsers re-parents transitive users onto caller; returns users whose access actually changed",Overseer DO - one per workspace (overseer.ts OverseerClientInterface),workspace collaborator capability from openGadget; role-gated: UseOverseerInterface (overseer.ts:8767) default-denies everything not allowed to 'use' role,rewrites permission graph,none,graph surgery; preview first via previewRemoveCollaborator,preserve,none (kernel-native),contract:req-resp,none,manually-reviewed,Transitive re-parenting semantics are intricate - port tests directly from sharing.md behavior.
Overseer,previewRemoveCollaborator,cloudflare-os,bf7f762d7fa73553284d731ab6a978d3ea17be24,packages/workshop-shared/src/api.ts,1661,workshop-frontend workspace editor (routes/workspace.$id.tsx + ChatInterface/GadgetCodeInterface/ShareModal etc; grep-verified),(profileId) -> AffectedCollaborator[] that WOULD change; empty = target unaffected (has surviving edges),Overseer DO - one per workspace (overseer.ts OverseerClientInterface),workspace collaborator capability from openGadget; role-gated: UseOverseerInterface (overseer.ts:8767) default-denies everything not allowed to 'use' role,read-only (pure preview),none,idempotent read,preserve,none (kernel-native),contract:req-resp,none,manually-reviewed,
Overseer,createShareLink,cloudflare-os,bf7f762d7fa73553284d731ab6a978d3ea17be24,packages/workshop-shared/src/api.ts,1673,workshop-frontend workspace editor (routes/workspace.$id.tsx + ChatInterface/GadgetCodeInterface/ShareModal etc; grep-verified),"(role, note?) -> {key (hex 128-bit, never stored raw - HMAC-SHA-256 hash kept), linkId}; role ceiling = caller's effective role",Overseer DO - one per workspace (overseer.ts OverseerClientInterface),workspace collaborator capability from openGadget; role-gated: UseOverseerInterface (overseer.ts:8767) default-denies everything not allowed to 'use' role,creates link + first key,none,not idempotent (new key/link per call),preserve,none (kernel-native),contract:req-resp,none,manually-reviewed,Raw-key-never-stored property is a security invariant to preserve.
Overseer,newShareLinkKey,cloudflare-os,bf7f762d7fa73553284d731ab6a978d3ea17be24,packages/workshop-shared/src/api.ts,1678,workshop-frontend workspace editor (routes/workspace.$id.tsx + ChatInterface/GadgetCodeInterface/ShareModal etc; grep-verified),(linkId) -> {key}; old keys stay valid; revoking link revokes all its keys together,Overseer DO - one per workspace (overseer.ts OverseerClientInterface),workspace collaborator capability from openGadget; role-gated: UseOverseerInterface (overseer.ts:8767) default-denies everything not allowed to 'use' role,mints additional key,none,not idempotent,preserve,none (kernel-native),contract:req-resp,none,manually-reviewed,
Overseer,listShareLinks,cloudflare-os,bf7f762d7fa73553284d731ab6a978d3ea17be24,packages/workshop-shared/src/api.ts,1681,workshop-frontend workspace editor (routes/workspace.$id.tsx + ChatInterface/GadgetCodeInterface/ShareModal etc; grep-verified),() -> ShareLinkInfo[],Overseer DO - one per workspace (overseer.ts OverseerClientInterface),workspace collaborator capability from openGadget; role-gated: UseOverseerInterface (overseer.ts:8767) default-denies everything not allowed to 'use' role,read-only,none,idempotent read,preserve,none (kernel-native),contract:req-resp,none,manually-reviewed,
Overseer,updateShareLink,cloudflare-os,bf7f762d7fa73553284d731ab6a978d3ea17be24,packages/workshop-shared/src/api.ts,1685,workshop-frontend workspace editor (routes/workspace.$id.tsx + ChatInterface/GadgetCodeInterface/ShareModal etc; grep-verified),"(linkId, note?) -> void; edits stored note only (secrets unavailable post-create)",Overseer DO - one per workspace (overseer.ts OverseerClientInterface),workspace collaborator capability from openGadget; role-gated: UseOverseerInterface (overseer.ts:8767) default-denies everything not allowed to 'use' role,writes link metadata,none,idempotent write,preserve,none (kernel-native),contract:req-resp,none,manually-reviewed,
Overseer,revokeShareLink,cloudflare-os,bf7f762d7fa73553284d731ab6a978d3ea17be24,packages/workshop-shared/src/api.ts,1691,workshop-frontend workspace editor (routes/workspace.$id.tsx + ChatInterface/GadgetCodeInterface/ShareModal etc; grep-verified),"(linkId, keepUsers) -> AffectedCollaborator[]; revokes every key of the link; transitive removal/downgrade with keepUsers re-parenting",Overseer DO - one per workspace (overseer.ts OverseerClientInterface),workspace collaborator capability from openGadget; role-gated: UseOverseerInterface (overseer.ts:8767) default-denies everything not allowed to 'use' role,rewrites permission graph,none,destructive graph surgery,preserve,none (kernel-native),contract:req-resp,none,manually-reviewed,
Overseer,previewRevokeShareLink,cloudflare-os,bf7f762d7fa73553284d731ab6a978d3ea17be24,packages/workshop-shared/src/api.ts,1696,workshop-frontend workspace editor (routes/workspace.$id.tsx + ChatInterface/GadgetCodeInterface/ShareModal etc; grep-verified),(linkId) -> AffectedCollaborator[] that would change,Overseer DO - one per workspace (overseer.ts OverseerClientInterface),workspace collaborator capability from openGadget; role-gated: UseOverseerInterface (overseer.ts:8767) default-denies everything not allowed to 'use' role,read-only (pure preview),none,idempotent read,preserve,none (kernel-native),contract:req-resp,none,manually-reviewed,
ActionsSubscriber,entry,cloudflare-os,bf7f762d7fa73553284d731ab6a978d3ea17be24,packages/workshop-shared/src/api.ts,2346,server->client push; useActions.ts implements,(ActionLogEntry) -> void; upsert (adds AND state updates),client (callback target),stub passed to subscribeToActions,client state upsert,callback (server->client),in-order; upsert,preserve,none (kernel-native),parity:subscription-replay,none,manually-reviewed,
ActionsSubscriber,ready,cloudflare-os,bf7f762d7fa73553284d731ab6a978d3ea17be24,packages/workshop-shared/src/api.ts,2347,server->client push; useActions.ts implements,() -> void; initial replay complete,client (callback target),stub passed to subscribeToActions,client loading flip,callback (server->client),once after replay,preserve,none (kernel-native),parity:subscription-replay,none,manually-reviewed,
AiChatSubscriber,streamGeneration,cloudflare-os,bf7f762d7fa73553284d731ab6a978d3ea17be24,packages/workshop-shared/src/api.ts,2359,server->client push; ChatInterface.tsx implements,"(generation) -> void; sent EXACTLY ONCE first, before any other callback; opaque DO-instance id - changed value on resubscribe means DO restarted: discard provisional streaming state; same value: keep it",client (callback target),stub passed to subscribeToChat,client stream-state gate,callback (server->client),"first callback, exactly once per subscription",preserve,none (kernel-native),parity:subscription-replay,none,manually-reviewed,Reconnect-vs-restart disambiguation protocol; easy to get wrong in a rewrite.
AiChatSubscriber,metadata,cloudflare-os,bf7f762d7fa73553284d731ab6a978d3ea17be24,packages/workshop-shared/src/api.ts,2362,server->client push; ChatInterface.tsx implements,(AiChatMetadata) -> void; changed or new thread,client (callback target),stub passed to subscribeToChat,client upsert,callback,in-order,preserve,none (kernel-native),parity:subscription-replay,none,manually-reviewed,
AiChatSubscriber,deleted,cloudflare-os,bf7f762d7fa73553284d731ab6a978d3ea17be24,packages/workshop-shared/src/api.ts,2365,server->client push; ChatInterface.tsx implements,(chatId) -> void,client (callback target),stub passed to subscribeToChat,client removal,callback,in-order,preserve,none (kernel-native),parity:subscription-replay,none,manually-reviewed,
AiChatSubscriber,message,cloudflare-os,bf7f762d7fa73553284d731ab6a978d3ea17be24,packages/workshop-shared/src/api.ts,2368,server->client push; ChatInterface.tsx implements,(AiChatMessage) -> void; durable message append (13 body variants incl. changes/merge/revert/action/connectionRequest - see AiChatMessageBody api.ts:1776),client (callback target),stub passed to subscribeToChat,client append; supersedes matching provisional stream content,callback,in-order; arrival clears corresponding provisional state,preserve,none (kernel-native),parity:subscription-replay,none,manually-reviewed,
AiChatSubscriber,draftUpdate,cloudflare-os,bf7f762d7fa73553284d731ab6a978d3ea17be24,packages/workshop-shared/src/api.ts,2373,server->client push; ChatInterface.tsx implements,"(chatId, timestamp, author, Yjs update) -> void; persisted live-draft update; subscriptions replay all stored draft updates so late joiners reconstruct branch state",client (callback target),stub passed to subscribeToChat,client applies to draft branch,callback,replayed-on-subscribe then incremental; in-order,preserve,none (kernel-native),parity:subscription-replay,none,manually-reviewed,
AiChatSubscriber,draftCleared,cloudflare-os,bf7f762d7fa73553284d731ab6a978d3ea17be24,packages/workshop-shared/src/api.ts,2376,server->client push; ChatInterface.tsx implements,(chatId) -> void; all persisted draft updates cleared,client (callback target),stub passed to subscribeToChat,client resets draft branch,callback,in-order,preserve,none (kernel-native),parity:subscription-replay,none,manually-reviewed,
AiChatSubscriber,stream,cloudflare-os,bf7f762d7fa73553284d731ab6a978d3ea17be24,packages/workshop-shared/src/api.ts,2379,server->client push; ChatInterface.tsx implements,"(chatId, AiChatStreamEvent - 14 variants: compacting/compacted/textDelta/reasoningDelta/toolCallStarted/toolCodeDelta/toolCallFinished/setActiveFile/toolCallTarget/toolCallOutputFormat/toolOutputDelta/codeReset/codeUpdate) -> void; provisional, never persist; discard when durable message arrives or agent stops; at most one provisional stream per chat",client (callback target),stub passed to subscribeToChat,client provisional render only,callback,in-order; provisional-discard protocol documented,preserve,none (kernel-native),parity:streaming,none,manually-reviewed,Clients may ignore unknown event types - forward-compat rule to preserve.
ConsoleLogSubscriber,event,cloudflare-os,bf7f762d7fa73553284d731ab6a978d3ea17be24,packages/workshop-shared/src/api.ts,2391,server->client push; gadget console/log pane implements,"(chatId|null, ConsoleLogEvent[]) -> Promise<void>; batched; non-null chatId ties logs to that chat's proposed-code version (report to agent session)",client (callback target),stub passed to subscribeToConsoleLogs,client render + optional agent report,callback (server->client); NOTE async return (Promise) unlike other subscribers,batched; in-order,preserve,none (kernel-native),parity:subscription-replay,none,manually-reviewed,Only subscriber callback returning Promise - backpressure-relevant.
WorkpiecesSubscriber,entry,cloudflare-os,bf7f762d7fa73553284d731ab6a978d3ea17be24,packages/workshop-shared/src/api.ts,2436,server->client push; workspace shell implements,"(WorkpieceSummary {id, type:'gadget', title, output?, filesRoot?, chatId? provisional}) -> void; upsert",client (callback target),stub passed to subscribeToWorkpieces,client upsert,callback,replay-then-ready; upsert; in-order,preserve,none (kernel-native),parity:subscription-replay,none,manually-reviewed,chatId field = provisional-to-chat visibility rule (show only while that chat open).
WorkpiecesSubscriber,removed,cloudflare-os,bf7f762d7fa73553284d731ab6a978d3ea17be24,packages/workshop-shared/src/api.ts,2439,server->client push; workspace shell implements,(WorkpieceId) -> void,client (callback target),stub passed to subscribeToWorkpieces,client removal,callback,in-order,preserve,none (kernel-native),parity:subscription-replay,none,manually-reviewed,
WorkpiecesSubscriber,ready,cloudflare-os,bf7f762d7fa73553284d731ab6a978d3ea17be24,packages/workshop-shared/src/api.ts,2442,server->client push; workspace shell implements,() -> void; initial replay complete,client (callback target),stub passed to subscribeToWorkpieces,client loading flip,callback,once after replay,preserve,none (kernel-native),parity:subscription-replay,none,manually-reviewed,
WorkpieceClient,getId,cloudflare-os,bf7f762d7fa73553284d731ab6a978d3ea17be24,packages/workshop-shared/src/api.ts,2699,workshop-frontend workspace shell (grep-verified),() -> WorkpieceId; unique across ALL workpiece types in workspace (shared sequential namespace),Overseer DO workpiece registry,capability minted by Overseer (createGadget/getGadget/getGatekeeperById/newGatekeeper*),read-only,none,idempotent read,preserve,none (kernel-native),contract:req-resp,none,manually-reviewed,
WorkpieceClient,getTitle,cloudflare-os,bf7f762d7fa73553284d731ab6a978d3ea17be24,packages/workshop-shared/src/api.ts,2703,workshop-frontend workspace shell (grep-verified),() -> string; gadget: user-renamable title; gatekeeper: connected resource title,Overseer DO workpiece registry,capability minted by Overseer (createGadget/getGadget/getGatekeeperById/newGatekeeper*),read-only,none,idempotent read,preserve,none (kernel-native),contract:req-resp,none,manually-reviewed,
WorkpieceClient,setTitle,cloudflare-os,bf7f762d7fa73553284d731ab6a978d3ea17be24,packages/workshop-shared/src/api.ts,2710,workshop-frontend workspace shell (grep-verified),(title) -> void; local display name only - never mutates the remote resource for gatekeepers,Overseer DO workpiece registry,capability minted by Overseer (createGadget/getGadget/getGatekeeperById/newGatekeeper*),writes workpiece title,none,idempotent write,preserve,none (kernel-native),contract:req-resp,none,manually-reviewed,
WorkpieceClient,remove,cloudflare-os,bf7f762d7fa73553284d731ab6a978d3ea17be24,packages/workshop-shared/src/api.ts,2718,workshop-frontend workspace shell (grep-verified),"() -> void; gadget: deletes registry entry, bindings, hooks, clears files (bound gatekeepers survive); gatekeeper: destroys the connection itself (distinct from GadgetClient.unbind)",Overseer DO workpiece registry,capability minted by Overseer (createGadget/getGadget/getGatekeeperById/newGatekeeper*),destructive delete (type-dependent scope),removed() via WorkpiecesSubscriber,destructive,preserve,none (kernel-native),contract:req-resp,none,manually-reviewed,
GadgetClient,getUiBundle,cloudflare-os,bf7f762d7fa73553284d731ab6a978d3ea17be24,packages/workshop-shared/src/api.ts,2729,GadgetUI.tsx,(chatId?) -> UiBundle {jsCode} | null (null = no deployed UI); chatId includes that chat's proposed changes,Overseer DO gadget facet (overseer.ts GadgetClientImpl),capability from Overseer.createGadget/getGadget; 'use' role limited to getUiBundle/connectToGadget/exportPdf/metadata via UseGadgetClientInterface (overseer.ts:9258),read-only,none,idempotent read,preserve,none (kernel-native),contract:req-resp,none,manually-reviewed,Allowed to 'use' role. jsCode-over-RPC is a TODO in source (may move to HTTP serving) - treat format as provisional.
GadgetClient,connectToGadget,cloudflare-os,bf7f762d7fa73553284d731ab6a978d3ea17be24,packages/workshop-shared/src/api.ts,2739,GadgetUI.tsx sandbox wiring,(chatId?) -> RpcStub<any>; gadget's server-side DO facet; frontend passes stub into sandboxed iframe; agent may call directly; chatId = draft-code variant,Overseer DO gadget facet (overseer.ts GadgetClientImpl),capability from Overseer.createGadget/getGadget; 'use' role limited to getUiBundle/connectToGadget/exportPdf/metadata via UseGadgetClientInterface (overseer.ts:9258),mints DYNAMIC capability (gadget-defined interface),returns untyped RpcStub,per-call session,preserve,none (kernel-native),contract:capability-lifecycle + per-gadget,none,manually-reviewed,Allowed to 'use' role. Surface behind the stub is gadget-authored - cannot be frozen by this ledger; note @ts-ignore TODO in source.
GadgetClient,exportPdf,cloudflare-os,bf7f762d7fa73553284d731ab6a978d3ea17be24,packages/workshop-shared/src/api.ts,2745,GadgetExportMenu.tsx,(chatId?) -> ReadableStream<Uint8Array>; renders gadget UI to PDF; chatId includes proposed changes,Overseer DO gadget facet (overseer.ts GadgetClientImpl),capability from Overseer.createGadget/getGadget; 'use' role limited to getUiBundle/connectToGadget/exportPdf/metadata via UseGadgetClientInterface (overseer.ts:9258),server-side browser render,streaming result,idempotent render,preserve,none (kernel-native),contract:streaming,none,manually-reviewed,Allowed to 'use' role.
GadgetClient,listBindings,cloudflare-os,bf7f762d7fa73553284d731ab6a978d3ea17be24,packages/workshop-shared/src/api.ts,2757,"workshop-frontend gadget panes (GadgetUI.tsx, GadgetExportMenu.tsx, bindings UI) + backend agent tools",(chatId?) -> GadgetBindingInfo[]; with chatId includes bindings proposed-but-unaccepted in that chat,Overseer DO gadget facet (overseer.ts GadgetClientImpl),capability from Overseer.createGadget/getGadget; 'use' role limited to getUiBundle/connectToGadget/exportPdf/metadata via UseGadgetClientInterface (overseer.ts:9258),read-only,none,idempotent read,preserve,none (kernel-native),contract:req-resp,none,manually-reviewed,
GadgetClient,getBinding,cloudflare-os,bf7f762d7fa73553284d731ab6a978d3ea17be24,packages/workshop-shared/src/api.ts,2760,"workshop-frontend gadget panes (GadgetUI.tsx, GadgetExportMenu.tsx, bindings UI) + backend agent tools",(name) -> GatekeeperClient<any> | null,Overseer DO gadget facet (overseer.ts GadgetClientImpl),capability from Overseer.createGadget/getGadget; 'use' role limited to getUiBundle/connectToGadget/exportPdf/metadata via UseGadgetClientInterface (overseer.ts:9258),read; mints capability,returns GatekeeperClient capability,idempotent,preserve,none (kernel-native),contract:capability-lifecycle,none,manually-reviewed,
GadgetClient,bind,cloudflare-os,bf7f762d7fa73553284d731ab6a978d3ea17be24,packages/workshop-shared/src/api.ts,2769,"workshop-frontend gadget panes (GadgetUI.tsx, GadgetExportMenu.tsx, bindings UI) + backend agent tools","(name, target WorkpieceId, chatId?) -> void; validated via validateBindingName (identifier, non-reserved, non-prototype-polluting); throws if taken incl. provisionally by another chat; with chatId binding is proposed until mergeChanges",Overseer DO gadget facet (overseer.ts GadgetClientImpl),capability from Overseer.createGadget/getGadget; 'use' role limited to getUiBundle/connectToGadget/exportPdf/metadata via UseGadgetClientInterface (overseer.ts:9258),writes binding edge (possibly provisional),changes message via AiChatSubscriber when chatId given,throws-on-conflict; NOT idempotent,preserve,none (kernel-native),contract:req-resp,none,manually-reviewed,validateBindingName (api.ts:177) is shared contract - includes __proto__/prototype pollution guard.
GadgetClient,bindWithSuggestedName,cloudflare-os,bf7f762d7fa73553284d731ab6a978d3ea17be24,packages/workshop-shared/src/api.ts,2774,"workshop-frontend gadget panes (GadgetUI.tsx, GadgetExportMenu.tsx, bindings UI) + backend agent tools","(target, chatId?) -> name; if not bound, picks name from resource suggestion deduped; if already bound, NO-OP returning existing name",Overseer DO gadget facet (overseer.ts GadgetClientImpl),capability from Overseer.createGadget/getGadget; 'use' role limited to getUiBundle/connectToGadget/exportPdf/metadata via UseGadgetClientInterface (overseer.ts:9258),writes binding edge or no-op,as bind,IDEMPOTENT by design (documented no-op path),preserve,none (kernel-native),contract:req-resp,none,manually-reviewed,
GadgetClient,unbind,cloudflare-os,bf7f762d7fa73553284d731ab6a978d3ea17be24,packages/workshop-shared/src/api.ts,2779,"workshop-frontend gadget panes (GadgetUI.tsx, GadgetExportMenu.tsx, bindings UI) + backend agent tools",(name) -> void; removes edge only - target gatekeeper survives (GatekeeperClient.remove destroys connection),Overseer DO gadget facet (overseer.ts GadgetClientImpl),capability from Overseer.createGadget/getGadget; 'use' role limited to getUiBundle/connectToGadget/exportPdf/metadata via UseGadgetClientInterface (overseer.ts:9258),deletes binding edge,none,destructive edge-only,preserve,none (kernel-native),contract:req-resp,none,manually-reviewed,
GadgetClient,renameBinding,cloudflare-os,bf7f762d7fa73553284d731ab6a978d3ea17be24,packages/workshop-shared/src/api.ts,2783,"workshop-frontend gadget panes (GadgetUI.tsx, GadgetExportMenu.tsx, bindings UI) + backend agent tools","(oldName, newName) -> void; preserves target + blueprint annotation; throws if oldName missing or newName reserved/taken",Overseer DO gadget facet (overseer.ts GadgetClientImpl),capability from Overseer.createGadget/getGadget; 'use' role limited to getUiBundle/connectToGadget/exportPdf/metadata via UseGadgetClientInterface (overseer.ts:9258),rewrites edge key,none,throws-on-conflict,preserve,none (kernel-native),contract:req-resp,none,manually-reviewed,
GadgetClient,getBlueprintAnnotation,cloudflare-os,bf7f762d7fa73553284d731ab6a978d3ea17be24,packages/workshop-shared/src/api.ts,2787,"workshop-frontend gadget panes (GadgetUI.tsx, GadgetExportMenu.tsx, bindings UI) + backend agent tools",(name) -> BlueprintBindingAnnotation | null; annotations live on the EDGE not the gatekeeper (two gadgets can annotate same gatekeeper differently),Overseer DO gadget facet (overseer.ts GadgetClientImpl),capability from Overseer.createGadget/getGadget; 'use' role limited to getUiBundle/connectToGadget/exportPdf/metadata via UseGadgetClientInterface (overseer.ts:9258),read-only,none,idempotent read,preserve,none (kernel-native),contract:req-resp,none,manually-reviewed,
GadgetClient,setBlueprintAnnotation,cloudflare-os,bf7f762d7fa73553284d731ab6a978d3ea17be24,packages/workshop-shared/src/api.ts,2790,"workshop-frontend gadget panes (GadgetUI.tsx, GadgetExportMenu.tsx, bindings UI) + backend agent tools","(name, annotation {title, description, suggestValue?}) -> void",Overseer DO gadget facet (overseer.ts GadgetClientImpl),capability from Overseer.createGadget/getGadget; 'use' role limited to getUiBundle/connectToGadget/exportPdf/metadata via UseGadgetClientInterface (overseer.ts:9258),writes edge annotation,none,idempotent write,preserve,none (kernel-native),contract:req-resp,none,manually-reviewed,
GadgetClient,createBlueprint,cloudflare-os,bf7f762d7fa73553284d731ab6a978d3ea17be24,packages/workshop-shared/src/api.ts,2800,"workshop-frontend gadget panes (GadgetUI.tsx, GadgetExportMenu.tsx, bindings UI) + backend agent tools","(title? = gadget title, description?, screenshot?) -> BlueprintGadgetSummary; snapshots committed code + binding metadata; stores locally then propagates User DO + KV + R2; blueprint ALWAYS owned by workspace owner regardless of caller",Overseer DO gadget facet (overseer.ts GadgetClientImpl),capability from Overseer.createGadget/getGadget; 'use' role limited to getUiBundle/connectToGadget/exportPdf/metadata via UseGadgetClientInterface (overseer.ts:9258),creates blueprint + multi-store propagation,none,not idempotent (new id per call); propagation failure sets dirty flag (retryBlueprintPublish),preserve,none (kernel-native),contract:req-resp,none,manually-reviewed,Owner-not-caller ownership rule is a deliberate authz decision.
GatekeeperClient,describe,cloudflare-os,bf7f762d7fa73553284d731ab6a978d3ea17be24,packages/workshop-shared/src/api.ts,2808,FE connection UI + backend agent/capsule denormalization (29 BE refs),() -> ResourceDescription incl. schema of the resource's RPC interface,Overseer DO gatekeeper record + the vendor gatekeeper worker behind it,capability from Overseer (build role); Session generic = vendor-defined,read-only (may start gatekeeper),none,idempotent read,preserve,none (kernel-native),contract:req-resp,none,manually-reviewed,
GatekeeperClient,openSession,cloudflare-os,bf7f762d7fa73553284d731ab6a978d3ea17be24,packages/workshop-shared/src/api.ts,2812,backend agent env wiring; no direct FE caller found,"() -> RpcStub<Session> (generic, vendor-defined RpcCompatible type); direct session to the resource - used esp. by agent executeCode",Overseer DO gatekeeper record + the vendor gatekeeper worker behind it,capability from Overseer (build role); Session generic = vendor-defined,mints DYNAMIC capability,returns vendor-defined session stub,per-call session,preserve,none (kernel-native),contract:capability-lifecycle + per-vendor,none,manually-reviewed,Generic parameter = vendor gatekeeper contract; per-vendor session surfaces (19 gatekeeper packages) are outside api.ts and this ledger.
GatekeeperClient,getCreationSpec,cloudflare-os,bf7f762d7fa73553284d731ab6a978d3ea17be24,packages/workshop-shared/src/api.ts,2815,workshop-frontend connection UI + backend agent (describe used ~29 backend sites),"() -> GatekeeperCreationSpec (gatekeeper|aiModel|agentSpawner|ambient discriminated union); how it was created, for binding recreation + blueprint derivation",Overseer DO gatekeeper record + the vendor gatekeeper worker behind it,capability from Overseer (build role); Session generic = vendor-defined,read-only,none,idempotent read,preserve,none (kernel-native),contract:req-resp,none,manually-reviewed,
PresenceSubscriber,init,cloudflare-os,bf7f762d7fa73553284d731ab6a978d3ea17be24,packages/workshop-shared/src/api.ts,2843,server->client push; components/GadgetPresence.tsx implements,"(PresenceParticipant[]) -> void; full roster, once on subscribe",client (callback target),stub passed to subscribeToPresence,client roster init,callback,"exactly once, first",preserve,none (kernel-native),parity:subscription-replay,none,manually-reviewed,
PresenceSubscriber,add,cloudflare-os,bf7f762d7fa73553284d731ab6a978d3ea17be24,packages/workshop-shared/src/api.ts,2844,server->client push; components/GadgetPresence.tsx implements,"(PresenceParticipant {key, user, role}) -> void",client (callback target),stub passed to subscribeToPresence,client roster add,callback,in-order; keyed by opaque key,preserve,none (kernel-native),parity:subscription-replay,none,manually-reviewed,
PresenceSubscriber,remove,cloudflare-os,bf7f762d7fa73553284d731ab6a978d3ea17be24,packages/workshop-shared/src/api.ts,2845,server->client push; components/GadgetPresence.tsx implements,(key) -> void,client (callback target),stub passed to subscribeToPresence,client roster removal,callback,in-order,preserve,none (kernel-native),parity:subscription-replay,none,manually-reviewed,
