command_identity,description,hotkeys,scope,parent_scope,shadowing_priority,conditions,hide_rules,input_focus_behavior,browser_or_native,handler_intent,target_react_command_id,telemetry,accessible_alternative,target_disposition,parity_test,source_path,source_line,source_commit,manual_review_notes
global.create,Create (open create menu / leader),c,global,(root),displayPriority=10; override; leader key activates CREATE_MENU_COMMAND_SCOPE,,,suppressed-when-input-focused,browser; cmd maps to ctrl on non-mac; disabled on touch devices,toggle create menu (Launcher dialog); no-op passthrough while automation composer open; activates create-menu command scope so c+<key> chords work without the dialog,global.toggle-create-menu,"hotkey_use (global keypress tracker, debounced for repeats); create_menu_open{from:global_hotkey}",sidebar Create button,preserve,parity: global.create,apps/web/src/components/app/GlobalHotkeys.tsx,167,9f7a26bccb85e6f806a6e0c8d6c8e53f3a3541bf,surfaceNestedCommands=true: create-menu child commands surface in command menu
create-menu.email,Create email,e,command-scope-create-menu,global (leader 'c'),override within create-menu scope,item.condition?.() ?? true,,runs-with-input-focused,browser; cmd maps to ctrl on non-mac; disabled on touch devices,open email compose component (focuses To field within gesture for iOS keyboard); shift held at press opens in new split (pressedKeys check),create-menu.create-email,"hotkey_use (global keypress tracker, debounced for repeats); creation analytics fire in data layer (create.ts/projects.ts) with source=create_menu",Launcher dialog list item (click),preserve,parity: create-menu.email,apps/web/src/components/app/GlobalHotkeys.tsx,194,9f7a26bccb85e6f806a6e0c8d6c8e53f3a3541bf,"expanded from CREATABLE_BLOCKS loop (12 static items, Launcher.tsx:405)"
create-menu.chat,Create agent,a,command-scope-create-menu,global (leader 'c'),override within create-menu scope,item.condition?.() ?? true,,runs-with-input-focused,browser; cmd maps to ctrl on non-mac; disabled on touch devices,create new agent chat via cognition API and open it; shift held at press opens in new split (pressedKeys check),create-menu.create-agent,"hotkey_use (global keypress tracker, debounced for repeats); creation analytics fire in data layer (create.ts/projects.ts) with source=create_menu",Launcher dialog list item (click),preserve,parity: create-menu.chat,apps/web/src/components/app/GlobalHotkeys.tsx,194,9f7a26bccb85e6f806a6e0c8d6c8e53f3a3541bf,"expanded from CREATABLE_BLOCKS loop (12 static items, Launcher.tsx:405)"
create-menu.automation,Create automation,u,command-scope-create-menu,global (leader 'c'),override within create-menu scope,item.condition?.() ?? true,,runs-with-input-focused,browser; cmd maps to ctrl on non-mac; disabled on touch devices,open automation composer; shift held at press opens in new split (pressedKeys check),create-menu.create-automation,"hotkey_use (global keypress tracker, debounced for repeats); creation analytics fire in data layer (create.ts/projects.ts) with source=create_menu",Launcher dialog list item (click),preserve,parity: create-menu.automation,apps/web/src/components/app/GlobalHotkeys.tsx,194,9f7a26bccb85e6f806a6e0c8d6c8e53f3a3541bf,"expanded from CREATABLE_BLOCKS loop (12 static items, Launcher.tsx:405)"
create-menu.skill,Create skill,k,command-scope-create-menu,global (leader 'c'),override within create-menu scope,item.condition?.() ?? true,,runs-with-input-focused,browser; cmd maps to ctrl on non-mac; disabled on touch devices,open skill compose popover; shift held at press opens in new split (pressedKeys check),create-menu.create-skill,"hotkey_use (global keypress tracker, debounced for repeats); creation analytics fire in data layer (create.ts/projects.ts) with source=create_menu",Launcher dialog list item (click),preserve,parity: create-menu.skill,apps/web/src/components/app/GlobalHotkeys.tsx,194,9f7a26bccb85e6f806a6e0c8d6c8e53f3a3541bf,"expanded from CREATABLE_BLOCKS loop (12 static items, Launcher.tsx:405)"
create-menu.md,Create document,d,command-scope-create-menu,global (leader 'c'),override within create-menu scope,item.condition?.() ?? true,,runs-with-input-focused,browser; cmd maps to ctrl on non-mac; disabled on touch devices,create markdown doc (tracked doc.create span) and open with optimistic golden snapshot; shift held at press opens in new split (pressedKeys check),create-menu.create-document,"hotkey_use (global keypress tracker, debounced for repeats); creation analytics fire in data layer (create.ts/projects.ts) with source=create_menu",Launcher dialog list item (click),preserve,parity: create-menu.md,apps/web/src/components/app/GlobalHotkeys.tsx,194,9f7a26bccb85e6f806a6e0c8d6c8e53f3a3541bf,"expanded from CREATABLE_BLOCKS loop (12 static items, Launcher.tsx:405)"
create-menu.task,Create task,t,command-scope-create-menu,global (leader 'c'),override within create-menu scope,item.condition?.() ?? true,,runs-with-input-focused,browser; cmd maps to ctrl on non-mac; disabled on touch devices,open task compose popover; shift held at press opens in new split (pressedKeys check),create-menu.create-task,"hotkey_use (global keypress tracker, debounced for repeats); creation analytics fire in data layer (create.ts/projects.ts) with source=create_menu",Launcher dialog list item (click),preserve,parity: create-menu.task,apps/web/src/components/app/GlobalHotkeys.tsx,194,9f7a26bccb85e6f806a6e0c8d6c8e53f3a3541bf,"expanded from CREATABLE_BLOCKS loop (12 static items, Launcher.tsx:405)"
create-menu.snippet,Create snippet,s,command-scope-create-menu,global (leader 'c'),override within create-menu scope,item.condition?.() ?? true; snippet additionally requires ENABLE_SNIPPETS flag,hidden when blockName=snippet and snippets flag off,runs-with-input-focused,browser; cmd maps to ctrl on non-mac; disabled on touch devices,create snippet document and open it (feature-flag gated); shift held at press opens in new split (pressedKeys check),create-menu.create-snippet,"hotkey_use (global keypress tracker, debounced for repeats); creation analytics fire in data layer (create.ts/projects.ts) with source=create_menu",Launcher dialog list item (click),preserve,parity: create-menu.snippet,apps/web/src/components/app/GlobalHotkeys.tsx,194,9f7a26bccb85e6f806a6e0c8d6c8e53f3a3541bf,"expanded from CREATABLE_BLOCKS loop (12 static items, Launcher.tsx:405)"
create-menu.channel-message,Create message,m,command-scope-create-menu,global (leader 'c'),override within create-menu scope,item.condition?.() ?? true,,runs-with-input-focused,browser; cmd maps to ctrl on non-mac; disabled on touch devices,open quick-send channel message compose; shift held at press opens in new split (pressedKeys check),create-menu.create-message,"hotkey_use (global keypress tracker, debounced for repeats); creation analytics fire in data layer (create.ts/projects.ts) with source=create_menu",Launcher dialog list item (click),preserve,parity: create-menu.channel-message,apps/web/src/components/app/GlobalHotkeys.tsx,194,9f7a26bccb85e6f806a6e0c8d6c8e53f3a3541bf,"expanded from CREATABLE_BLOCKS loop (12 static items, Launcher.tsx:405)"
create-menu.channel,Create channel,g,command-scope-create-menu,global (leader 'c'),override within create-menu scope,item.condition?.() ?? true,,runs-with-input-focused,browser; cmd maps to ctrl on non-mac; disabled on touch devices,open new-channel modal; shift held at press opens in new split (pressedKeys check),create-menu.create-channel,"hotkey_use (global keypress tracker, debounced for repeats); creation analytics fire in data layer (create.ts/projects.ts) with source=create_menu",Launcher dialog list item (click),preserve,parity: create-menu.channel,apps/web/src/components/app/GlobalHotkeys.tsx,194,9f7a26bccb85e6f806a6e0c8d6c8e53f3a3541bf,"expanded from CREATABLE_BLOCKS loop (12 static items, Launcher.tsx:405)"
create-menu.canvas,Create canvas,n,command-scope-create-menu,global (leader 'c'),override within create-menu scope,item.condition?.() ?? true,,runs-with-input-focused,browser; cmd maps to ctrl on non-mac; disabled on touch devices,create empty canvas document and open it; shift held at press opens in new split (pressedKeys check),create-menu.create-canvas,"hotkey_use (global keypress tracker, debounced for repeats); creation analytics fire in data layer (create.ts/projects.ts) with source=create_menu",Launcher dialog list item (click),preserve,parity: create-menu.canvas,apps/web/src/components/app/GlobalHotkeys.tsx,194,9f7a26bccb85e6f806a6e0c8d6c8e53f3a3541bf,"expanded from CREATABLE_BLOCKS loop (12 static items, Launcher.tsx:405)"
create-menu.project,Create folder,f,command-scope-create-menu,global (leader 'c'),override within create-menu scope,item.condition?.() ?? true,,runs-with-input-focused,browser; cmd maps to ctrl on non-mac; disabled on touch devices,create project/folder and open it; shift held at press opens in new split (pressedKeys check),create-menu.create-folder,"hotkey_use (global keypress tracker, debounced for repeats); creation analytics fire in data layer (create.ts/projects.ts) with source=create_menu",Launcher dialog list item (click),preserve,parity: create-menu.project,apps/web/src/components/app/GlobalHotkeys.tsx,194,9f7a26bccb85e6f806a6e0c8d6c8e53f3a3541bf,"expanded from CREATABLE_BLOCKS loop (12 static items, Launcher.tsx:405)"
create-menu.code,Create code,o,command-scope-create-menu,global (leader 'c'),override within create-menu scope,item.condition?.() ?? true,,runs-with-input-focused,browser; cmd maps to ctrl on non-mac; disabled on touch devices,create python hello-world code file and open it; shift held at press opens in new split (pressedKeys check),create-menu.create-code,"hotkey_use (global keypress tracker, debounced for repeats); creation analytics fire in data layer (create.ts/projects.ts) with source=create_menu",Launcher dialog list item (click),preserve,parity: create-menu.code,apps/web/src/components/app/GlobalHotkeys.tsx,194,9f7a26bccb85e6f806a6e0c8d6c8e53f3a3541bf,"expanded from CREATABLE_BLOCKS loop (12 static items, Launcher.tsx:405)"
create-menu.close,Close Create,c | escape,command-scope-create-menu,global (leader 'c'),override,createMenuOpen(),,runs-with-input-focused,browser; cmd maps to ctrl on non-mac; disabled on touch devices,close the create menu dialog,create-menu.close,"hotkey_use (global keypress tracker, debounced for repeats)",click outside dialog / dialog close,preserve,parity: create-menu.close,apps/web/src/components/app/GlobalHotkeys.tsx,211,9f7a26bccb85e6f806a6e0c8d6c8e53f3a3541bf,
global.command-menu,Open/Close command menu,cmd+k,global,(root),displayPriority=10; override,,hidden from UI while CommandState.isOpen(),runs-with-input-focused,browser; cmd maps to ctrl on non-mac; disabled on touch devices,toggle command menu; closes automation composer first; description flips open/close,global.toggle-command-menu,"hotkey_use (global keypress tracker, debounced for repeats); command_menu_open{from:global_hotkey}",sidebar account dropdown 'Command menu' item,preserve,parity: global.command-menu,apps/web/src/components/app/GlobalHotkeys.tsx,223,9f7a26bccb85e6f806a6e0c8d6c8e53f3a3541bf,handler contains leftover console.log('## CMD K - global'); shadowed inside soup views by soup-scope cmd+k (entity-action variant)
global.open-category-leader,Open category (leader),o,global,(root),override; leader activates COMMAND_MENU_CATEGORY_SCOPE,,,suppressed-when-input-focused,browser; cmd maps to ctrl on non-mac; disabled on touch devices,no-op keydown; activates 'o' command scope for category chords,command-menu.category-leader,"hotkey_use (global keypress tracker, debounced for repeats)",command menu category tabs,preserve,parity: global.open-category-leader,apps/web/src/components/app/GlobalHotkeys.tsx,240,9f7a26bccb85e6f806a6e0c8d6c8e53f3a3541bf,surfaceNestedCommands=true
command-menu.open-category.all,Open All,l,command-scope-command-menu-category,global (leader 'o'),override,,,runs-with-input-focused,browser; cmd maps to ctrl on non-mac; disabled on touch devices,open command menu pre-filtered to the 'All' category with cleared query and reset selection,command-menu.open-all,"hotkey_use (global keypress tracker, debounced for repeats)",command menu category tabs (click),preserve,parity: command-menu.open-category.all,apps/web/src/components/app/GlobalHotkeys.tsx,251,9f7a26bccb85e6f806a6e0c8d6c8e53f3a3541bf,expanded from COMMAND_MENU_CATEGORY_HOTKEYS loop (7 static items)
command-menu.open-category.commands,Open Command,m,command-scope-command-menu-category,global (leader 'o'),override,,,runs-with-input-focused,browser; cmd maps to ctrl on non-mac; disabled on touch devices,open command menu pre-filtered to the 'Command' category with cleared query and reset selection,command-menu.open-commands,"hotkey_use (global keypress tracker, debounced for repeats)",command menu category tabs (click),preserve,parity: command-menu.open-category.commands,apps/web/src/components/app/GlobalHotkeys.tsx,251,9f7a26bccb85e6f806a6e0c8d6c8e53f3a3541bf,expanded from COMMAND_MENU_CATEGORY_HOTKEYS loop (7 static items)
command-menu.open-category.chats,Open Agents,a,command-scope-command-menu-category,global (leader 'o'),override,,,runs-with-input-focused,browser; cmd maps to ctrl on non-mac; disabled on touch devices,open command menu pre-filtered to the 'Agents' category with cleared query and reset selection,command-menu.open-chats,"hotkey_use (global keypress tracker, debounced for repeats)",command menu category tabs (click),preserve,parity: command-menu.open-category.chats,apps/web/src/components/app/GlobalHotkeys.tsx,251,9f7a26bccb85e6f806a6e0c8d6c8e53f3a3541bf,expanded from COMMAND_MENU_CATEGORY_HOTKEYS loop (7 static items)
command-menu.open-category.documents,Open Files,f,command-scope-command-menu-category,global (leader 'o'),override,,,runs-with-input-focused,browser; cmd maps to ctrl on non-mac; disabled on touch devices,open command menu pre-filtered to the 'Files' category with cleared query and reset selection,command-menu.open-documents,"hotkey_use (global keypress tracker, debounced for repeats)",command menu category tabs (click),preserve,parity: command-menu.open-category.documents,apps/web/src/components/app/GlobalHotkeys.tsx,251,9f7a26bccb85e6f806a6e0c8d6c8e53f3a3541bf,expanded from COMMAND_MENU_CATEGORY_HOTKEYS loop (7 static items)
command-menu.open-category.tasks,Open Tasks,t,command-scope-command-menu-category,global (leader 'o'),override,,,runs-with-input-focused,browser; cmd maps to ctrl on non-mac; disabled on touch devices,open command menu pre-filtered to the 'Tasks' category with cleared query and reset selection,command-menu.open-tasks,"hotkey_use (global keypress tracker, debounced for repeats)",command menu category tabs (click),preserve,parity: command-menu.open-category.tasks,apps/web/src/components/app/GlobalHotkeys.tsx,251,9f7a26bccb85e6f806a6e0c8d6c8e53f3a3541bf,expanded from COMMAND_MENU_CATEGORY_HOTKEYS loop (7 static items)
command-menu.open-category.channels,Open Channels,c,command-scope-command-menu-category,global (leader 'o'),override,,,runs-with-input-focused,browser; cmd maps to ctrl on non-mac; disabled on touch devices,open command menu pre-filtered to the 'Channels' category with cleared query and reset selection,command-menu.open-channels,"hotkey_use (global keypress tracker, debounced for repeats)",command menu category tabs (click),preserve,parity: command-menu.open-category.channels,apps/web/src/components/app/GlobalHotkeys.tsx,251,9f7a26bccb85e6f806a6e0c8d6c8e53f3a3541bf,expanded from COMMAND_MENU_CATEGORY_HOTKEYS loop (7 static items)
command-menu.open-category.dms,Open People,p,command-scope-command-menu-category,global (leader 'o'),override,,,runs-with-input-focused,browser; cmd maps to ctrl on non-mac; disabled on touch devices,open command menu pre-filtered to the 'People' category with cleared query and reset selection,command-menu.open-dms,"hotkey_use (global keypress tracker, debounced for repeats)",command menu category tabs (click),preserve,parity: command-menu.open-category.dms,apps/web/src/components/app/GlobalHotkeys.tsx,251,9f7a26bccb85e6f806a6e0c8d6c8e53f3a3541bf,expanded from COMMAND_MENU_CATEGORY_HOTKEYS loop (7 static items)
global.new-split.cmd,Create new split,cmd+\,global,(root),override,split manager canAppendSplit(),,runs-with-input-focused,browser; cmd maps to ctrl on non-mac; disabled on touch devices,"open inbox component in a new split (preferNewSplit, allowDuplicate)",global.new-split,"hotkey_use (global keypress tracker, debounced for repeats); split_created{from:global_hotkey}",split '+' UI,preserve,parity: global.new-split.cmd,apps/web/src/components/app/GlobalHotkeys.tsx,283,9f7a26bccb85e6f806a6e0c8d6c8e53f3a3541bf,
global.new-split.bare,Create new split,\,global,(root),override,split manager canAppendSplit(),,suppressed-when-input-focused,browser; cmd maps to ctrl on non-mac; disabled on touch devices,same as cmd+\ but suppressed while typing (no runWithInputFocused),global.new-split,"hotkey_use (global keypress tracker, debounced for repeats); split_created{from:global_hotkey}",split '+' UI,preserve,parity: global.new-split.bare,apps/web/src/components/app/GlobalHotkeys.tsx,292,9f7a26bccb85e6f806a6e0c8d6c8e53f3a3541bf,token TOKENS.global.createNewSplit lives on this variant
global.toggle-settings,Toggle settings,cmd+;,global,(root),override,,,runs-with-input-focused,browser; cmd maps to ctrl on non-mac; disabled on touch devices,toggle settings surface,global.toggle-settings,"hotkey_use (global keypress tracker, debounced for repeats)",account dropdown Settings item,preserve,parity: global.toggle-settings,apps/web/src/components/app/GlobalHotkeys.tsx,311,9f7a26bccb85e6f806a6e0c8d6c8e53f3a3541bf,
global.account,Account,(none - command menu only),global,(root),override,,,runs-with-input-focused,browser; cmd maps to ctrl on non-mac; disabled on touch devices,open settings at the Account tab (switches tab in place when already open),global.open-account-settings,"hotkey_use (global keypress tracker, debounced for repeats)",account dropdown,preserve,parity: global.account,apps/web/src/components/app/GlobalHotkeys.tsx,323,9f7a26bccb85e6f806a6e0c8d6c8e53f3a3541bf,unkeyed: command-menu-only command
global.logout,Logout,(none - command menu only),global,(root),override,,,runs-with-input-focused,browser; cmd maps to ctrl on non-mac; disabled on touch devices,log the user out,global.logout,"hotkey_use (global keypress tracker, debounced for repeats)",account dropdown Log out,preserve,parity: global.logout,apps/web/src/components/app/GlobalHotkeys.tsx,334,9f7a26bccb85e6f806a6e0c8d6c8e53f3a3541bf,unkeyed: command-menu-only command
global.instructions,Open AI instructions,(none - command menu only),global,(root),override,,,runs-with-input-focused,browser; cmd maps to ctrl on non-mac; disabled on touch devices,open the instructions.md AI-instructions document,global.open-ai-instructions,"hotkey_use (global keypress tracker, debounced for repeats)",command menu (Cmd+K) lists it,preserve,parity: global.instructions,apps/web/src/components/app/GlobalHotkeys.tsx,346,9f7a26bccb85e6f806a6e0c8d6c8e53f3a3541bf,unkeyed: command-menu-only command
global.mcp-setup,MCP setup,(none - command menu only),global,(root),displayPriority=9; override,,,runs-with-input-focused,browser; cmd maps to ctrl on non-mac; disabled on touch devices,open the Macro MCP setup modal,global.open-mcp-setup,"hotkey_use (global keypress tracker, debounced for repeats)",command menu (Cmd+K) lists it,adapt,parity: global.mcp-setup,apps/web/src/components/app/GlobalHotkeys.tsx,358,9f7a26bccb85e6f806a6e0c8d6c8e53f3a3541bf,unkeyed command-menu-only; tags include 'connect macro' and modal is Macro-branded - brand tripwire per 07-UI-UX rules
global.change-theme,Change theme (sub-menu),(none - command menu only),global,(root),displayPriority=10; activateCommandScope=true (dynamic command scope),,,runs-with-input-focused,browser; cmd maps to ctrl on non-mac; disabled on touch devices,opens a nested command scope listing themes,theme.change,"hotkey_use (global keypress tracker, debounced for repeats)",command menu (Cmd+K) lists it,preserve,parity: global.change-theme,apps/web/src/components/app/GlobalHotkeys.tsx,371,9f7a26bccb85e6f806a6e0c8d6c8e53f3a3541bf,unkeyed leader; children below
theme.system-preference,System preference,(none - list item in Change theme scope),command-scope-global (change-theme),global,override,,,runs-with-input-focused,browser; cmd maps to ctrl on non-mac; disabled on touch devices,follow OS scheme (applySystemTheme); highlight previews the resolved theme,theme.use-system,"hotkey_use (global keypress tracker, debounced for repeats); theme_changed{themeId:system}",settings Appearance tab,preserve,parity: theme.system-preference,apps/web/src/components/app/GlobalHotkeys.tsx,409,9f7a26bccb85e6f806a6e0c8d6c8e53f3a3541bf,displayComponent shows theme chips; onHighlight live-preview
theme.set-visible.macro-dark,Macro Dark,(none - list item),command-scope-global (change-theme),global,override,,,runs-with-input-focused,browser; cmd maps to ctrl on non-mac; disabled on touch devices,set 'Macro Dark' as the theme for the currently-resolved mode and apply it,theme.set.macro-dark,"hotkey_use (global keypress tracker, debounced for repeats); theme_changed{themeId}",settings Appearance tab,adapt,parity: theme.set-visible.macro-dark,apps/web/src/components/app/GlobalHotkeys.tsx,434,9f7a26bccb85e6f806a6e0c8d6c8e53f3a3541bf,expanded from themes() loop: 12 static default themes (features/theme/constants.ts:111) + runtime user themes (see runtime row). 'Macro' theme name is a brand tripwire - rename in rewrite.
theme.set-visible.void,Void,(none - list item),command-scope-global (change-theme),global,override,,,runs-with-input-focused,browser; cmd maps to ctrl on non-mac; disabled on touch devices,set 'Void' as the theme for the currently-resolved mode and apply it,theme.set.void,"hotkey_use (global keypress tracker, debounced for repeats); theme_changed{themeId}",settings Appearance tab,preserve,parity: theme.set-visible.void,apps/web/src/components/app/GlobalHotkeys.tsx,434,9f7a26bccb85e6f806a6e0c8d6c8e53f3a3541bf,expanded from themes() loop: 12 static default themes (features/theme/constants.ts:111) + runtime user themes (see runtime row).
theme.set-visible.ember,Ember,(none - list item),command-scope-global (change-theme),global,override,,,runs-with-input-focused,browser; cmd maps to ctrl on non-mac; disabled on touch devices,set 'Ember' as the theme for the currently-resolved mode and apply it,theme.set.ember,"hotkey_use (global keypress tracker, debounced for repeats); theme_changed{themeId}",settings Appearance tab,preserve,parity: theme.set-visible.ember,apps/web/src/components/app/GlobalHotkeys.tsx,434,9f7a26bccb85e6f806a6e0c8d6c8e53f3a3541bf,expanded from themes() loop: 12 static default themes (features/theme/constants.ts:111) + runtime user themes (see runtime row).
theme.set-visible.spirit,Spirit,(none - list item),command-scope-global (change-theme),global,override,,,runs-with-input-focused,browser; cmd maps to ctrl on non-mac; disabled on touch devices,set 'Spirit' as the theme for the currently-resolved mode and apply it,theme.set.spirit,"hotkey_use (global keypress tracker, debounced for repeats); theme_changed{themeId}",settings Appearance tab,preserve,parity: theme.set-visible.spirit,apps/web/src/components/app/GlobalHotkeys.tsx,434,9f7a26bccb85e6f806a6e0c8d6c8e53f3a3541bf,expanded from themes() loop: 12 static default themes (features/theme/constants.ts:111) + runtime user themes (see runtime row).
theme.set-visible.moon,Moon,(none - list item),command-scope-global (change-theme),global,override,,,runs-with-input-focused,browser; cmd maps to ctrl on non-mac; disabled on touch devices,set 'Moon' as the theme for the currently-resolved mode and apply it,theme.set.moon,"hotkey_use (global keypress tracker, debounced for repeats); theme_changed{themeId}",settings Appearance tab,preserve,parity: theme.set-visible.moon,apps/web/src/components/app/GlobalHotkeys.tsx,434,9f7a26bccb85e6f806a6e0c8d6c8e53f3a3541bf,expanded from themes() loop: 12 static default themes (features/theme/constants.ts:111) + runtime user themes (see runtime row).
theme.set-visible.rain,Rain,(none - list item),command-scope-global (change-theme),global,override,,,runs-with-input-focused,browser; cmd maps to ctrl on non-mac; disabled on touch devices,set 'Rain' as the theme for the currently-resolved mode and apply it,theme.set.rain,"hotkey_use (global keypress tracker, debounced for repeats); theme_changed{themeId}",settings Appearance tab,preserve,parity: theme.set-visible.rain,apps/web/src/components/app/GlobalHotkeys.tsx,434,9f7a26bccb85e6f806a6e0c8d6c8e53f3a3541bf,expanded from themes() loop: 12 static default themes (features/theme/constants.ts:111) + runtime user themes (see runtime row).
theme.set-visible.macro-light,Macro Light,(none - list item),command-scope-global (change-theme),global,override,,,runs-with-input-focused,browser; cmd maps to ctrl on non-mac; disabled on touch devices,set 'Macro Light' as the theme for the currently-resolved mode and apply it,theme.set.macro-light,"hotkey_use (global keypress tracker, debounced for repeats); theme_changed{themeId}",settings Appearance tab,adapt,parity: theme.set-visible.macro-light,apps/web/src/components/app/GlobalHotkeys.tsx,434,9f7a26bccb85e6f806a6e0c8d6c8e53f3a3541bf,expanded from themes() loop: 12 static default themes (features/theme/constants.ts:111) + runtime user themes (see runtime row). 'Macro' theme name is a brand tripwire - rename in rewrite.
theme.set-visible.satsuma,Satsuma,(none - list item),command-scope-global (change-theme),global,override,,,runs-with-input-focused,browser; cmd maps to ctrl on non-mac; disabled on touch devices,set 'Satsuma' as the theme for the currently-resolved mode and apply it,theme.set.satsuma,"hotkey_use (global keypress tracker, debounced for repeats); theme_changed{themeId}",settings Appearance tab,preserve,parity: theme.set-visible.satsuma,apps/web/src/components/app/GlobalHotkeys.tsx,434,9f7a26bccb85e6f806a6e0c8d6c8e53f3a3541bf,expanded from themes() loop: 12 static default themes (features/theme/constants.ts:111) + runtime user themes (see runtime row).
theme.set-visible.lapis,Lapis,(none - list item),command-scope-global (change-theme),global,override,,,runs-with-input-focused,browser; cmd maps to ctrl on non-mac; disabled on touch devices,set 'Lapis' as the theme for the currently-resolved mode and apply it,theme.set.lapis,"hotkey_use (global keypress tracker, debounced for repeats); theme_changed{themeId}",settings Appearance tab,preserve,parity: theme.set-visible.lapis,apps/web/src/components/app/GlobalHotkeys.tsx,434,9f7a26bccb85e6f806a6e0c8d6c8e53f3a3541bf,expanded from themes() loop: 12 static default themes (features/theme/constants.ts:111) + runtime user themes (see runtime row).
theme.set-visible.flora,Flora,(none - list item),command-scope-global (change-theme),global,override,,,runs-with-input-focused,browser; cmd maps to ctrl on non-mac; disabled on touch devices,set 'Flora' as the theme for the currently-resolved mode and apply it,theme.set.flora,"hotkey_use (global keypress tracker, debounced for repeats); theme_changed{themeId}",settings Appearance tab,preserve,parity: theme.set-visible.flora,apps/web/src/components/app/GlobalHotkeys.tsx,434,9f7a26bccb85e6f806a6e0c8d6c8e53f3a3541bf,expanded from themes() loop: 12 static default themes (features/theme/constants.ts:111) + runtime user themes (see runtime row).
theme.set-visible.paper,Paper,(none - list item),command-scope-global (change-theme),global,override,,,runs-with-input-focused,browser; cmd maps to ctrl on non-mac; disabled on touch devices,set 'Paper' as the theme for the currently-resolved mode and apply it,theme.set.paper,"hotkey_use (global keypress tracker, debounced for repeats); theme_changed{themeId}",settings Appearance tab,preserve,parity: theme.set-visible.paper,apps/web/src/components/app/GlobalHotkeys.tsx,434,9f7a26bccb85e6f806a6e0c8d6c8e53f3a3541bf,expanded from themes() loop: 12 static default themes (features/theme/constants.ts:111) + runtime user themes (see runtime row).
theme.set-visible.decepticon,Decepticon,(none - list item),command-scope-global (change-theme),global,override,,,runs-with-input-focused,browser; cmd maps to ctrl on non-mac; disabled on touch devices,set 'Decepticon' as the theme for the currently-resolved mode and apply it,theme.set.decepticon,"hotkey_use (global keypress tracker, debounced for repeats); theme_changed{themeId}",settings Appearance tab,preserve,parity: theme.set-visible.decepticon,apps/web/src/components/app/GlobalHotkeys.tsx,434,9f7a26bccb85e6f806a6e0c8d6c8e53f3a3541bf,expanded from themes() loop: 12 static default themes (features/theme/constants.ts:111) + runtime user themes (see runtime row).
theme.set-visible.<user-theme>,(user-defined theme name),(none),command-scope-global (change-theme),global,override,,,runs-with-input-focused,browser; cmd maps to ctrl on non-mac; disabled on touch devices,same as default-theme rows for each user-created theme,theme.set.<dynamic>,"hotkey_use (global keypress tracker, debounced for repeats); theme_changed{themeId}",command menu (Cmd+K) lists it,preserve,parity: theme.set-visible.<user-theme>,apps/web/src/components/app/GlobalHotkeys.tsx,434,9f7a26bccb85e6f806a6e0c8d6c8e53f3a3541bf,RUNTIME-GENERATED: themes() = DEFAULT_THEMES + userThemes() (localStorage 'macro-user-themes'); user-theme entries cannot be statically enumerated. Loop is also non-reactive: themes added after mount get no command until remount.
global.set-default-light-theme,Set default light theme (sub-menu),(none - command menu only),global,(root),activateCommandScope=true,,,runs-with-input-focused,browser; cmd maps to ctrl on non-mac; disabled on touch devices,opens nested scope listing themes for the light-mode preference,theme.set-default-light,"hotkey_use (global keypress tracker, debounced for repeats)",command menu (Cmd+K) lists it,preserve,parity: global.set-default-light-theme,apps/web/src/components/app/GlobalHotkeys.tsx,452,9f7a26bccb85e6f806a6e0c8d6c8e53f3a3541bf,
theme.default-light.macro-dark,Macro Dark,(none - list item),command-scope-global (set-default-light),global,override,,,runs-with-input-focused,browser; cmd maps to ctrl on non-mac; disabled on touch devices,set 'Macro Dark' as preferred light-mode theme,theme.default-light.macro-dark,"hotkey_use (global keypress tracker, debounced for repeats); theme_changed{themeId}",settings Appearance tab,adapt,parity: theme.default-light.macro-dark,apps/web/src/components/app/GlobalHotkeys.tsx,463,9f7a26bccb85e6f806a6e0c8d6c8e53f3a3541bf,expanded from themes() loop: 12 static default themes (features/theme/constants.ts:111) + runtime user themes (see runtime row). 'Macro' theme name is a brand tripwire - rename in rewrite.
theme.default-light.void,Void,(none - list item),command-scope-global (set-default-light),global,override,,,runs-with-input-focused,browser; cmd maps to ctrl on non-mac; disabled on touch devices,set 'Void' as preferred light-mode theme,theme.default-light.void,"hotkey_use (global keypress tracker, debounced for repeats); theme_changed{themeId}",settings Appearance tab,preserve,parity: theme.default-light.void,apps/web/src/components/app/GlobalHotkeys.tsx,463,9f7a26bccb85e6f806a6e0c8d6c8e53f3a3541bf,expanded from themes() loop: 12 static default themes (features/theme/constants.ts:111) + runtime user themes (see runtime row).
theme.default-light.ember,Ember,(none - list item),command-scope-global (set-default-light),global,override,,,runs-with-input-focused,browser; cmd maps to ctrl on non-mac; disabled on touch devices,set 'Ember' as preferred light-mode theme,theme.default-light.ember,"hotkey_use (global keypress tracker, debounced for repeats); theme_changed{themeId}",settings Appearance tab,preserve,parity: theme.default-light.ember,apps/web/src/components/app/GlobalHotkeys.tsx,463,9f7a26bccb85e6f806a6e0c8d6c8e53f3a3541bf,expanded from themes() loop: 12 static default themes (features/theme/constants.ts:111) + runtime user themes (see runtime row).
theme.default-light.spirit,Spirit,(none - list item),command-scope-global (set-default-light),global,override,,,runs-with-input-focused,browser; cmd maps to ctrl on non-mac; disabled on touch devices,set 'Spirit' as preferred light-mode theme,theme.default-light.spirit,"hotkey_use (global keypress tracker, debounced for repeats); theme_changed{themeId}",settings Appearance tab,preserve,parity: theme.default-light.spirit,apps/web/src/components/app/GlobalHotkeys.tsx,463,9f7a26bccb85e6f806a6e0c8d6c8e53f3a3541bf,expanded from themes() loop: 12 static default themes (features/theme/constants.ts:111) + runtime user themes (see runtime row).
theme.default-light.moon,Moon,(none - list item),command-scope-global (set-default-light),global,override,,,runs-with-input-focused,browser; cmd maps to ctrl on non-mac; disabled on touch devices,set 'Moon' as preferred light-mode theme,theme.default-light.moon,"hotkey_use (global keypress tracker, debounced for repeats); theme_changed{themeId}",settings Appearance tab,preserve,parity: theme.default-light.moon,apps/web/src/components/app/GlobalHotkeys.tsx,463,9f7a26bccb85e6f806a6e0c8d6c8e53f3a3541bf,expanded from themes() loop: 12 static default themes (features/theme/constants.ts:111) + runtime user themes (see runtime row).
theme.default-light.rain,Rain,(none - list item),command-scope-global (set-default-light),global,override,,,runs-with-input-focused,browser; cmd maps to ctrl on non-mac; disabled on touch devices,set 'Rain' as preferred light-mode theme,theme.default-light.rain,"hotkey_use (global keypress tracker, debounced for repeats); theme_changed{themeId}",settings Appearance tab,preserve,parity: theme.default-light.rain,apps/web/src/components/app/GlobalHotkeys.tsx,463,9f7a26bccb85e6f806a6e0c8d6c8e53f3a3541bf,expanded from themes() loop: 12 static default themes (features/theme/constants.ts:111) + runtime user themes (see runtime row).
theme.default-light.macro-light,Macro Light,(none - list item),command-scope-global (set-default-light),global,override,,,runs-with-input-focused,browser; cmd maps to ctrl on non-mac; disabled on touch devices,set 'Macro Light' as preferred light-mode theme,theme.default-light.macro-light,"hotkey_use (global keypress tracker, debounced for repeats); theme_changed{themeId}",settings Appearance tab,adapt,parity: theme.default-light.macro-light,apps/web/src/components/app/GlobalHotkeys.tsx,463,9f7a26bccb85e6f806a6e0c8d6c8e53f3a3541bf,expanded from themes() loop: 12 static default themes (features/theme/constants.ts:111) + runtime user themes (see runtime row). 'Macro' theme name is a brand tripwire - rename in rewrite.
theme.default-light.satsuma,Satsuma,(none - list item),command-scope-global (set-default-light),global,override,,,runs-with-input-focused,browser; cmd maps to ctrl on non-mac; disabled on touch devices,set 'Satsuma' as preferred light-mode theme,theme.default-light.satsuma,"hotkey_use (global keypress tracker, debounced for repeats); theme_changed{themeId}",settings Appearance tab,preserve,parity: theme.default-light.satsuma,apps/web/src/components/app/GlobalHotkeys.tsx,463,9f7a26bccb85e6f806a6e0c8d6c8e53f3a3541bf,expanded from themes() loop: 12 static default themes (features/theme/constants.ts:111) + runtime user themes (see runtime row).
theme.default-light.lapis,Lapis,(none - list item),command-scope-global (set-default-light),global,override,,,runs-with-input-focused,browser; cmd maps to ctrl on non-mac; disabled on touch devices,set 'Lapis' as preferred light-mode theme,theme.default-light.lapis,"hotkey_use (global keypress tracker, debounced for repeats); theme_changed{themeId}",settings Appearance tab,preserve,parity: theme.default-light.lapis,apps/web/src/components/app/GlobalHotkeys.tsx,463,9f7a26bccb85e6f806a6e0c8d6c8e53f3a3541bf,expanded from themes() loop: 12 static default themes (features/theme/constants.ts:111) + runtime user themes (see runtime row).
theme.default-light.flora,Flora,(none - list item),command-scope-global (set-default-light),global,override,,,runs-with-input-focused,browser; cmd maps to ctrl on non-mac; disabled on touch devices,set 'Flora' as preferred light-mode theme,theme.default-light.flora,"hotkey_use (global keypress tracker, debounced for repeats); theme_changed{themeId}",settings Appearance tab,preserve,parity: theme.default-light.flora,apps/web/src/components/app/GlobalHotkeys.tsx,463,9f7a26bccb85e6f806a6e0c8d6c8e53f3a3541bf,expanded from themes() loop: 12 static default themes (features/theme/constants.ts:111) + runtime user themes (see runtime row).
theme.default-light.paper,Paper,(none - list item),command-scope-global (set-default-light),global,override,,,runs-with-input-focused,browser; cmd maps to ctrl on non-mac; disabled on touch devices,set 'Paper' as preferred light-mode theme,theme.default-light.paper,"hotkey_use (global keypress tracker, debounced for repeats); theme_changed{themeId}",settings Appearance tab,preserve,parity: theme.default-light.paper,apps/web/src/components/app/GlobalHotkeys.tsx,463,9f7a26bccb85e6f806a6e0c8d6c8e53f3a3541bf,expanded from themes() loop: 12 static default themes (features/theme/constants.ts:111) + runtime user themes (see runtime row).
theme.default-light.decepticon,Decepticon,(none - list item),command-scope-global (set-default-light),global,override,,,runs-with-input-focused,browser; cmd maps to ctrl on non-mac; disabled on touch devices,set 'Decepticon' as preferred light-mode theme,theme.default-light.decepticon,"hotkey_use (global keypress tracker, debounced for repeats); theme_changed{themeId}",settings Appearance tab,preserve,parity: theme.default-light.decepticon,apps/web/src/components/app/GlobalHotkeys.tsx,463,9f7a26bccb85e6f806a6e0c8d6c8e53f3a3541bf,expanded from themes() loop: 12 static default themes (features/theme/constants.ts:111) + runtime user themes (see runtime row).
theme.default-light.<user-theme>,(user-defined theme),(none),command-scope-global (set-default-light),global,override,,,runs-with-input-focused,browser; cmd maps to ctrl on non-mac; disabled on touch devices,per user theme,theme.default-light.<dynamic>,"hotkey_use (global keypress tracker, debounced for repeats)",command menu (Cmd+K) lists it,preserve,parity: theme.default-light.<user-theme>,apps/web/src/components/app/GlobalHotkeys.tsx,463,9f7a26bccb85e6f806a6e0c8d6c8e53f3a3541bf,RUNTIME-GENERATED (same as theme.set-visible.<user-theme>)
global.set-default-dark-theme,Set default dark theme (sub-menu),(none - command menu only),global,(root),activateCommandScope=true,,,runs-with-input-focused,browser; cmd maps to ctrl on non-mac; disabled on touch devices,opens nested scope listing themes for the dark-mode preference,theme.set-default-dark,"hotkey_use (global keypress tracker, debounced for repeats)",command menu (Cmd+K) lists it,preserve,parity: global.set-default-dark-theme,apps/web/src/components/app/GlobalHotkeys.tsx,478,9f7a26bccb85e6f806a6e0c8d6c8e53f3a3541bf,
theme.default-dark.macro-dark,Macro Dark,(none - list item),command-scope-global (set-default-dark),global,override,,,runs-with-input-focused,browser; cmd maps to ctrl on non-mac; disabled on touch devices,set 'Macro Dark' as preferred dark-mode theme,theme.default-dark.macro-dark,"hotkey_use (global keypress tracker, debounced for repeats); theme_changed{themeId}",settings Appearance tab,adapt,parity: theme.default-dark.macro-dark,apps/web/src/components/app/GlobalHotkeys.tsx,489,9f7a26bccb85e6f806a6e0c8d6c8e53f3a3541bf,expanded from themes() loop: 12 static default themes (features/theme/constants.ts:111) + runtime user themes (see runtime row). 'Macro' theme name is a brand tripwire - rename in rewrite.
theme.default-dark.void,Void,(none - list item),command-scope-global (set-default-dark),global,override,,,runs-with-input-focused,browser; cmd maps to ctrl on non-mac; disabled on touch devices,set 'Void' as preferred dark-mode theme,theme.default-dark.void,"hotkey_use (global keypress tracker, debounced for repeats); theme_changed{themeId}",settings Appearance tab,preserve,parity: theme.default-dark.void,apps/web/src/components/app/GlobalHotkeys.tsx,489,9f7a26bccb85e6f806a6e0c8d6c8e53f3a3541bf,expanded from themes() loop: 12 static default themes (features/theme/constants.ts:111) + runtime user themes (see runtime row).
theme.default-dark.ember,Ember,(none - list item),command-scope-global (set-default-dark),global,override,,,runs-with-input-focused,browser; cmd maps to ctrl on non-mac; disabled on touch devices,set 'Ember' as preferred dark-mode theme,theme.default-dark.ember,"hotkey_use (global keypress tracker, debounced for repeats); theme_changed{themeId}",settings Appearance tab,preserve,parity: theme.default-dark.ember,apps/web/src/components/app/GlobalHotkeys.tsx,489,9f7a26bccb85e6f806a6e0c8d6c8e53f3a3541bf,expanded from themes() loop: 12 static default themes (features/theme/constants.ts:111) + runtime user themes (see runtime row).
theme.default-dark.spirit,Spirit,(none - list item),command-scope-global (set-default-dark),global,override,,,runs-with-input-focused,browser; cmd maps to ctrl on non-mac; disabled on touch devices,set 'Spirit' as preferred dark-mode theme,theme.default-dark.spirit,"hotkey_use (global keypress tracker, debounced for repeats); theme_changed{themeId}",settings Appearance tab,preserve,parity: theme.default-dark.spirit,apps/web/src/components/app/GlobalHotkeys.tsx,489,9f7a26bccb85e6f806a6e0c8d6c8e53f3a3541bf,expanded from themes() loop: 12 static default themes (features/theme/constants.ts:111) + runtime user themes (see runtime row).
theme.default-dark.moon,Moon,(none - list item),command-scope-global (set-default-dark),global,override,,,runs-with-input-focused,browser; cmd maps to ctrl on non-mac; disabled on touch devices,set 'Moon' as preferred dark-mode theme,theme.default-dark.moon,"hotkey_use (global keypress tracker, debounced for repeats); theme_changed{themeId}",settings Appearance tab,preserve,parity: theme.default-dark.moon,apps/web/src/components/app/GlobalHotkeys.tsx,489,9f7a26bccb85e6f806a6e0c8d6c8e53f3a3541bf,expanded from themes() loop: 12 static default themes (features/theme/constants.ts:111) + runtime user themes (see runtime row).
theme.default-dark.rain,Rain,(none - list item),command-scope-global (set-default-dark),global,override,,,runs-with-input-focused,browser; cmd maps to ctrl on non-mac; disabled on touch devices,set 'Rain' as preferred dark-mode theme,theme.default-dark.rain,"hotkey_use (global keypress tracker, debounced for repeats); theme_changed{themeId}",settings Appearance tab,preserve,parity: theme.default-dark.rain,apps/web/src/components/app/GlobalHotkeys.tsx,489,9f7a26bccb85e6f806a6e0c8d6c8e53f3a3541bf,expanded from themes() loop: 12 static default themes (features/theme/constants.ts:111) + runtime user themes (see runtime row).
theme.default-dark.macro-light,Macro Light,(none - list item),command-scope-global (set-default-dark),global,override,,,runs-with-input-focused,browser; cmd maps to ctrl on non-mac; disabled on touch devices,set 'Macro Light' as preferred dark-mode theme,theme.default-dark.macro-light,"hotkey_use (global keypress tracker, debounced for repeats); theme_changed{themeId}",settings Appearance tab,adapt,parity: theme.default-dark.macro-light,apps/web/src/components/app/GlobalHotkeys.tsx,489,9f7a26bccb85e6f806a6e0c8d6c8e53f3a3541bf,expanded from themes() loop: 12 static default themes (features/theme/constants.ts:111) + runtime user themes (see runtime row). 'Macro' theme name is a brand tripwire - rename in rewrite.
theme.default-dark.satsuma,Satsuma,(none - list item),command-scope-global (set-default-dark),global,override,,,runs-with-input-focused,browser; cmd maps to ctrl on non-mac; disabled on touch devices,set 'Satsuma' as preferred dark-mode theme,theme.default-dark.satsuma,"hotkey_use (global keypress tracker, debounced for repeats); theme_changed{themeId}",settings Appearance tab,preserve,parity: theme.default-dark.satsuma,apps/web/src/components/app/GlobalHotkeys.tsx,489,9f7a26bccb85e6f806a6e0c8d6c8e53f3a3541bf,expanded from themes() loop: 12 static default themes (features/theme/constants.ts:111) + runtime user themes (see runtime row).
theme.default-dark.lapis,Lapis,(none - list item),command-scope-global (set-default-dark),global,override,,,runs-with-input-focused,browser; cmd maps to ctrl on non-mac; disabled on touch devices,set 'Lapis' as preferred dark-mode theme,theme.default-dark.lapis,"hotkey_use (global keypress tracker, debounced for repeats); theme_changed{themeId}",settings Appearance tab,preserve,parity: theme.default-dark.lapis,apps/web/src/components/app/GlobalHotkeys.tsx,489,9f7a26bccb85e6f806a6e0c8d6c8e53f3a3541bf,expanded from themes() loop: 12 static default themes (features/theme/constants.ts:111) + runtime user themes (see runtime row).
theme.default-dark.flora,Flora,(none - list item),command-scope-global (set-default-dark),global,override,,,runs-with-input-focused,browser; cmd maps to ctrl on non-mac; disabled on touch devices,set 'Flora' as preferred dark-mode theme,theme.default-dark.flora,"hotkey_use (global keypress tracker, debounced for repeats); theme_changed{themeId}",settings Appearance tab,preserve,parity: theme.default-dark.flora,apps/web/src/components/app/GlobalHotkeys.tsx,489,9f7a26bccb85e6f806a6e0c8d6c8e53f3a3541bf,expanded from themes() loop: 12 static default themes (features/theme/constants.ts:111) + runtime user themes (see runtime row).
theme.default-dark.paper,Paper,(none - list item),command-scope-global (set-default-dark),global,override,,,runs-with-input-focused,browser; cmd maps to ctrl on non-mac; disabled on touch devices,set 'Paper' as preferred dark-mode theme,theme.default-dark.paper,"hotkey_use (global keypress tracker, debounced for repeats); theme_changed{themeId}",settings Appearance tab,preserve,parity: theme.default-dark.paper,apps/web/src/components/app/GlobalHotkeys.tsx,489,9f7a26bccb85e6f806a6e0c8d6c8e53f3a3541bf,expanded from themes() loop: 12 static default themes (features/theme/constants.ts:111) + runtime user themes (see runtime row).
theme.default-dark.decepticon,Decepticon,(none - list item),command-scope-global (set-default-dark),global,override,,,runs-with-input-focused,browser; cmd maps to ctrl on non-mac; disabled on touch devices,set 'Decepticon' as preferred dark-mode theme,theme.default-dark.decepticon,"hotkey_use (global keypress tracker, debounced for repeats); theme_changed{themeId}",settings Appearance tab,preserve,parity: theme.default-dark.decepticon,apps/web/src/components/app/GlobalHotkeys.tsx,489,9f7a26bccb85e6f806a6e0c8d6c8e53f3a3541bf,expanded from themes() loop: 12 static default themes (features/theme/constants.ts:111) + runtime user themes (see runtime row).
theme.default-dark.<user-theme>,(user-defined theme),(none),command-scope-global (set-default-dark),global,override,,,runs-with-input-focused,browser; cmd maps to ctrl on non-mac; disabled on touch devices,per user theme,theme.default-dark.<dynamic>,"hotkey_use (global keypress tracker, debounced for repeats)",command menu (Cmd+K) lists it,preserve,parity: theme.default-dark.<user-theme>,apps/web/src/components/app/GlobalHotkeys.tsx,489,9f7a26bccb85e6f806a6e0c8d6c8e53f3a3541bf,RUNTIME-GENERATED (same as theme.set-visible.<user-theme>)
global.auto-detect-color-scheme,Auto-detect color scheme (toggle),(none - command menu only),global,(root),override,,,runs-with-input-focused,browser; cmd maps to ctrl on non-mac; disabled on touch devices,toggle themeMode between 'system' and pinned current OS scheme; description flips 'Turn off auto-detect...',theme.toggle-system-mode,"hotkey_use (global keypress tracker, debounced for repeats)",settings Appearance tab,preserve,parity: global.auto-detect-color-scheme,apps/web/src/components/app/GlobalHotkeys.tsx,504,9f7a26bccb85e6f806a6e0c8d6c8e53f3a3541bf,
global.upload-files,Upload files,(none - command menu only),global,(root),override,,,suppressed-when-input-focused,browser; cmd maps to ctrl on non-mac; disabled on touch devices,open multi-file picker and run upload pipeline,global.upload-files,"hotkey_use (global keypress tracker, debounced for repeats)",drag-and-drop / upload buttons,preserve,parity: global.upload-files,apps/web/src/components/app/GlobalHotkeys.tsx,517,9f7a26bccb85e6f806a6e0c8d6c8e53f3a3541bf,
global.hotkey-debugger,Open hotkey debugger,(none - command menu only),global,(root),override,,,runs-with-input-focused,browser; cmd maps to ctrl on non-mac; disabled on touch devices,open hotkey-debugger component in a new split,dev.open-hotkey-debugger,"hotkey_use (global keypress tracker, debounced for repeats)",command menu (Cmd+K) lists it,defer,parity: global.hotkey-debugger,apps/web/src/components/app/GlobalHotkeys.tsx,530,9f7a26bccb85e6f806a6e0c8d6c8e53f3a3541bf,registered only when LOCAL_ONLY build flag - dev-only; not user-facing in prod
global.upload-folders,Upload folders,(none - command menu only),global,(root),override,,,suppressed-when-input-focused,browser; cmd maps to ctrl on non-mac; disabled on touch devices,"open folder picker, walk entries, run upload pipeline",global.upload-folders,"hotkey_use (global keypress tracker, debounced for repeats)",upload buttons,preserve,parity: global.upload-folders,apps/web/src/components/app/GlobalHotkeys.tsx,549,9f7a26bccb85e6f806a6e0c8d6c8e53f3a3541bf,
global.undo,Undo,cmd+z,global,(root),override,undoCtx.canUndo(),,suppressed-when-input-focused,browser; cmd maps to ctrl on non-mac; disabled on touch devices,undo last mutation via mutation-undo context; failure toast,global.undo,"hotkey_use (global keypress tracker, debounced for repeats)",toast Undo buttons,preserve,parity: global.undo,apps/web/src/components/app/GlobalHotkeys.tsx,563,9f7a26bccb85e6f806a6e0c8d6c8e53f3a3541bf,shadowed inside canvas scope by canvas.undo; suppressed while editable focused (editors own their cmd+z)
global.redo,Redo,shift+cmd+z,global,(root),override,undoCtx.canRedo(),,suppressed-when-input-focused,browser; cmd maps to ctrl on non-mac; disabled on touch devices,redo last undone mutation,global.redo,"hotkey_use (global keypress tracker, debounced for repeats)",command menu (Cmd+K) lists it,preserve,parity: global.redo,apps/web/src/components/app/GlobalHotkeys.tsx,577,9f7a26bccb85e6f806a6e0c8d6c8e53f3a3541bf,shadowed inside canvas scope by canvas.redo
launcher.email,Create email (launcher open),e,create-menu (detached DOM scope),(detached - none),override,,,suppressed-when-input-focused,browser; cmd maps to ctrl on non-mac; disabled on touch devices,run the creatable-block action and close the launcher; tracks frecency,create-menu.create-email,"hotkey_use (global keypress tracker, debounced for repeats); launcher frecency store update",launcher list item,preserve,parity: launcher.email,apps/web/src/features/command/Launcher.tsx,737,9f7a26bccb85e6f806a6e0c8d6c8e53f3a3541bf,expanded from availableBlocks() loop (12 static). Registered only while Launcher dialog mounted; scope is detached so global keys are dead behind the dialog
launcher.email-new-split,Create email in new split,shift+e,create-menu (detached DOM scope),(detached - none),override,,,suppressed-when-input-focused,browser; cmd maps to ctrl on non-mac; disabled on touch devices,same as base item but preferNewSplit,create-menu.create-email-new-split,"hotkey_use (global keypress tracker, debounced for repeats)",hold Shift hint in launcher footer,preserve,parity: launcher.email-new-split,apps/web/src/features/command/Launcher.tsx,748,9f7a26bccb85e6f806a6e0c8d6c8e53f3a3541bf,"expanded: 9 of 12 items define altHotkeyToken (not automation, skill, channel)"
launcher.chat,Create agent (launcher open),a,create-menu (detached DOM scope),(detached - none),override,,,suppressed-when-input-focused,browser; cmd maps to ctrl on non-mac; disabled on touch devices,run the creatable-block action and close the launcher; tracks frecency,create-menu.create-agent,"hotkey_use (global keypress tracker, debounced for repeats); launcher frecency store update",launcher list item,preserve,parity: launcher.chat,apps/web/src/features/command/Launcher.tsx,737,9f7a26bccb85e6f806a6e0c8d6c8e53f3a3541bf,expanded from availableBlocks() loop (12 static). Registered only while Launcher dialog mounted; scope is detached so global keys are dead behind the dialog
launcher.chat-new-split,Create agent in new split,shift+a,create-menu (detached DOM scope),(detached - none),override,,,suppressed-when-input-focused,browser; cmd maps to ctrl on non-mac; disabled on touch devices,same as base item but preferNewSplit,create-menu.create-agent-new-split,"hotkey_use (global keypress tracker, debounced for repeats)",hold Shift hint in launcher footer,preserve,parity: launcher.chat-new-split,apps/web/src/features/command/Launcher.tsx,748,9f7a26bccb85e6f806a6e0c8d6c8e53f3a3541bf,"expanded: 9 of 12 items define altHotkeyToken (not automation, skill, channel)"
launcher.automation,Create automation (launcher open),u,create-menu (detached DOM scope),(detached - none),override,,,suppressed-when-input-focused,browser; cmd maps to ctrl on non-mac; disabled on touch devices,run the creatable-block action and close the launcher; tracks frecency,create-menu.create-automation,"hotkey_use (global keypress tracker, debounced for repeats); launcher frecency store update",launcher list item,preserve,parity: launcher.automation,apps/web/src/features/command/Launcher.tsx,737,9f7a26bccb85e6f806a6e0c8d6c8e53f3a3541bf,expanded from availableBlocks() loop (12 static). Registered only while Launcher dialog mounted; scope is detached so global keys are dead behind the dialog
launcher.skill,Create skill (launcher open),k,create-menu (detached DOM scope),(detached - none),override,,,suppressed-when-input-focused,browser; cmd maps to ctrl on non-mac; disabled on touch devices,run the creatable-block action and close the launcher; tracks frecency,create-menu.create-skill,"hotkey_use (global keypress tracker, debounced for repeats); launcher frecency store update",launcher list item,preserve,parity: launcher.skill,apps/web/src/features/command/Launcher.tsx,737,9f7a26bccb85e6f806a6e0c8d6c8e53f3a3541bf,expanded from availableBlocks() loop (12 static). Registered only while Launcher dialog mounted; scope is detached so global keys are dead behind the dialog
launcher.md,Create document (launcher open),d,create-menu (detached DOM scope),(detached - none),override,,,suppressed-when-input-focused,browser; cmd maps to ctrl on non-mac; disabled on touch devices,run the creatable-block action and close the launcher; tracks frecency,create-menu.create-document,"hotkey_use (global keypress tracker, debounced for repeats); launcher frecency store update",launcher list item,preserve,parity: launcher.md,apps/web/src/features/command/Launcher.tsx,737,9f7a26bccb85e6f806a6e0c8d6c8e53f3a3541bf,expanded from availableBlocks() loop (12 static). Registered only while Launcher dialog mounted; scope is detached so global keys are dead behind the dialog
launcher.md-new-split,Create document in new split,shift+d,create-menu (detached DOM scope),(detached - none),override,,,suppressed-when-input-focused,browser; cmd maps to ctrl on non-mac; disabled on touch devices,same as base item but preferNewSplit,create-menu.create-document-new-split,"hotkey_use (global keypress tracker, debounced for repeats)",hold Shift hint in launcher footer,preserve,parity: launcher.md-new-split,apps/web/src/features/command/Launcher.tsx,748,9f7a26bccb85e6f806a6e0c8d6c8e53f3a3541bf,"expanded: 9 of 12 items define altHotkeyToken (not automation, skill, channel)"
launcher.task,Create task (launcher open),t,create-menu (detached DOM scope),(detached - none),override,,,suppressed-when-input-focused,browser; cmd maps to ctrl on non-mac; disabled on touch devices,run the creatable-block action and close the launcher; tracks frecency,create-menu.create-task,"hotkey_use (global keypress tracker, debounced for repeats); launcher frecency store update",launcher list item,preserve,parity: launcher.task,apps/web/src/features/command/Launcher.tsx,737,9f7a26bccb85e6f806a6e0c8d6c8e53f3a3541bf,expanded from availableBlocks() loop (12 static). Registered only while Launcher dialog mounted; scope is detached so global keys are dead behind the dialog
launcher.task-new-split,Create task in new split,shift+t,create-menu (detached DOM scope),(detached - none),override,,,suppressed-when-input-focused,browser; cmd maps to ctrl on non-mac; disabled on touch devices,same as base item but preferNewSplit,create-menu.create-task-new-split,"hotkey_use (global keypress tracker, debounced for repeats)",hold Shift hint in launcher footer,preserve,parity: launcher.task-new-split,apps/web/src/features/command/Launcher.tsx,748,9f7a26bccb85e6f806a6e0c8d6c8e53f3a3541bf,"expanded: 9 of 12 items define altHotkeyToken (not automation, skill, channel)"
launcher.snippet,Create snippet (launcher open),s,create-menu (detached DOM scope),(detached - none),override,snippet entry filtered out when snippets flag off,,suppressed-when-input-focused,browser; cmd maps to ctrl on non-mac; disabled on touch devices,run the creatable-block action and close the launcher; tracks frecency,create-menu.create-snippet,"hotkey_use (global keypress tracker, debounced for repeats); launcher frecency store update",launcher list item,preserve,parity: launcher.snippet,apps/web/src/features/command/Launcher.tsx,737,9f7a26bccb85e6f806a6e0c8d6c8e53f3a3541bf,expanded from availableBlocks() loop (12 static). Registered only while Launcher dialog mounted; scope is detached so global keys are dead behind the dialog
launcher.snippet-new-split,Create snippet in new split,shift+s,create-menu (detached DOM scope),(detached - none),override,,,suppressed-when-input-focused,browser; cmd maps to ctrl on non-mac; disabled on touch devices,same as base item but preferNewSplit,create-menu.create-snippet-new-split,"hotkey_use (global keypress tracker, debounced for repeats)",hold Shift hint in launcher footer,preserve,parity: launcher.snippet-new-split,apps/web/src/features/command/Launcher.tsx,748,9f7a26bccb85e6f806a6e0c8d6c8e53f3a3541bf,"expanded: 9 of 12 items define altHotkeyToken (not automation, skill, channel)"
launcher.channel-message,Create message (launcher open),m,create-menu (detached DOM scope),(detached - none),override,,,suppressed-when-input-focused,browser; cmd maps to ctrl on non-mac; disabled on touch devices,run the creatable-block action and close the launcher; tracks frecency,create-menu.create-message,"hotkey_use (global keypress tracker, debounced for repeats); launcher frecency store update",launcher list item,preserve,parity: launcher.channel-message,apps/web/src/features/command/Launcher.tsx,737,9f7a26bccb85e6f806a6e0c8d6c8e53f3a3541bf,expanded from availableBlocks() loop (12 static). Registered only while Launcher dialog mounted; scope is detached so global keys are dead behind the dialog
launcher.channel-new-split-message,Create message in new split,shift+m,create-menu (detached DOM scope),(detached - none),override,,,suppressed-when-input-focused,browser; cmd maps to ctrl on non-mac; disabled on touch devices,same as base item but preferNewSplit,create-menu.create-message-new-split,"hotkey_use (global keypress tracker, debounced for repeats)",hold Shift hint in launcher footer,preserve,parity: launcher.channel-new-split-message,apps/web/src/features/command/Launcher.tsx,748,9f7a26bccb85e6f806a6e0c8d6c8e53f3a3541bf,"expanded: 9 of 12 items define altHotkeyToken (not automation, skill, channel)"
launcher.channel,Create channel (launcher open),g,create-menu (detached DOM scope),(detached - none),override,,,suppressed-when-input-focused,browser; cmd maps to ctrl on non-mac; disabled on touch devices,run the creatable-block action and close the launcher; tracks frecency,create-menu.create-channel,"hotkey_use (global keypress tracker, debounced for repeats); launcher frecency store update",launcher list item,preserve,parity: launcher.channel,apps/web/src/features/command/Launcher.tsx,737,9f7a26bccb85e6f806a6e0c8d6c8e53f3a3541bf,expanded from availableBlocks() loop (12 static). Registered only while Launcher dialog mounted; scope is detached so global keys are dead behind the dialog
launcher.canvas,Create canvas (launcher open),n,create-menu (detached DOM scope),(detached - none),override,,,suppressed-when-input-focused,browser; cmd maps to ctrl on non-mac; disabled on touch devices,run the creatable-block action and close the launcher; tracks frecency,create-menu.create-canvas,"hotkey_use (global keypress tracker, debounced for repeats); launcher frecency store update",launcher list item,preserve,parity: launcher.canvas,apps/web/src/features/command/Launcher.tsx,737,9f7a26bccb85e6f806a6e0c8d6c8e53f3a3541bf,expanded from availableBlocks() loop (12 static). Registered only while Launcher dialog mounted; scope is detached so global keys are dead behind the dialog
launcher.canvas-new-split,Create canvas in new split,shift+n,create-menu (detached DOM scope),(detached - none),override,,,suppressed-when-input-focused,browser; cmd maps to ctrl on non-mac; disabled on touch devices,same as base item but preferNewSplit,create-menu.create-canvas-new-split,"hotkey_use (global keypress tracker, debounced for repeats)",hold Shift hint in launcher footer,preserve,parity: launcher.canvas-new-split,apps/web/src/features/command/Launcher.tsx,748,9f7a26bccb85e6f806a6e0c8d6c8e53f3a3541bf,"expanded: 9 of 12 items define altHotkeyToken (not automation, skill, channel)"
launcher.project,Create folder (launcher open),f,create-menu (detached DOM scope),(detached - none),override,,,suppressed-when-input-focused,browser; cmd maps to ctrl on non-mac; disabled on touch devices,run the creatable-block action and close the launcher; tracks frecency,create-menu.create-folder,"hotkey_use (global keypress tracker, debounced for repeats); launcher frecency store update",launcher list item,preserve,parity: launcher.project,apps/web/src/features/command/Launcher.tsx,737,9f7a26bccb85e6f806a6e0c8d6c8e53f3a3541bf,expanded from availableBlocks() loop (12 static). Registered only while Launcher dialog mounted; scope is detached so global keys are dead behind the dialog
launcher.project-new-split,Create folder in new split,shift+f,create-menu (detached DOM scope),(detached - none),override,,,suppressed-when-input-focused,browser; cmd maps to ctrl on non-mac; disabled on touch devices,same as base item but preferNewSplit,create-menu.create-folder-new-split,"hotkey_use (global keypress tracker, debounced for repeats)",hold Shift hint in launcher footer,preserve,parity: launcher.project-new-split,apps/web/src/features/command/Launcher.tsx,748,9f7a26bccb85e6f806a6e0c8d6c8e53f3a3541bf,"expanded: 9 of 12 items define altHotkeyToken (not automation, skill, channel)"
launcher.code,Create code (launcher open),o,create-menu (detached DOM scope),(detached - none),override,,,suppressed-when-input-focused,browser; cmd maps to ctrl on non-mac; disabled on touch devices,run the creatable-block action and close the launcher; tracks frecency,create-menu.create-code,"hotkey_use (global keypress tracker, debounced for repeats); launcher frecency store update",launcher list item,preserve,parity: launcher.code,apps/web/src/features/command/Launcher.tsx,737,9f7a26bccb85e6f806a6e0c8d6c8e53f3a3541bf,expanded from availableBlocks() loop (12 static). Registered only while Launcher dialog mounted; scope is detached so global keys are dead behind the dialog
launcher.code-new-split,Create code in new split,shift+o,create-menu (detached DOM scope),(detached - none),override,,,suppressed-when-input-focused,browser; cmd maps to ctrl on non-mac; disabled on touch devices,same as base item but preferNewSplit,create-menu.create-code-new-split,"hotkey_use (global keypress tracker, debounced for repeats)",hold Shift hint in launcher footer,preserve,parity: launcher.code-new-split,apps/web/src/features/command/Launcher.tsx,748,9f7a26bccb85e6f806a6e0c8d6c8e53f3a3541bf,"expanded: 9 of 12 items define altHotkeyToken (not automation, skill, channel)"
launcher.close-c,Close Launcher,c,create-menu (detached),(detached),override,createMenuOpen(),,suppressed-when-input-focused,browser; cmd maps to ctrl on non-mac; disabled on touch devices,close launcher,create-menu.close,"hotkey_use (global keypress tracker, debounced for repeats)",command menu (Cmd+K) lists it,preserve,parity: launcher.close-c,apps/web/src/features/command/Launcher.tsx,760,9f7a26bccb85e6f806a6e0c8d6c8e53f3a3541bf,
launcher.nav-up,Navigate up,arrowup | ctrl+k | shift+tab,create-menu (detached),(detached),override,,,runs-with-input-focused,browser; cmd maps to ctrl on non-mac; disabled on touch devices,move selection up in launcher list,create-menu.select-previous,"hotkey_use (global keypress tracker, debounced for repeats)",mouse hover selects,preserve,parity: launcher.nav-up,apps/web/src/features/command/Launcher.tsx,771,9f7a26bccb85e6f806a6e0c8d6c8e53f3a3541bf,
launcher.nav-down,Navigate down,arrowdown | ctrl+j | tab,create-menu (detached),(detached),override,,,runs-with-input-focused,browser; cmd maps to ctrl on non-mac; disabled on touch devices,move selection down,create-menu.select-next,"hotkey_use (global keypress tracker, debounced for repeats)",command menu (Cmd+K) lists it,preserve,parity: launcher.nav-down,apps/web/src/features/command/Launcher.tsx,782,9f7a26bccb85e6f806a6e0c8d6c8e53f3a3541bf,
launcher.exit,Exit,escape,create-menu (detached),(detached),override,,,suppressed-when-input-focused,browser; cmd maps to ctrl on non-mac; disabled on touch devices,close launcher (restores focus),create-menu.exit,"hotkey_use (global keypress tracker, debounced for repeats)",command menu (Cmd+K) lists it,preserve,parity: launcher.exit,apps/web/src/features/command/Launcher.tsx,793,9f7a26bccb85e6f806a6e0c8d6c8e53f3a3541bf,
launcher.open-new-split,Open in new split,shift+enter,create-menu (detached),(detached),displayPriority=7; override,,,runs-with-input-focused,browser; cmd maps to ctrl on non-mac; disabled on touch devices,run focused item with preferNewSplit,create-menu.confirm-new-split,"hotkey_use (global keypress tracker, debounced for repeats)",command menu (Cmd+K) lists it,preserve,parity: launcher.open-new-split,apps/web/src/features/command/Launcher.tsx,803,9f7a26bccb85e6f806a6e0c8d6c8e53f3a3541bf,
launcher.confirm,Open in current split,enter,create-menu (detached),(detached),displayPriority=8; override,,,runs-with-input-focused,browser; cmd maps to ctrl on non-mac; disabled on touch devices,run focused item,create-menu.confirm,"hotkey_use (global keypress tracker, debounced for repeats)",command menu (Cmd+K) lists it,preserve,parity: launcher.confirm,apps/web/src/features/command/Launcher.tsx,814,9f7a26bccb85e6f806a6e0c8d6c8e53f3a3541bf,
command-menu.nav-down,Move selection down,arrowdown | ctrl+j,command-menu (DOM scope),closest DOM ancestor scope (usually global),override,,hide=true (not listed in menu),runs-with-input-focused,browser; cmd maps to ctrl on non-mac; disabled on touch devices,select next item; at list end triggers pagination loadMore,command-menu.select-next,"hotkey_use (global keypress tracker, debounced for repeats)",mouse interaction on menu,preserve,parity: command-menu.nav-down,apps/web/src/features/command/CommandMenu.tsx,378,9f7a26bccb85e6f806a6e0c8d6c8e53f3a3541bf,
command-menu.nav-up,Move selection up,arrowup | ctrl+k,command-menu (DOM scope),closest DOM ancestor scope (usually global),override,,hide=true,runs-with-input-focused,browser; cmd maps to ctrl on non-mac; disabled on touch devices,select previous item,command-menu.select-previous,"hotkey_use (global keypress tracker, debounced for repeats)",mouse interaction on menu,preserve,parity: command-menu.nav-up,apps/web/src/features/command/CommandMenu.tsx,398,9f7a26bccb85e6f806a6e0c8d6c8e53f3a3541bf,
command-menu.confirm,Select item,enter,command-menu (DOM scope),closest DOM ancestor scope (usually global),override,,,runs-with-input-focused,browser; cmd maps to ctrl on non-mac; disabled on touch devices,run command / open entity / run search / ask AI for the selected row; multi-stage commands push a nested command scope,command-menu.confirm,"hotkey_use (global keypress tracker, debounced for repeats)",mouse interaction on menu,preserve,parity: command-menu.confirm,apps/web/src/features/command/CommandMenu.tsx,411,9f7a26bccb85e6f806a6e0c8d6c8e53f3a3541bf,telemetry: command_menu_use{itemType}; trackCommandUsage recency store
command-menu.confirm-new-split,Open in new split,shift+enter,command-menu (DOM scope),closest DOM ancestor scope (usually global),override,,,runs-with-input-focused,browser; cmd maps to ctrl on non-mac; disabled on touch devices,same as confirm but opens entity/search in a new split,command-menu.confirm-new-split,"hotkey_use (global keypress tracker, debounced for repeats)",mouse interaction on menu,preserve,parity: command-menu.confirm-new-split,apps/web/src/features/command/CommandMenu.tsx,426,9f7a26bccb85e6f806a6e0c8d6c8e53f3a3541bf,
command-menu.escape,Close command menu,escape,command-menu (DOM scope),closest DOM ancestor scope (usually global),override,,hide=true,runs-with-input-focused,browser; cmd maps to ctrl on non-mac; disabled on touch devices,in nested command scope: back to main list; else close menu,command-menu.close,"hotkey_use (global keypress tracker, debounced for repeats)",mouse interaction on menu,preserve,parity: command-menu.escape,apps/web/src/features/command/CommandMenu.tsx,441,9f7a26bccb85e6f806a6e0c8d6c8e53f3a3541bf,
command-menu.backspace-back,Go back,backspace,command-menu (DOM scope),closest DOM ancestor scope (usually global),override,,hide=true,runs-with-input-focused,browser; cmd maps to ctrl on non-mac; disabled on touch devices,"when query empty and in nested scope, go back to main list",command-menu.back,"hotkey_use (global keypress tracker, debounced for repeats)",mouse interaction on menu,preserve,parity: command-menu.backspace-back,apps/web/src/features/command/CommandMenu.tsx,462,9f7a26bccb85e6f806a6e0c8d6c8e53f3a3541bf,
command-menu.next-category,Next category,tab,command-menu (DOM scope),closest DOM ancestor scope (usually global),override,,hide=true,runs-with-input-focused,browser; cmd maps to ctrl on non-mac; disabled on touch devices,cycle category filter forward (7 categories),command-menu.next-category,"hotkey_use (global keypress tracker, debounced for repeats)",mouse interaction on menu,preserve,parity: command-menu.next-category,apps/web/src/features/command/CommandMenu.tsx,485,9f7a26bccb85e6f806a6e0c8d6c8e53f3a3541bf,
command-menu.prev-category,Previous category,shift+tab,command-menu (DOM scope),closest DOM ancestor scope (usually global),override,,hide=true,runs-with-input-focused,browser; cmd maps to ctrl on non-mac; disabled on touch devices,cycle category filter backward,command-menu.previous-category,"hotkey_use (global keypress tracker, debounced for repeats)",mouse interaction on menu,preserve,parity: command-menu.prev-category,apps/web/src/features/command/CommandMenu.tsx,501,9f7a26bccb85e6f806a6e0c8d6c8e53f3a3541bf,
scope.favorites,(scope) Favorites command scope,(scope registration),command-scope-favorites,global,n/a,,,suppressed-when-input-focused,browser; cmd maps to ctrl on non-mac; disabled on touch devices,registers the favorites sub-view command scope (no activation key),n/a (scope),"hotkey_use (global keypress tracker, debounced for repeats)",n/a,adapt,parity: scope.favorites,apps/web/src/features/command/FavoritesCommands.tsx,15,9f7a26bccb85e6f806a6e0c8d6c8e53f3a3541bf,"registerScope site, not a command; menu-only scope entered via the Favorites command"
global.favorites,Favorites (sub-menu),(none - command menu only),global,(root),activateCommandScopeId=command-scope-favorites,user has >=1 favorite,,suppressed-when-input-focused,browser; cmd maps to ctrl on non-mac; disabled on touch devices,opens nested command scope listing the user's favorites,favorites.open-menu,"hotkey_use (global keypress tracker, debounced for repeats)",command menu (Cmd+K) lists it,preserve,parity: global.favorites,apps/web/src/features/command/FavoritesCommands.tsx,55,9f7a26bccb85e6f806a6e0c8d6c8e53f3a3541bf,unkeyed command-menu-only
favorites.open.<favorite>,(favorite display name),(none - list item),command-scope-favorites,global,override,,,runs-with-input-focused,browser; cmd maps to ctrl on non-mac; disabled on touch devices,open the favorite's split content and close the menu,favorites.open.<dynamic>,"hotkey_use (global keypress tracker, debounced for repeats)",command menu (Cmd+K) lists it,preserve,parity: favorites.open.<favorite>,apps/web/src/features/command/FavoritesCommands.tsx,77,9f7a26bccb85e6f806a6e0c8d6c8e53f3a3541bf,RUNTIME-GENERATED: one command per favorite from the favorites query; re-registered on every data change (createEffect + dispose). Deliberately unkeyed so digits don't fight type-to-filter.
global.toggle-sidebar,Toggle sidebar,cmd+.,global,(root),override,,,runs-with-input-focused,browser; cmd maps to ctrl on non-mac; disabled on touch devices,toggle sidebar open/slim,global.toggle-sidebar,"hotkey_use (global keypress tracker, debounced for repeats)",sidebar collapse button,preserve,parity: global.toggle-sidebar,apps/web/src/components/app/app-sidebar/sidebar.tsx,354,9f7a26bccb85e6f806a6e0c8d6c8e53f3a3541bf,registered by AppSidebar; dead on full-cover routes (solo settings) where AppSidebar unmounts - intentional
global.invite-team,Send Invites,(none - command menu only),global,(root),override,,,suppressed-when-input-focused,browser; cmd maps to ctrl on non-mac; disabled on touch devices,open invite-team modal,global.invite-team,"hotkey_use (global keypress tracker, debounced for repeats)",command menu (Cmd+K) lists it,preserve,parity: global.invite-team,apps/web/src/components/app/app-sidebar/sidebar.tsx,395,9f7a26bccb85e6f806a6e0c8d6c8e53f3a3541bf,unkeyed command-menu-only; registered by always-mounted GoToHotkeys
global.go-to-leader,Go to page (leader),g,global,(root),registrationType=add; activateCommandScopeId=GO_TO_COMMAND_SCOPE,,hide=true,suppressed-when-input-focused,browser; cmd maps to ctrl on non-mac; disabled on touch devices,activates 'g' command scope; debounced overlay hint on sidebar icons; auto-reset after 2s; hotkey interceptor swallows non-goto keys while hints visible,go-to.leader,"hotkey_use (global keypress tracker, debounced for repeats)",command menu (Cmd+K) lists it,preserve,parity: global.go-to-leader,apps/web/src/components/app/app-sidebar/sidebar.tsx,419,9f7a26bccb85e6f806a6e0c8d6c8e53f3a3541bf,'add' so it coexists with per-soup 'g g' handler; interceptor (useHotkeyInterceptor) blocks stray keys in GO_TO scope once hints are visible
go-to.home,Go to Home,g h,command-scope-go-to,global (leader 'g'),override,,,suppressed-when-input-focused,browser; cmd maps to ctrl on non-mac; disabled on touch devices,navigate active split to the Home view (shift: new split); resets go-to hint state,go-to.home,"hotkey_use (global keypress tracker, debounced for repeats)",sidebar nav links,preserve,parity: go-to.home,apps/web/src/components/app/app-sidebar/sidebar.tsx,515,9f7a26bccb85e6f806a6e0c8d6c8e53f3a3541bf,expanded from links() loop (15 statically enumerable entries incl. flag-gated); re-registered reactively when flags change.
go-to.getting-started,Go to Getting Started,g s,command-scope-go-to,global (leader 'g'),override,account-age gate (useGettingStartedEnabled),,suppressed-when-input-focused,browser; cmd maps to ctrl on non-mac; disabled on touch devices,navigate active split to the Getting Started view (shift: new split); resets go-to hint state,go-to.getting-started,"hotkey_use (global keypress tracker, debounced for repeats)",sidebar nav links,preserve,parity: go-to.getting-started,apps/web/src/components/app/app-sidebar/sidebar.tsx,515,9f7a26bccb85e6f806a6e0c8d6c8e53f3a3541bf,expanded from links() loop (15 statically enumerable entries incl. flag-gated); re-registered reactively when flags change.
go-to.inbox,Go to Inbox,g i,command-scope-go-to,global (leader 'g'),override,,,suppressed-when-input-focused,browser; cmd maps to ctrl on non-mac; disabled on touch devices,navigate active split to the Inbox view (shift: new split); resets go-to hint state,go-to.inbox,"hotkey_use (global keypress tracker, debounced for repeats)",sidebar nav links,preserve,parity: go-to.inbox,apps/web/src/components/app/app-sidebar/sidebar.tsx,515,9f7a26bccb85e6f806a6e0c8d6c8e53f3a3541bf,expanded from links() loop (15 statically enumerable entries incl. flag-gated); re-registered reactively when flags change.
go-to.activity,Go to Activity,g y,command-scope-go-to,global (leader 'g'),override,ENABLE_ACTIVITY build flag,,suppressed-when-input-focused,browser; cmd maps to ctrl on non-mac; disabled on touch devices,navigate active split to the Activity view (shift: new split); resets go-to hint state,go-to.activity,"hotkey_use (global keypress tracker, debounced for repeats)",sidebar nav links,preserve,parity: go-to.activity,apps/web/src/components/app/app-sidebar/sidebar.tsx,515,9f7a26bccb85e6f806a6e0c8d6c8e53f3a3541bf,expanded from links() loop (15 statically enumerable entries incl. flag-gated); re-registered reactively when flags change.
go-to.reminders,Go to Reminders,g m,command-scope-go-to,global (leader 'g'),override,ENABLE_REMINDERS() flag,,suppressed-when-input-focused,browser; cmd maps to ctrl on non-mac; disabled on touch devices,navigate active split to the Reminders view (shift: new split); resets go-to hint state,go-to.reminders,"hotkey_use (global keypress tracker, debounced for repeats)",sidebar nav links,preserve,parity: go-to.reminders,apps/web/src/components/app/app-sidebar/sidebar.tsx,515,9f7a26bccb85e6f806a6e0c8d6c8e53f3a3541bf,expanded from links() loop (15 statically enumerable entries incl. flag-gated); re-registered reactively when flags change.
go-to.search,Go to Search,/,global,(root),override,,,suppressed-when-input-focused,browser; cmd maps to ctrl on non-mac; disabled on touch devices,navigate active split to the Search view (shift: new split); resets go-to hint state,go-to.search,"hotkey_use (global keypress tracker, debounced for repeats)",sidebar nav links,preserve,parity: go-to.search,apps/web/src/components/app/app-sidebar/sidebar.tsx,515,9f7a26bccb85e6f806a6e0c8d6c8e53f3a3541bf,"expanded from links() loop (15 statically enumerable entries incl. flag-gated); re-registered reactively when flags change. standaloneHotkey: registered in GLOBAL scope (bare '/'), not the g-scope; hiddenFromSidebar (no sidebar row); refocuses search input when already on search view"
go-to.agents,Go to Agents,g a,command-scope-go-to,global (leader 'g'),override,,,suppressed-when-input-focused,browser; cmd maps to ctrl on non-mac; disabled on touch devices,navigate active split to the Agents view (shift: new split); resets go-to hint state,go-to.agents,"hotkey_use (global keypress tracker, debounced for repeats)",sidebar nav links,preserve,parity: go-to.agents,apps/web/src/components/app/app-sidebar/sidebar.tsx,515,9f7a26bccb85e6f806a6e0c8d6c8e53f3a3541bf,expanded from links() loop (15 statically enumerable entries incl. flag-gated); re-registered reactively when flags change.
go-to.mail,Go to Email,g e,command-scope-go-to,global (leader 'g'),override,,,suppressed-when-input-focused,browser; cmd maps to ctrl on non-mac; disabled on touch devices,navigate active split to the Email view (shift: new split); resets go-to hint state,go-to.mail,"hotkey_use (global keypress tracker, debounced for repeats)",sidebar nav links,preserve,parity: go-to.mail,apps/web/src/components/app/app-sidebar/sidebar.tsx,515,9f7a26bccb85e6f806a6e0c8d6c8e53f3a3541bf,expanded from links() loop (15 statically enumerable entries incl. flag-gated); re-registered reactively when flags change.
go-to.documents,Go to Files,g f,command-scope-go-to,global (leader 'g'),override,,,suppressed-when-input-focused,browser; cmd maps to ctrl on non-mac; disabled on touch devices,navigate active split to the Files view (shift: new split); resets go-to hint state,go-to.documents,"hotkey_use (global keypress tracker, debounced for repeats)",sidebar nav links,preserve,parity: go-to.documents,apps/web/src/components/app/app-sidebar/sidebar.tsx,515,9f7a26bccb85e6f806a6e0c8d6c8e53f3a3541bf,expanded from links() loop (15 statically enumerable entries incl. flag-gated); re-registered reactively when flags change.
go-to.markdown-documents,Go to Documents,g d,command-scope-go-to,global (leader 'g'),override,,,suppressed-when-input-focused,browser; cmd maps to ctrl on non-mac; disabled on touch devices,navigate active split to the Documents view (shift: new split); resets go-to hint state,go-to.markdown-documents,"hotkey_use (global keypress tracker, debounced for repeats)",sidebar nav links,preserve,parity: go-to.markdown-documents,apps/web/src/components/app/app-sidebar/sidebar.tsx,515,9f7a26bccb85e6f806a6e0c8d6c8e53f3a3541bf,expanded from links() loop (15 statically enumerable entries incl. flag-gated); re-registered reactively when flags change. hiddenFromSidebar; opens documents view pre-filtered to markdown docs; toggles the markdown filter in place when already on documents view
go-to.tasks,Go to Tasks,g t,command-scope-go-to,global (leader 'g'),override,,,suppressed-when-input-focused,browser; cmd maps to ctrl on non-mac; disabled on touch devices,navigate active split to the Tasks view (shift: new split); resets go-to hint state,go-to.tasks,"hotkey_use (global keypress tracker, debounced for repeats)",sidebar nav links,preserve,parity: go-to.tasks,apps/web/src/components/app/app-sidebar/sidebar.tsx,515,9f7a26bccb85e6f806a6e0c8d6c8e53f3a3541bf,expanded from links() loop (15 statically enumerable entries incl. flag-gated); re-registered reactively when flags change.
go-to.calendar,Go to Calendar,g r,command-scope-go-to,global (leader 'g'),override,calendar UI feature flag,,suppressed-when-input-focused,browser; cmd maps to ctrl on non-mac; disabled on touch devices,navigate active split to the Calendar view (shift: new split); resets go-to hint state,go-to.calendar,"hotkey_use (global keypress tracker, debounced for repeats)",sidebar nav links,preserve,parity: go-to.calendar,apps/web/src/components/app/app-sidebar/sidebar.tsx,515,9f7a26bccb85e6f806a6e0c8d6c8e53f3a3541bf,expanded from links() loop (15 statically enumerable entries incl. flag-gated); re-registered reactively when flags change.
go-to.channels,Go to Channels,g c,command-scope-go-to,global (leader 'g'),override,,,suppressed-when-input-focused,browser; cmd maps to ctrl on non-mac; disabled on touch devices,navigate active split to the Channels view (shift: new split); resets go-to hint state,go-to.channels,"hotkey_use (global keypress tracker, debounced for repeats)",sidebar nav links,preserve,parity: go-to.channels,apps/web/src/components/app/app-sidebar/sidebar.tsx,515,9f7a26bccb85e6f806a6e0c8d6c8e53f3a3541bf,expanded from links() loop (15 statically enumerable entries incl. flag-gated); re-registered reactively when flags change.
go-to.calls,Go to Calls,g l,command-scope-go-to,global (leader 'g'),override,ENABLE_CALLS() flag,,suppressed-when-input-focused,browser; cmd maps to ctrl on non-mac; disabled on touch devices,navigate active split to the Calls view (shift: new split); resets go-to hint state,go-to.calls,"hotkey_use (global keypress tracker, debounced for repeats)",sidebar nav links,preserve,parity: go-to.calls,apps/web/src/components/app/app-sidebar/sidebar.tsx,515,9f7a26bccb85e6f806a6e0c8d6c8e53f3a3541bf,expanded from links() loop (15 statically enumerable entries incl. flag-gated); re-registered reactively when flags change.
go-to.companies,Go to Customers,g o,command-scope-go-to,global (leader 'g'),override,ENABLE_CRM() flag,,suppressed-when-input-focused,browser; cmd maps to ctrl on non-mac; disabled on touch devices,navigate active split to the Customers view (shift: new split); resets go-to hint state,go-to.companies,"hotkey_use (global keypress tracker, debounced for repeats)",sidebar nav links,preserve,parity: go-to.companies,apps/web/src/components/app/app-sidebar/sidebar.tsx,515,9f7a26bccb85e6f806a6e0c8d6c8e53f3a3541bf,expanded from links() loop (15 statically enumerable entries incl. flag-gated); re-registered reactively when flags change.
split.close-or-home,Go home / Close split,cmd+escape | opt+escape,split panel DOM scope (per split instance),closest DOM ancestor (global),override,not a preview-viewer split; (not unified list) or splitCount>1,,runs-with-input-focused,browser; cmd maps to ctrl on non-mac; disabled on touch devices,block views: go home; unified-list views with >1 split: close split,split.close-or-home,"hotkey_use (global keypress tracker, debounced for repeats)",command menu (Cmd+K) lists it,preserve,parity: split.close-or-home,apps/web/src/components/app/split-layout/registerSplitHotkeys.ts,37,9f7a26bccb85e6f806a6e0c8d6c8e53f3a3541bf,"description is dynamic (Go home vs Close split). Per-split-instance registration; one command identity, N runtime instances."
split.spotlight,Maximize split (spotlight),shift+escape,split panel DOM scope (per split instance),closest DOM ancestor (global),override,canSpotlight(splitManager),,runs-with-input-focused,browser; cmd maps to ctrl on non-mac; disabled on touch devices,toggle spotlight (maximize) for the split,split.toggle-spotlight,"hotkey_use (global keypress tracker, debounced for repeats)",command menu (Cmd+K) lists it,preserve,parity: split.spotlight,apps/web/src/components/app/split-layout/registerSplitHotkeys.ts,56,9f7a26bccb85e6f806a6e0c8d6c8e53f3a3541bf,"Per-split-instance registration; one command identity, N runtime instances."
split.back,Go back,opt+[,split panel DOM scope (per split instance),closest DOM ancestor (global),override,canGoBack(),,runs-with-input-focused,browser; cmd maps to ctrl on non-mac; disabled on touch devices,navigate split history back,split.go-back,"hotkey_use (global keypress tracker, debounced for repeats)",command menu (Cmd+K) lists it,preserve,parity: split.back,apps/web/src/components/app/split-layout/registerSplitHotkeys.ts,74,9f7a26bccb85e6f806a6e0c8d6c8e53f3a3541bf,"Per-split-instance registration; one command identity, N runtime instances."
split.forward,Go forward,opt+],split panel DOM scope (per split instance),closest DOM ancestor (global),override,canGoForward(),,runs-with-input-focused,browser; cmd maps to ctrl on non-mac; disabled on touch devices,navigate split history forward,split.go-forward,"hotkey_use (global keypress tracker, debounced for repeats)",command menu (Cmd+K) lists it,preserve,parity: split.forward,apps/web/src/components/app/split-layout/registerSplitHotkeys.ts,87,9f7a26bccb85e6f806a6e0c8d6c8e53f3a3541bf,"Per-split-instance registration; one command identity, N runtime instances."
split.focus-right,Focus split right,shift+l | shift+arrowright,split panel DOM scope (per split instance),closest DOM ancestor (global),registrationType=add,splitCount>1,,suppressed-when-input-focused,browser; cmd maps to ctrl on non-mac; disabled on touch devices,activate the split to the right,split.focus-right,"hotkey_use (global keypress tracker, debounced for repeats)",command menu (Cmd+K) lists it,preserve,parity: split.focus-right,apps/web/src/components/app/split-layout/registerSplitHotkeys.ts,100,9f7a26bccb85e6f806a6e0c8d6c8e53f3a3541bf,"'add' so multiple splits' registrations coexist. Per-split-instance registration; one command identity, N runtime instances."
split.focus-left,Focus split left,shift+h | shift+arrowleft,split panel DOM scope (per split instance),closest DOM ancestor (global),registrationType=add,splitCount>1,,suppressed-when-input-focused,browser; cmd maps to ctrl on non-mac; disabled on touch devices,activate the split to the left,split.focus-left,"hotkey_use (global keypress tracker, debounced for repeats)",command menu (Cmd+K) lists it,preserve,parity: split.focus-left,apps/web/src/components/app/split-layout/registerSplitHotkeys.ts,113,9f7a26bccb85e6f806a6e0c8d6c8e53f3a3541bf,"Per-split-instance registration; one command identity, N runtime instances."
popover-split.close,Close Popover,escape,popover-split DOM scope (per popover),closest DOM ancestor,override,,,suppressed-when-input-focused,browser; cmd maps to ctrl on non-mac; disabled on touch devices,close popover split (task/skill compose etc.),popover.close,"hotkey_use (global keypress tracker, debounced for repeats)",dialog dismiss,preserve,parity: popover-split.close,apps/web/src/components/app/split-layout/components/PopoverSplitRenderer.tsx,135,9f7a26bccb85e6f806a6e0c8d6c8e53f3a3541bf,
split.toggle-preview,Toggle preview,space,split panel DOM scope,global,override,not viewer split and can engage preview,,suppressed-when-input-focused,browser; cmd maps to ctrl on non-mac; disabled on touch devices,engage/disengage preview pair for the unified list split,split.toggle-preview,"hotkey_use (global keypress tracker, debounced for repeats); preview_panel_use",Preview button,preserve,parity: split.toggle-preview,apps/web/src/components/app/split-layout/components/PreviewButton.tsx,47,9f7a26bccb85e6f806a6e0c8d6c8e53f3a3541bf,
split.close-drawer,Close References Drawer,escape,split panel DOM scope,global,override,drawer open,,suppressed-when-input-focused,browser; cmd maps to ctrl on non-mac; disabled on touch devices,close the split drawer overlay,split.close-drawer,"hotkey_use (global keypress tracker, debounced for repeats)",drawer close button,preserve,parity: split.close-drawer,apps/web/src/components/app/split-layout/components/SplitDrawer.tsx,19,9f7a26bccb85e6f806a6e0c8d6c8e53f3a3541bf,
canvas.delete,Delete selection,delete | backspace,canvas block DOM scope (per canvas block),split scope -> global,override,,,suppressed-when-input-focused,browser; cmd maps to ctrl on non-mac; disabled on touch devices,delete selected nodes/edges,canvas.delete,"hotkey_use (global keypress tracker, debounced for repeats)",canvas toolbar / context menu,preserve,parity: canvas.delete,apps/web/src/features/block-canvas/component/CanvasController.tsx,324,9f7a26bccb85e6f806a6e0c8d6c8e53f3a3541bf,
canvas.bring-to-front,Bring to front,],canvas block DOM scope (per canvas block),split scope -> global,override,,,suppressed-when-input-focused,browser; cmd maps to ctrl on non-mac; disabled on touch devices,reorder selection to front (no-op returns false without selection),canvas.bring-to-front,"hotkey_use (global keypress tracker, debounced for repeats)",canvas toolbar / context menu,preserve,parity: canvas.bring-to-front,apps/web/src/features/block-canvas/component/CanvasController.tsx,332,9f7a26bccb85e6f806a6e0c8d6c8e53f3a3541bf,
canvas.bring-forward,Bring forward,opt+],canvas block DOM scope (per canvas block),split scope -> global,override,,,suppressed-when-input-focused,browser; cmd maps to ctrl on non-mac; disabled on touch devices,reorder selection forward one step,canvas.bring-forward,"hotkey_use (global keypress tracker, debounced for repeats)",canvas toolbar / context menu,preserve,parity: canvas.bring-forward,apps/web/src/features/block-canvas/component/CanvasController.tsx,344,9f7a26bccb85e6f806a6e0c8d6c8e53f3a3541bf,
canvas.send-to-back,Send to back,[,canvas block DOM scope (per canvas block),split scope -> global,override,,,suppressed-when-input-focused,browser; cmd maps to ctrl on non-mac; disabled on touch devices,reorder selection to back,canvas.send-to-back,"hotkey_use (global keypress tracker, debounced for repeats)",canvas toolbar / context menu,preserve,parity: canvas.send-to-back,apps/web/src/features/block-canvas/component/CanvasController.tsx,356,9f7a26bccb85e6f806a6e0c8d6c8e53f3a3541bf,
canvas.send-backward,Send backward,opt+[,canvas block DOM scope (per canvas block),split scope -> global,override,,,suppressed-when-input-focused,browser; cmd maps to ctrl on non-mac; disabled on touch devices,reorder selection backward one step,canvas.send-backward,"hotkey_use (global keypress tracker, debounced for repeats)",canvas toolbar / context menu,preserve,parity: canvas.send-backward,apps/web/src/features/block-canvas/component/CanvasController.tsx,368,9f7a26bccb85e6f806a6e0c8d6c8e53f3a3541bf,shadows split.back's opt+[ while canvas scope active (only when selection active - otherwise falls through)
canvas.select-all,Select all,cmd+a,canvas block DOM scope (per canvas block),split scope -> global,override,,,suppressed-when-input-focused,browser; cmd maps to ctrl on non-mac; disabled on touch devices,switch to select tool and select all objects,canvas.select-all,"hotkey_use (global keypress tracker, debounced for repeats)",canvas toolbar / context menu,preserve,parity: canvas.select-all,apps/web/src/features/block-canvas/component/CanvasController.tsx,380,9f7a26bccb85e6f806a6e0c8d6c8e53f3a3541bf,
canvas.copy,Copy selection,cmd+c,canvas block DOM scope (per canvas block),split scope -> global,override,,,suppressed-when-input-focused,browser; cmd maps to ctrl on non-mac; disabled on touch devices,copy selection to canvas clipboard,canvas.copy,"hotkey_use (global keypress tracker, debounced for repeats)",canvas toolbar / context menu,preserve,parity: canvas.copy,apps/web/src/features/block-canvas/component/CanvasController.tsx,392,9f7a26bccb85e6f806a6e0c8d6c8e53f3a3541bf,
canvas.cut,Cut selection,cmd+x,canvas block DOM scope (per canvas block),split scope -> global,override,,,suppressed-when-input-focused,browser; cmd maps to ctrl on non-mac; disabled on touch devices,copy selection then delete within one history entry,canvas.cut,"hotkey_use (global keypress tracker, debounced for repeats)",canvas toolbar / context menu,preserve,parity: canvas.cut,apps/web/src/features/block-canvas/component/CanvasController.tsx,404,9f7a26bccb85e6f806a6e0c8d6c8e53f3a3541bf,
canvas.paste,Paste,cmd+v,canvas block DOM scope (per canvas block),split scope -> global,override,,,suppressed-when-input-focused,browser; cmd maps to ctrl on non-mac; disabled on touch devices,handler intentionally returns false - real paste handled by DOM 'paste' event listener; registration exists for display/UI,canvas.paste,"hotkey_use (global keypress tracker, debounced for repeats)",canvas toolbar / context menu,preserve,parity: canvas.paste,apps/web/src/features/block-canvas/component/CanvasController.tsx,421,9f7a26bccb85e6f806a6e0c8d6c8e53f3a3541bf,display-only registration; keep DOM paste path in rewrite
canvas.zoom-in,Zoom in,cmd+=,canvas block DOM scope (per canvas block),split scope -> global,override,,,suppressed-when-input-focused,browser; cmd maps to ctrl on non-mac; disabled on touch devices,zoom viewport +10%,canvas.zoom-in,"hotkey_use (global keypress tracker, debounced for repeats)",canvas toolbar / context menu,preserve,parity: canvas.zoom-in,apps/web/src/features/block-canvas/component/CanvasController.tsx,431,9f7a26bccb85e6f806a6e0c8d6c8e53f3a3541bf,
canvas.zoom-out,Zoom out,cmd+-,canvas block DOM scope (per canvas block),split scope -> global,override,,,suppressed-when-input-focused,browser; cmd maps to ctrl on non-mac; disabled on touch devices,zoom viewport -10%,canvas.zoom-out,"hotkey_use (global keypress tracker, debounced for repeats)",canvas toolbar / context menu,preserve,parity: canvas.zoom-out,apps/web/src/features/block-canvas/component/CanvasController.tsx,442,9f7a26bccb85e6f806a6e0c8d6c8e53f3a3541bf,
canvas.undo,Undo,cmd+z,canvas block DOM scope (per canvas block),split scope -> global,override,,,suppressed-when-input-focused,browser; cmd maps to ctrl on non-mac; disabled on touch devices,canvas-local history undo (shadows global undo),canvas.undo,"hotkey_use (global keypress tracker, debounced for repeats)",canvas toolbar / context menu,preserve,parity: canvas.undo,apps/web/src/features/block-canvas/component/CanvasController.tsx,453,9f7a26bccb85e6f806a6e0c8d6c8e53f3a3541bf,
canvas.redo,Redo,shift+cmd+z | cmd+y,canvas block DOM scope (per canvas block),split scope -> global,override,,,suppressed-when-input-focused,browser; cmd maps to ctrl on non-mac; disabled on touch devices,canvas-local history redo,canvas.redo,"hotkey_use (global keypress tracker, debounced for repeats)",canvas toolbar / context menu,preserve,parity: canvas.redo,apps/web/src/features/block-canvas/component/CanvasController.tsx,464,9f7a26bccb85e6f806a6e0c8d6c8e53f3a3541bf,
canvas.cancel,Cancel/Deselect,escape,canvas block DOM scope (per canvas block),split scope -> global,override,,,suppressed-when-input-focused,browser; cmd maps to ctrl on non-mac; disabled on touch devices,abort active tool operations and deselect all,canvas.cancel,"hotkey_use (global keypress tracker, debounced for repeats)",canvas toolbar / context menu,preserve,parity: canvas.cancel,apps/web/src/features/block-canvas/component/CanvasController.tsx,475,9f7a26bccb85e6f806a6e0c8d6c8e53f3a3541bf,
canvas.tool-select,Select tool,v,canvas block DOM scope (per canvas block),split scope -> global,override,,,suppressed-when-input-focused,browser; cmd maps to ctrl on non-mac; disabled on touch devices,activate select tool,canvas.tool-select,"hotkey_use (global keypress tracker, debounced for repeats)",canvas toolbar / context menu,preserve,parity: canvas.tool-select,apps/web/src/features/block-canvas/component/CanvasController.tsx,487,9f7a26bccb85e6f806a6e0c8d6c8e53f3a3541bf,
canvas.tool-hand,Hand tool,h,canvas block DOM scope (per canvas block),split scope -> global,override,,,suppressed-when-input-focused,browser; cmd maps to ctrl on non-mac; disabled on touch devices,activate grab/hand tool,canvas.tool-hand,"hotkey_use (global keypress tracker, debounced for repeats)",canvas toolbar / context menu,preserve,parity: canvas.tool-hand,apps/web/src/features/block-canvas/component/CanvasController.tsx,498,9f7a26bccb85e6f806a6e0c8d6c8e53f3a3541bf,registered with default 'override' but entity 'Remind me' registers 'h' with 'add' in same scope - canvas keeps the key; reminder falls back to menu-only variant
canvas.tool-shape,Shape tool,r,canvas block DOM scope (per canvas block),split scope -> global,override,,,suppressed-when-input-focused,browser; cmd maps to ctrl on non-mac; disabled on touch devices,activate shape tool,canvas.tool-shape,"hotkey_use (global keypress tracker, debounced for repeats)",canvas toolbar / context menu,preserve,parity: canvas.tool-shape,apps/web/src/features/block-canvas/component/CanvasController.tsx,509,9f7a26bccb85e6f806a6e0c8d6c8e53f3a3541bf,
canvas.tool-pencil,Pencil tool,p,canvas block DOM scope (per canvas block),split scope -> global,override,,,suppressed-when-input-focused,browser; cmd maps to ctrl on non-mac; disabled on touch devices,activate pencil tool,canvas.tool-pencil,"hotkey_use (global keypress tracker, debounced for repeats)",canvas toolbar / context menu,preserve,parity: canvas.tool-pencil,apps/web/src/features/block-canvas/component/CanvasController.tsx,520,9f7a26bccb85e6f806a6e0c8d6c8e53f3a3541bf,
canvas.tool-line,Line tool,x,canvas block DOM scope (per canvas block),split scope -> global,override,,,suppressed-when-input-focused,browser; cmd maps to ctrl on non-mac; disabled on touch devices,activate line/connector tool; pressing again toggles connector-type menu,canvas.tool-line,"hotkey_use (global keypress tracker, debounced for repeats)",canvas toolbar / context menu,preserve,parity: canvas.tool-line,apps/web/src/features/block-canvas/component/CanvasController.tsx,531,9f7a26bccb85e6f806a6e0c8d6c8e53f3a3541bf,
canvas.tool-text,Text tool,t,canvas block DOM scope (per canvas block),split scope -> global,override,,,suppressed-when-input-focused,browser; cmd maps to ctrl on non-mac; disabled on touch devices,activate text tool,canvas.tool-text,"hotkey_use (global keypress tracker, debounced for repeats)",canvas toolbar / context menu,preserve,parity: canvas.tool-text,apps/web/src/features/block-canvas/component/CanvasController.tsx,545,9f7a26bccb85e6f806a6e0c8d6c8e53f3a3541bf,
canvas.tool-zoom-in,Zoom in tool,z,canvas block DOM scope (per canvas block),split scope -> global,override,,,suppressed-when-input-focused,browser; cmd maps to ctrl on non-mac; disabled on touch devices,activate zoom-in click tool,canvas.tool-zoom-in,"hotkey_use (global keypress tracker, debounced for repeats)",canvas toolbar / context menu,preserve,parity: canvas.tool-zoom-in,apps/web/src/features/block-canvas/component/CanvasController.tsx,556,9f7a26bccb85e6f806a6e0c8d6c8e53f3a3541bf,
canvas.tool-zoom-out,Zoom out tool,opt+z,canvas block DOM scope (per canvas block),split scope -> global,override,,,suppressed-when-input-focused,browser; cmd maps to ctrl on non-mac; disabled on touch devices,activate zoom-out click tool,canvas.tool-zoom-out,"hotkey_use (global keypress tracker, debounced for repeats)",canvas toolbar / context menu,preserve,parity: canvas.tool-zoom-out,apps/web/src/features/block-canvas/component/CanvasController.tsx,567,9f7a26bccb85e6f806a6e0c8d6c8e53f3a3541bf,
canvas.nudge-up,Nudge up,arrowup,canvas block DOM scope (per canvas block),split scope -> global,override,,,suppressed-when-input-focused,browser; cmd maps to ctrl on non-mac; disabled on touch devices,nudge selection up,canvas.nudge-up,"hotkey_use (global keypress tracker, debounced for repeats)",canvas toolbar / context menu,preserve,parity: canvas.nudge-up,apps/web/src/features/block-canvas/component/CanvasController.tsx,578,9f7a26bccb85e6f806a6e0c8d6c8e53f3a3541bf,
canvas.nudge-up-more,Nudge up more,shift+arrowup,canvas block DOM scope (per canvas block),split scope -> global,override,,,suppressed-when-input-focused,browser; cmd maps to ctrl on non-mac; disabled on touch devices,nudge selection up by large step,canvas.nudge-up-more,"hotkey_use (global keypress tracker, debounced for repeats)",canvas toolbar / context menu,preserve,parity: canvas.nudge-up-more,apps/web/src/features/block-canvas/component/CanvasController.tsx,589,9f7a26bccb85e6f806a6e0c8d6c8e53f3a3541bf,
canvas.nudge-right,Nudge right,arrowright,canvas block DOM scope (per canvas block),split scope -> global,override,,,suppressed-when-input-focused,browser; cmd maps to ctrl on non-mac; disabled on touch devices,nudge selection right,canvas.nudge-right,"hotkey_use (global keypress tracker, debounced for repeats)",canvas toolbar / context menu,preserve,parity: canvas.nudge-right,apps/web/src/features/block-canvas/component/CanvasController.tsx,600,9f7a26bccb85e6f806a6e0c8d6c8e53f3a3541bf,
canvas.nudge-right-more,Nudge right more,shift+arrowright,canvas block DOM scope (per canvas block),split scope -> global,override,,,suppressed-when-input-focused,browser; cmd maps to ctrl on non-mac; disabled on touch devices,nudge selection right by large step,canvas.nudge-right-more,"hotkey_use (global keypress tracker, debounced for repeats)",canvas toolbar / context menu,preserve,parity: canvas.nudge-right-more,apps/web/src/features/block-canvas/component/CanvasController.tsx,611,9f7a26bccb85e6f806a6e0c8d6c8e53f3a3541bf,
canvas.nudge-down,Nudge down,arrowdown,canvas block DOM scope (per canvas block),split scope -> global,override,,,suppressed-when-input-focused,browser; cmd maps to ctrl on non-mac; disabled on touch devices,nudge selection down,canvas.nudge-down,"hotkey_use (global keypress tracker, debounced for repeats)",canvas toolbar / context menu,preserve,parity: canvas.nudge-down,apps/web/src/features/block-canvas/component/CanvasController.tsx,622,9f7a26bccb85e6f806a6e0c8d6c8e53f3a3541bf,
canvas.nudge-down-more,Nudge down more,shift+arrowdown,canvas block DOM scope (per canvas block),split scope -> global,override,,,suppressed-when-input-focused,browser; cmd maps to ctrl on non-mac; disabled on touch devices,nudge selection down by large step,canvas.nudge-down-more,"hotkey_use (global keypress tracker, debounced for repeats)",canvas toolbar / context menu,preserve,parity: canvas.nudge-down-more,apps/web/src/features/block-canvas/component/CanvasController.tsx,633,9f7a26bccb85e6f806a6e0c8d6c8e53f3a3541bf,
canvas.nudge-left,Nudge left,arrowleft,canvas block DOM scope (per canvas block),split scope -> global,override,,,suppressed-when-input-focused,browser; cmd maps to ctrl on non-mac; disabled on touch devices,nudge selection left,canvas.nudge-left,"hotkey_use (global keypress tracker, debounced for repeats)",canvas toolbar / context menu,preserve,parity: canvas.nudge-left,apps/web/src/features/block-canvas/component/CanvasController.tsx,644,9f7a26bccb85e6f806a6e0c8d6c8e53f3a3541bf,
canvas.nudge-left-more,Nudge left more,shift+arrowleft,canvas block DOM scope (per canvas block),split scope -> global,override,,,suppressed-when-input-focused,browser; cmd maps to ctrl on non-mac; disabled on touch devices,nudge selection left by large step,canvas.nudge-left-more,"hotkey_use (global keypress tracker, debounced for repeats)",canvas toolbar / context menu,preserve,parity: canvas.nudge-left-more,apps/web/src/features/block-canvas/component/CanvasController.tsx,655,9f7a26bccb85e6f806a6e0c8d6c8e53f3a3541bf,
canvas.group,Group selection,cmd+g,canvas block DOM scope (per canvas block),split scope -> global,override,,,suppressed-when-input-focused,browser; cmd maps to ctrl on non-mac; disabled on touch devices,group selected objects (single history entry),canvas.group,"hotkey_use (global keypress tracker, debounced for repeats)",canvas toolbar / context menu,preserve,parity: canvas.group,apps/web/src/features/block-canvas/component/CanvasController.tsx,666,9f7a26bccb85e6f806a6e0c8d6c8e53f3a3541bf,
canvas.ungroup,Ungroup selection,shift+cmd+g,canvas block DOM scope (per canvas block),split scope -> global,override,,,suppressed-when-input-focused,browser; cmd maps to ctrl on non-mac; disabled on touch devices,ungroup selected group,canvas.ungroup,"hotkey_use (global keypress tracker, debounced for repeats)",canvas toolbar / context menu,preserve,parity: canvas.ungroup,apps/web/src/features/block-canvas/component/CanvasController.tsx,679,9f7a26bccb85e6f806a6e0c8d6c8e53f3a3541bf,
canvas.opt-zoom-flip,Zoom in (opt momentary flip),opt (hold),canvas block DOM scope (per canvas block),split scope -> global,override,,,suppressed-when-input-focused,browser; cmd maps to ctrl on non-mac; disabled on touch devices,"while zoom-in tool active, holding opt flips to zoom-out; keyUpHandler restores",canvas.opt-zoom-flip,"hotkey_use (global keypress tracker, debounced for repeats)",canvas toolbar / context menu,preserve,parity: canvas.opt-zoom-flip,apps/web/src/features/block-canvas/component/CanvasController.tsx,694,9f7a26bccb85e6f806a6e0c8d6c8e53f3a3541bf,uses keyUpHandler; modifier-only hotkey; mac 'opt' = alt on windows
canvas.space-grab,Temporary grab tool,space (hold),canvas block DOM scope (per canvas block),split scope -> global,override,,,suppressed-when-input-focused,browser; cmd maps to ctrl on non-mac; disabled on touch devices,hold space for momentary hand tool; keyUp restores prior tool unless middle-mouse pan active,canvas.space-grab,"hotkey_use (global keypress tracker, debounced for repeats)",canvas toolbar / context menu,preserve,parity: canvas.space-grab,apps/web/src/features/block-canvas/component/CanvasController.tsx,718,9f7a26bccb85e6f806a6e0c8d6c8e53f3a3541bf,keyUpHandler + e.repeat guard
canvas.connector-straight,Straight connector,s,canvas block DOM scope,split scope -> global,override,connector-type menu open (connectorTypeMenuTrigger),,suppressed-when-input-focused,browser; cmd maps to ctrl on non-mac; disabled on touch devices,set connector style 'straight' and reactivate line tool; closes connector menu,canvas.connector-straight,"hotkey_use (global keypress tracker, debounced for repeats)",connector type menu items,preserve,parity: canvas.connector-straight,apps/web/src/features/block-canvas/component/ToolBar.tsx,144,9f7a26bccb85e6f806a6e0c8d6c8e53f3a3541bf,
canvas.connector-flow,Flow connector,f,canvas block DOM scope,split scope -> global,override,connector-type menu open (connectorTypeMenuTrigger),,suppressed-when-input-focused,browser; cmd maps to ctrl on non-mac; disabled on touch devices,set connector style 'smooth' and reactivate line tool; closes connector menu,canvas.connector-flow,"hotkey_use (global keypress tracker, debounced for repeats)",connector type menu items,preserve,parity: canvas.connector-flow,apps/web/src/features/block-canvas/component/ToolBar.tsx,156,9f7a26bccb85e6f806a6e0c8d6c8e53f3a3541bf,
canvas.connector-bent,Bent connector,b,canvas block DOM scope,split scope -> global,override,connector-type menu open (connectorTypeMenuTrigger),,suppressed-when-input-focused,browser; cmd maps to ctrl on non-mac; disabled on touch devices,set connector style 'stepped' and reactivate line tool; closes connector menu,canvas.connector-bent,"hotkey_use (global keypress tracker, debounced for repeats)",connector type menu items,preserve,parity: canvas.connector-bent,apps/web/src/features/block-canvas/component/ToolBar.tsx,168,9f7a26bccb85e6f806a6e0c8d6c8e53f3a3541bf,
channel.create-bot,Create bot for channel,(none - command menu only),channel block hotkey scope,split -> global,displayPriority=9; override,canManageBots,,suppressed-when-input-focused,browser; cmd maps to ctrl on non-mac; disabled on touch devices,open settings Bots tab with bot-creation request for this channel,channel.create-bot,"hotkey_use (global keypress tracker, debounced for repeats)",command menu (Cmd+K) lists it,preserve,parity: channel.create-bot,apps/web/src/features/block-channel/component/useChannelBotManagement.ts,69,9f7a26bccb85e6f806a6e0c8d6c8e53f3a3541bf,unkeyed command-menu-only
channel.invite-bot,Invite bot to channel,(none - command menu only),channel block hotkey scope,split -> global,displayPriority=9; override,canManageBots,,suppressed-when-input-focused,browser; cmd maps to ctrl on non-mac; disabled on touch devices,open participants panel and focus bot invite,channel.invite-bot,"hotkey_use (global keypress tracker, debounced for repeats)",command menu (Cmd+K) lists it,preserve,parity: channel.invite-bot,apps/web/src/features/block-channel/component/useChannelBotManagement.ts,82,9f7a26bccb85e6f806a6e0c8d6c8e53f3a3541bf,unkeyed command-menu-only
channel.copy-webhook-url,Copy channel webhook URL,(none - command menu only),channel block hotkey scope,split -> global,displayPriority=8; override,bot management enabled,,suppressed-when-input-focused,browser; cmd maps to ctrl on non-mac; disabled on touch devices,copy webhook URL to clipboard with toast,channel.copy-webhook-url,"hotkey_use (global keypress tracker, debounced for repeats)",command menu (Cmd+K) lists it,preserve,parity: channel.copy-webhook-url,apps/web/src/features/block-channel/component/useChannelBotManagement.ts,95,9f7a26bccb85e6f806a6e0c8d6c8e53f3a3541bf,unkeyed command-menu-only
code.toggle-comment,Toggle comment,cmd+/,code-mirror-editor DOM scope,block/split -> global,override,,,runs-with-input-focused,browser; cmd maps to ctrl on non-mac; disabled on touch devices,CodeMirror toggleComment on current selection,code.toggle-comment,"hotkey_use (global keypress tracker, debounced for repeats)",command menu (Cmd+K) lists it,preserve,parity: code.toggle-comment,apps/web/src/features/block-code/component/CodeMirror.tsx,67,9f7a26bccb85e6f806a6e0c8d6c8e53f3a3541bf,
code.escape,Escape code editor,escape,code-mirror-editor DOM scope,block/split -> global,override,,,runs-with-input-focused,browser; cmd maps to ctrl on non-mac; disabled on touch devices,blur the CodeMirror content DOM,code.blur,"hotkey_use (global keypress tracker, debounced for repeats)",command menu (Cmd+K) lists it,preserve,parity: code.escape,apps/web/src/features/block-code/component/CodeMirror.tsx,82,9f7a26bccb85e6f806a6e0c8d6c8e53f3a3541bf,
email.reply-all-opt,Reply all to message,opt+r,email block hotkey scope (per thread block),split -> global,displayPriority=8; override,,,suppressed-when-input-focused,browser; cmd maps to ctrl on non-mac; disabled on touch devices,reply-all to focused message,email.reply-all,"hotkey_use (global keypress tracker, debounced for repeats)",command menu (Cmd+K) lists it,needs-owner-ruling,parity: email.reply-all-opt,apps/web/src/features/block-email/util/emailHotkeys.ts,32,9f7a26bccb85e6f806a6e0c8d6c8e53f3a3541bf,"conditionally registered only when caller passes replyAllToFocusedMessage; sole caller Email.tsx omits it, so this command is currently DORMANT ('r' is wired to reply-all instead) - needs-owner-ruling on whether to keep"
email.reply,Reply to message,r,email block hotkey scope (per thread block),split -> global,displayPriority=9; override,,,suppressed-when-input-focused,browser; cmd maps to ctrl on non-mac; disabled on touch devices,open reply composer for focused (or latest) message - Email.tsx wires this to reply-all semantics,email.reply,"hotkey_use (global keypress tracker, debounced for repeats)",command menu (Cmd+K) lists it,preserve,parity: email.reply,apps/web/src/features/block-email/util/emailHotkeys.ts,42,9f7a26bccb85e6f806a6e0c8d6c8e53f3a3541bf,
email.forward,Forward message,f,email block hotkey scope (per thread block),split -> global,displayPriority=7; override,,,suppressed-when-input-focused,browser; cmd maps to ctrl on non-mac; disabled on touch devices,open forward composer,email.forward,"hotkey_use (global keypress tracker, debounced for repeats)",command menu (Cmd+K) lists it,preserve,parity: email.forward,apps/web/src/features/block-email/util/emailHotkeys.ts,51,9f7a26bccb85e6f806a6e0c8d6c8e53f3a3541bf,
email.mark-done,Mark done,e,email block hotkey scope (per thread block),split -> global,displayPriority=10; override,thread not done,,suppressed-when-input-focused,browser; cmd maps to ctrl on non-mac; disabled on touch devices,archive/mark thread done,email.mark-done,"hotkey_use (global keypress tracker, debounced for repeats)",command menu (Cmd+K) lists it,preserve,parity: email.mark-done,apps/web/src/features/block-email/util/emailHotkeys.ts,59,9f7a26bccb85e6f806a6e0c8d6c8e53f3a3541bf,
email.mark-not-done,Mark as not done,shift+e,email block hotkey scope (per thread block),split -> global,displayPriority=10; override,thread done and reversible (has inbound message),,suppressed-when-input-focused,browser; cmd maps to ctrl on non-mac; disabled on touch devices,un-done the thread,email.mark-not-done,"hotkey_use (global keypress tracker, debounced for repeats)",command menu (Cmd+K) lists it,preserve,parity: email.mark-not-done,apps/web/src/features/block-email/util/emailHotkeys.ts,68,9f7a26bccb85e6f806a6e0c8d6c8e53f3a3541bf,
email.mark-unread,Mark as unread,u,email block hotkey scope (per thread block),split -> global,displayPriority=9; override,thread not marked unread,,suppressed-when-input-focused,browser; cmd maps to ctrl on non-mac; disabled on touch devices,mark thread unread,email.mark-unread,"hotkey_use (global keypress tracker, debounced for repeats)",command menu (Cmd+K) lists it,preserve,parity: email.mark-unread,apps/web/src/features/block-email/util/emailHotkeys.ts,77,9f7a26bccb85e6f806a6e0c8d6c8e53f3a3541bf,
email.mark-read,Mark as read,shift+u,email block hotkey scope (per thread block),split -> global,displayPriority=9; override,thread marked unread,,suppressed-when-input-focused,browser; cmd maps to ctrl on non-mac; disabled on touch devices,mark thread read,email.mark-read,"hotkey_use (global keypress tracker, debounced for repeats)",command menu (Cmd+K) lists it,preserve,parity: email.mark-read,apps/web/src/features/block-email/util/emailHotkeys.ts,86,9f7a26bccb85e6f806a6e0c8d6c8e53f3a3541bf,
email.block-sender,Block sender,(none - command menu only),email block hotkey scope (per thread block),split -> global,displayPriority=5; override,,,suppressed-when-input-focused,browser; cmd maps to ctrl on non-mac; disabled on touch devices,block sender of thread,email.block-sender,"hotkey_use (global keypress tracker, debounced for repeats)",command menu (Cmd+K) lists it,preserve,parity: email.block-sender,apps/web/src/features/block-email/util/emailHotkeys.ts,95,9f7a26bccb85e6f806a6e0c8d6c8e53f3a3541bf,unkeyed command-menu-only
email.mark-sender-signal,Mark sender as Signal,(none - command menu only),email block hotkey scope (per thread block),split -> global,displayPriority=5; override,,,suppressed-when-input-focused,browser; cmd maps to ctrl on non-mac; disabled on touch devices,classify sender as signal,email.mark-sender-signal,"hotkey_use (global keypress tracker, debounced for repeats)",command menu (Cmd+K) lists it,preserve,parity: email.mark-sender-signal,apps/web/src/features/block-email/util/emailHotkeys.ts,102,9f7a26bccb85e6f806a6e0c8d6c8e53f3a3541bf,unkeyed command-menu-only
email.mark-sender-noise,Mark sender as Noise,(none - command menu only),email block hotkey scope (per thread block),split -> global,displayPriority=5; override,,,suppressed-when-input-focused,browser; cmd maps to ctrl on non-mac; disabled on touch devices,classify sender as noise,email.mark-sender-noise,"hotkey_use (global keypress tracker, debounced for repeats)",command menu (Cmd+K) lists it,preserve,parity: email.mark-sender-noise,apps/web/src/features/block-email/util/emailHotkeys.ts,109,9f7a26bccb85e6f806a6e0c8d6c8e53f3a3541bf,unkeyed command-menu-only
email.previous-message,Previous message,arrowup,email block hotkey scope (per thread block),split -> global,override,,,suppressed-when-input-focused,browser; cmd maps to ctrl on non-mac; disabled on touch devices,focus previous message in thread,email.previous-message,"hotkey_use (global keypress tracker, debounced for repeats)",command menu (Cmd+K) lists it,preserve,parity: email.previous-message,apps/web/src/features/block-email/util/emailHotkeys.ts,116,9f7a26bccb85e6f806a6e0c8d6c8e53f3a3541bf,
email.next-message,Next message,arrowdown,email block hotkey scope (per thread block),split -> global,override,,,suppressed-when-input-focused,browser; cmd maps to ctrl on non-mac; disabled on touch devices,focus next message in thread,email.next-message,"hotkey_use (global keypress tracker, debounced for repeats)",command menu (Cmd+K) lists it,preserve,parity: email.next-message,apps/web/src/features/block-email/util/emailHotkeys.ts,123,9f7a26bccb85e6f806a6e0c8d6c8e53f3a3541bf,
email.focus-reply,Reply to message (enter),enter,email block hotkey scope,split -> global,override,,hide=true,suppressed-when-input-focused,browser; cmd maps to ctrl on non-mac; disabled on touch devices,"expand focused collapsed message, else open reply-all composer for it; with no focus, reply to latest",email.enter-reply,"hotkey_use (global keypress tracker, debounced for repeats)",command menu (Cmd+K) lists it,preserve,parity: email.focus-reply,apps/web/src/features/block-email/component/Email.tsx,531,9f7a26bccb85e6f806a6e0c8d6c8e53f3a3541bf,registered via registerScopeSignalHotkey (scope is a signal) - MISSED by mechanical registerHotkey scan
email.collapse-message,Collapse message,escape,email block hotkey scope,split -> global,override,,,suppressed-when-input-focused,browser; cmd maps to ctrl on non-mac; disabled on touch devices,"clear active reply, else collapse expanded non-last message; manual editable-focus guard in handler",email.escape-collapse,"hotkey_use (global keypress tracker, debounced for repeats)",command menu (Cmd+K) lists it,preserve,parity: email.collapse-message,apps/web/src/features/block-email/component/Email.tsx,559,9f7a26bccb85e6f806a6e0c8d6c8e53f3a3541bf,registered via registerScopeSignalHotkey - MISSED by mechanical scan; handler re-implements input-focus suppression manually
email.send,Send email,cmd+enter,compose-email DOM scope (inline reply),email block -> split -> global,displayPriority=9; override,,,runs-with-input-focused,browser; cmd maps to ctrl on non-mac; disabled on touch devices,send the reply (no-op when scheduled sendTime set),email.send,"hotkey_use (global keypress tracker, debounced for repeats)",command menu (Cmd+K) lists it,preserve,parity: email.send,apps/web/src/features/block-email/component/BaseInput.tsx,1189,9f7a26bccb85e6f806a6e0c8d6c8e53f3a3541bf,
email.send-mark-done,Send and mark done,shift+cmd+enter,compose-email DOM scope (inline reply),email block -> split -> global,displayPriority=10; override,,,runs-with-input-focused,browser; cmd maps to ctrl on non-mac; disabled on touch devices,send reply then mark thread done,email.send-and-mark-done,"hotkey_use (global keypress tracker, debounced for repeats)",command menu (Cmd+K) lists it,preserve,parity: email.send-mark-done,apps/web/src/features/block-email/component/BaseInput.tsx,1203,9f7a26bccb85e6f806a6e0c8d6c8e53f3a3541bf,
email.compose-arrowup-to-thread,Select last message,arrowup,compose-email DOM scope (inline reply),email block -> split -> global,override,editor root focused and body empty,,runs-with-input-focused,browser; cmd maps to ctrl on non-mac; disabled on touch devices,"when composer body empty and focused, blur editor and focus last thread message",email.compose-focus-thread,"hotkey_use (global keypress tracker, debounced for repeats)",command menu (Cmd+K) lists it,preserve,parity: email.compose-arrowup-to-thread,apps/web/src/features/block-email/component/BaseInput.tsx,1217,9f7a26bccb85e6f806a6e0c8d6c8e53f3a3541bf,shadows email.previous-message while composer focused
email.close-reply,Close reply,escape,compose-email DOM scope (inline reply),email block -> split -> global,displayPriority=8; override,,,runs-with-input-focused,browser; cmd maps to ctrl on non-mac; disabled on touch devices,empty draft: delete draft and close; else return focus to message,email.close-reply,"hotkey_use (global keypress tracker, debounced for repeats)",command menu (Cmd+K) lists it,preserve,parity: email.close-reply,apps/web/src/features/block-email/component/BaseInput.tsx,1251,9f7a26bccb85e6f806a6e0c8d6c8e53f3a3541bf,
email.toggle-side-panel,Toggle Side Panel,],split panel DOM scope,global,override,,,suppressed-when-input-focused,browser; cmd maps to ctrl on non-mac; disabled on touch devices,toggle right side panel when it has sections,block.toggle-side-panel,"hotkey_use (global keypress tracker, debounced for repeats)",side panel toggle button,preserve,parity: email.toggle-side-panel,apps/web/src/features/block-email/component/TopBar.tsx,64,9f7a26bccb85e6f806a6e0c8d6c8e53f3a3541bf,
email.compose.edit-to,"Edit ""To"" recipients",shift+cmd+o,compose-email DOM scope (full compose),split -> global,override,,,runs-with-input-focused,browser; cmd maps to ctrl on non-mac; disabled on touch devices,focus To recipients selector; no-op when compose disabled,email.compose.edit-to,"hotkey_use (global keypress tracker, debounced for repeats)",command menu (Cmd+K) lists it,preserve,parity: email.compose.edit-to,apps/web/src/features/block-email/component/compose/ComposeLayout.tsx,70,9f7a26bccb85e6f806a6e0c8d6c8e53f3a3541bf,shouldReturnFocusOnClose=false
email.compose.edit-cc,"Edit ""Cc"" recipients",shift+cmd+c,compose-email DOM scope (full compose),split -> global,override,,,runs-with-input-focused,browser; cmd maps to ctrl on non-mac; disabled on touch devices,reveal (if hidden) and focus Cc selector; no-op when compose disabled,email.compose.edit-cc,"hotkey_use (global keypress tracker, debounced for repeats)",command menu (Cmd+K) lists it,preserve,parity: email.compose.edit-cc,apps/web/src/features/block-email/component/compose/ComposeLayout.tsx,84,9f7a26bccb85e6f806a6e0c8d6c8e53f3a3541bf,shouldReturnFocusOnClose=false
email.compose.edit-bcc,"Edit ""Bcc"" recipients",shift+cmd+b,compose-email DOM scope (full compose),split -> global,override,,,runs-with-input-focused,browser; cmd maps to ctrl on non-mac; disabled on touch devices,reveal (if hidden) and focus Bcc selector; no-op when compose disabled,email.compose.edit-bcc,"hotkey_use (global keypress tracker, debounced for repeats)",command menu (Cmd+K) lists it,preserve,parity: email.compose.edit-bcc,apps/web/src/features/block-email/component/compose/ComposeLayout.tsx,103,9f7a26bccb85e6f806a6e0c8d6c8e53f3a3541bf,shouldReturnFocusOnClose=false
email.compose.edit-subject,Edit subject,shift+cmd+s,compose-email DOM scope (full compose),split -> global,override,,,runs-with-input-focused,browser; cmd maps to ctrl on non-mac; disabled on touch devices,focus subject input; no-op when compose disabled,email.compose.edit-subject,"hotkey_use (global keypress tracker, debounced for repeats)",command menu (Cmd+K) lists it,preserve,parity: email.compose.edit-subject,apps/web/src/features/block-email/component/compose/ComposeLayout.tsx,122,9f7a26bccb85e6f806a6e0c8d6c8e53f3a3541bf,shouldReturnFocusOnClose=false
email.compose.edit-message,Edit message,shift+cmd+m,compose-email DOM scope (full compose),split -> global,override,,,runs-with-input-focused,browser; cmd maps to ctrl on non-mac; disabled on touch devices,focus message body editor; no-op when compose disabled,email.compose.edit-message,"hotkey_use (global keypress tracker, debounced for repeats)",command menu (Cmd+K) lists it,preserve,parity: email.compose.edit-message,apps/web/src/features/block-email/component/compose/ComposeLayout.tsx,136,9f7a26bccb85e6f806a6e0c8d6c8e53f3a3541bf,shouldReturnFocusOnClose=false
email.compose.send,Send email,cmd+enter,compose-email DOM scope (full compose),split -> global,displayPriority=10; override,,,runs-with-input-focused,browser; cmd maps to ctrl on non-mac; disabled on touch devices,send composed email (no-op when disabled or scheduled),email.send,"hotkey_use (global keypress tracker, debounced for repeats)",command menu (Cmd+K) lists it,preserve,parity: email.compose.send,apps/web/src/features/block-email/component/compose/ComposeLayout.tsx,150,9f7a26bccb85e6f806a6e0c8d6c8e53f3a3541bf,hotkeyToken passed as raw string 'email.send' rather than TOKENS constant
md.compose-skill.create,Create skill,cmd+enter,compose-skill DOM scope (popover),(detached popover),override,,,runs-with-input-focused,browser; cmd maps to ctrl on non-mac; disabled on touch devices,create the skill document and open it in new split,skill.create,"hotkey_use (global keypress tracker, debounced for repeats)",command menu (Cmd+K) lists it,preserve,parity: md.compose-skill.create,apps/web/src/features/block-md/component/ComposeSkill.tsx,333,9f7a26bccb85e6f806a6e0c8d6c8e53f3a3541bf,
md.compose-task.create,Create task,cmd+enter,task-compose DOM scope (popover),(detached popover),override,,,runs-with-input-focused,browser; cmd maps to ctrl on non-mac; disabled on touch devices,create the task with properties and close composer,task.create,"hotkey_use (global keypress tracker, debounced for repeats)",command menu (Cmd+K) lists it,preserve,parity: md.compose-task.create,apps/web/src/features/block-md/component/ComposeTask.tsx,744,9f7a26bccb85e6f806a6e0c8d6c8e53f3a3541bf,
md.find,Find in Document,cmd+f,markdown block scope,split -> global,override,,,runs-with-input-focused,browser; cmd maps to ctrl on non-mac; disabled on touch devices,"open/focus find-and-replace bar; when already focused, close",md.find,"hotkey_use (global keypress tracker, debounced for repeats)",toolbar find button,preserve,parity: md.find,apps/web/src/features/block-md/component/FindAndReplace.tsx,265,9f7a26bccb85e6f806a6e0c8d6c8e53f3a3541bf,re-registered per scope change (createEffect)
md.history.next-version,Next version,arrowup,markdown history scope,split -> global,displayPriority=10; override,history panel open,,suppressed-when-input-focused,browser; cmd maps to ctrl on non-mac; disabled on touch devices,select previous (older? labeled Next) version in history list and scroll to it,md.history.up,"hotkey_use (global keypress tracker, debounced for repeats)",command menu (Cmd+K) lists it,preserve,parity: md.history.next-version,apps/web/src/features/block-md/component/History.tsx,467,9f7a26bccb85e6f806a6e0c8d6c8e53f3a3541bf,reuses TOKENS.channel.moveUp token
md.history.previous-version,Previous version,arrowdown,markdown history scope,split -> global,displayPriority=10; override,history panel open,,suppressed-when-input-focused,browser; cmd maps to ctrl on non-mac; disabled on touch devices,select next version in history list,md.history.down,"hotkey_use (global keypress tracker, debounced for repeats)",command menu (Cmd+K) lists it,preserve,parity: md.history.previous-version,apps/web/src/features/block-md/component/History.tsx,490,9f7a26bccb85e6f806a6e0c8d6c8e53f3a3541bf,reuses TOKENS.channel.moveDown token
md.focus-editor,Focus Title or Markdown Editor,enter,markdown block scope,split -> global,override,,hide=true,suppressed-when-input-focused,browser; cmd maps to ctrl on non-mac; disabled on touch devices,"focus title editor when doc unnamed, else focus markdown editor at root start",md.focus-editor,"hotkey_use (global keypress tracker, debounced for repeats)",command menu (Cmd+K) lists it,preserve,parity: md.focus-editor,apps/web/src/features/block-md/component/Notebook.tsx,223,9f7a26bccb85e6f806a6e0c8d6c8e53f3a3541bf,
md.copy-branch-name,Copy branch name,shift+cmd+b,markdown block scope,split -> global,override,block is a task (isTask),,runs-with-input-focused,browser; cmd maps to ctrl on non-mac; disabled on touch devices,copy task branch name to clipboard (tasks only),task.copy-branch-name,"hotkey_use (global keypress tracker, debounced for repeats)",command menu (Cmd+K) lists it,preserve,parity: md.copy-branch-name,apps/web/src/features/block-md/component/TopBar.tsx,85,9f7a26bccb85e6f806a6e0c8d6c8e53f3a3541bf,re-registered on scope change; earlier registration leaked (cleanupKbShortcut never reassigned) - known quirk
md.toggle-side-panel,Toggle Side Panel,],split panel DOM scope,global,override,,,suppressed-when-input-focused,browser; cmd maps to ctrl on non-mac; disabled on touch devices,toggle right side panel when it has sections,block.toggle-side-panel,"hotkey_use (global keypress tracker, debounced for repeats)",command menu (Cmd+K) lists it,preserve,parity: md.toggle-side-panel,apps/web/src/features/block-md/component/TopBar.tsx,129,9f7a26bccb85e6f806a6e0c8d6c8e53f3a3541bf,
md.format.bold,Bold,cmd+b,markdown block scope,split -> global,override,,hidden when editor lacks focus (condition wrapper),runs-with-input-focused,browser; cmd maps to ctrl on non-mac; disabled on touch devices,dispatch Lexical FORMAT_TEXT_COMMAND 'bold' and refocus editor,md.format.bold,"hotkey_use (global keypress tracker, debounced for repeats)",markdown toolbar buttons,preserve,parity: md.format.bold,apps/web/src/features/block-md/component/useMarkdownCommands.ts,167,9f7a26bccb85e6f806a6e0c8d6c8e53f3a3541bf,expanded from INLINE_FORMATS loop (8 static). proxiedHotkey=true for keyed entries: keystroke handled by Lexical itself; hotkey system only displays it and runs handler from command menu
md.format.italic,Italic,cmd+i,markdown block scope,split -> global,override,,hidden when editor lacks focus (condition wrapper),runs-with-input-focused,browser; cmd maps to ctrl on non-mac; disabled on touch devices,dispatch Lexical FORMAT_TEXT_COMMAND 'italic' and refocus editor,md.format.italic,"hotkey_use (global keypress tracker, debounced for repeats)",markdown toolbar buttons,preserve,parity: md.format.italic,apps/web/src/features/block-md/component/useMarkdownCommands.ts,167,9f7a26bccb85e6f806a6e0c8d6c8e53f3a3541bf,expanded from INLINE_FORMATS loop (8 static). proxiedHotkey=true for keyed entries: keystroke handled by Lexical itself; hotkey system only displays it and runs handler from command menu
md.format.underline,Underline,cmd+u,markdown block scope,split -> global,override,,hidden when editor lacks focus (condition wrapper),runs-with-input-focused,browser; cmd maps to ctrl on non-mac; disabled on touch devices,dispatch Lexical FORMAT_TEXT_COMMAND 'underline' and refocus editor,md.format.underline,"hotkey_use (global keypress tracker, debounced for repeats)",markdown toolbar buttons,preserve,parity: md.format.underline,apps/web/src/features/block-md/component/useMarkdownCommands.ts,167,9f7a26bccb85e6f806a6e0c8d6c8e53f3a3541bf,expanded from INLINE_FORMATS loop (8 static). proxiedHotkey=true for keyed entries: keystroke handled by Lexical itself; hotkey system only displays it and runs handler from command menu
md.format.strikethrough,Strikethrough,shift+cmd+x,markdown block scope,split -> global,override,,hidden when editor lacks focus (condition wrapper),runs-with-input-focused,browser; cmd maps to ctrl on non-mac; disabled on touch devices,dispatch Lexical FORMAT_TEXT_COMMAND 'strikethrough' and refocus editor,md.format.strikethrough,"hotkey_use (global keypress tracker, debounced for repeats)",markdown toolbar buttons,preserve,parity: md.format.strikethrough,apps/web/src/features/block-md/component/useMarkdownCommands.ts,167,9f7a26bccb85e6f806a6e0c8d6c8e53f3a3541bf,expanded from INLINE_FORMATS loop (8 static). proxiedHotkey=true for keyed entries: keystroke handled by Lexical itself; hotkey system only displays it and runs handler from command menu
md.format.highlight,Highlight,shift+cmd+h,markdown block scope,split -> global,override,,hidden when editor lacks focus (condition wrapper),runs-with-input-focused,browser; cmd maps to ctrl on non-mac; disabled on touch devices,dispatch Lexical FORMAT_TEXT_COMMAND 'highlight' and refocus editor,md.format.highlight,"hotkey_use (global keypress tracker, debounced for repeats)",markdown toolbar buttons,preserve,parity: md.format.highlight,apps/web/src/features/block-md/component/useMarkdownCommands.ts,167,9f7a26bccb85e6f806a6e0c8d6c8e53f3a3541bf,expanded from INLINE_FORMATS loop (8 static). proxiedHotkey=true for keyed entries: keystroke handled by Lexical itself; hotkey system only displays it and runs handler from command menu
md.format.inline-code,Inline code,cmd+e,markdown block scope,split -> global,override,,hidden when editor lacks focus (condition wrapper),runs-with-input-focused,browser; cmd maps to ctrl on non-mac; disabled on touch devices,dispatch Lexical FORMAT_TEXT_COMMAND 'inline-code' and refocus editor,md.format.inline-code,"hotkey_use (global keypress tracker, debounced for repeats)",markdown toolbar buttons,preserve,parity: md.format.inline-code,apps/web/src/features/block-md/component/useMarkdownCommands.ts,167,9f7a26bccb85e6f806a6e0c8d6c8e53f3a3541bf,expanded from INLINE_FORMATS loop (8 static). proxiedHotkey=true for keyed entries: keystroke handled by Lexical itself; hotkey system only displays it and runs handler from command menu
md.format.superscript,Superscript,(none - command menu only),markdown block scope,split -> global,override,,hidden when editor lacks focus (condition wrapper),runs-with-input-focused,browser; cmd maps to ctrl on non-mac; disabled on touch devices,dispatch Lexical FORMAT_TEXT_COMMAND 'superscript' and refocus editor,md.format.superscript,"hotkey_use (global keypress tracker, debounced for repeats)",markdown toolbar buttons,preserve,parity: md.format.superscript,apps/web/src/features/block-md/component/useMarkdownCommands.ts,167,9f7a26bccb85e6f806a6e0c8d6c8e53f3a3541bf,expanded from INLINE_FORMATS loop (8 static). proxiedHotkey=true for keyed entries: keystroke handled by Lexical itself; hotkey system only displays it and runs handler from command menu
md.format.subscript,Subscript,(none - command menu only),markdown block scope,split -> global,override,,hidden when editor lacks focus (condition wrapper),runs-with-input-focused,browser; cmd maps to ctrl on non-mac; disabled on touch devices,dispatch Lexical FORMAT_TEXT_COMMAND 'subscript' and refocus editor,md.format.subscript,"hotkey_use (global keypress tracker, debounced for repeats)",markdown toolbar buttons,preserve,parity: md.format.subscript,apps/web/src/features/block-md/component/useMarkdownCommands.ts,167,9f7a26bccb85e6f806a6e0c8d6c8e53f3a3541bf,expanded from INLINE_FORMATS loop (8 static). proxiedHotkey=true for keyed entries: keystroke handled by Lexical itself; hotkey system only displays it and runs handler from command menu
md.insert.paragraph,Paragraph,(none - command menu only),markdown block scope,split -> global,override,editor has required Lexical nodes registered,hidden when node deps missing or editor unfocused,runs-with-input-focused,browser; cmd maps to ctrl on non-mac; disabled on touch devices,run slash-command ACTION 'paragraph' on the Lexical editor and refocus,md.insert.paragraph,"hotkey_use (global keypress tracker, debounced for repeats)",slash-command menu in editor,preserve,parity: md.insert.paragraph,apps/web/src/features/block-md/component/useMarkdownCommands.ts,189,9f7a26bccb85e6f806a6e0c8d6c8e53f3a3541bf,"expanded from ACTIONS loop: 16 slash actions, 15 with token mapping ('task' action has no token and is skipped)"
md.insert.heading1,Heading 1,(none - command menu only),markdown block scope,split -> global,override,editor has required Lexical nodes registered,hidden when node deps missing or editor unfocused,runs-with-input-focused,browser; cmd maps to ctrl on non-mac; disabled on touch devices,run slash-command ACTION 'heading1' on the Lexical editor and refocus,md.insert.heading1,"hotkey_use (global keypress tracker, debounced for repeats)",slash-command menu in editor,preserve,parity: md.insert.heading1,apps/web/src/features/block-md/component/useMarkdownCommands.ts,189,9f7a26bccb85e6f806a6e0c8d6c8e53f3a3541bf,"expanded from ACTIONS loop: 16 slash actions, 15 with token mapping ('task' action has no token and is skipped)"
md.insert.heading2,Heading 2,(none - command menu only),markdown block scope,split -> global,override,editor has required Lexical nodes registered,hidden when node deps missing or editor unfocused,runs-with-input-focused,browser; cmd maps to ctrl on non-mac; disabled on touch devices,run slash-command ACTION 'heading2' on the Lexical editor and refocus,md.insert.heading2,"hotkey_use (global keypress tracker, debounced for repeats)",slash-command menu in editor,preserve,parity: md.insert.heading2,apps/web/src/features/block-md/component/useMarkdownCommands.ts,189,9f7a26bccb85e6f806a6e0c8d6c8e53f3a3541bf,"expanded from ACTIONS loop: 16 slash actions, 15 with token mapping ('task' action has no token and is skipped)"
md.insert.heading3,Heading 3,(none - command menu only),markdown block scope,split -> global,override,editor has required Lexical nodes registered,hidden when node deps missing or editor unfocused,runs-with-input-focused,browser; cmd maps to ctrl on non-mac; disabled on touch devices,run slash-command ACTION 'heading3' on the Lexical editor and refocus,md.insert.heading3,"hotkey_use (global keypress tracker, debounced for repeats)",slash-command menu in editor,preserve,parity: md.insert.heading3,apps/web/src/features/block-md/component/useMarkdownCommands.ts,189,9f7a26bccb85e6f806a6e0c8d6c8e53f3a3541bf,"expanded from ACTIONS loop: 16 slash actions, 15 with token mapping ('task' action has no token and is skipped)"
md.insert.quote,Quote,(none - command menu only),markdown block scope,split -> global,override,editor has required Lexical nodes registered,hidden when node deps missing or editor unfocused,runs-with-input-focused,browser; cmd maps to ctrl on non-mac; disabled on touch devices,run slash-command ACTION 'quote' on the Lexical editor and refocus,md.insert.quote,"hotkey_use (global keypress tracker, debounced for repeats)",slash-command menu in editor,preserve,parity: md.insert.quote,apps/web/src/features/block-md/component/useMarkdownCommands.ts,189,9f7a26bccb85e6f806a6e0c8d6c8e53f3a3541bf,"expanded from ACTIONS loop: 16 slash actions, 15 with token mapping ('task' action has no token and is skipped)"
md.insert.code-block,Code block,(none - command menu only),markdown block scope,split -> global,override,editor has required Lexical nodes registered,hidden when node deps missing or editor unfocused,runs-with-input-focused,browser; cmd maps to ctrl on non-mac; disabled on touch devices,run slash-command ACTION 'code-block' on the Lexical editor and refocus,md.insert.code-block,"hotkey_use (global keypress tracker, debounced for repeats)",slash-command menu in editor,preserve,parity: md.insert.code-block,apps/web/src/features/block-md/component/useMarkdownCommands.ts,189,9f7a26bccb85e6f806a6e0c8d6c8e53f3a3541bf,"expanded from ACTIONS loop: 16 slash actions, 15 with token mapping ('task' action has no token and is skipped)"
md.insert.bullet-list,Bulleted list,(none - command menu only),markdown block scope,split -> global,override,editor has required Lexical nodes registered,hidden when node deps missing or editor unfocused,runs-with-input-focused,browser; cmd maps to ctrl on non-mac; disabled on touch devices,run slash-command ACTION 'bullet-list' on the Lexical editor and refocus,md.insert.bullet-list,"hotkey_use (global keypress tracker, debounced for repeats)",slash-command menu in editor,preserve,parity: md.insert.bullet-list,apps/web/src/features/block-md/component/useMarkdownCommands.ts,189,9f7a26bccb85e6f806a6e0c8d6c8e53f3a3541bf,"expanded from ACTIONS loop: 16 slash actions, 15 with token mapping ('task' action has no token and is skipped)"
md.insert.numbered-list,Numbered list,(none - command menu only),markdown block scope,split -> global,override,editor has required Lexical nodes registered,hidden when node deps missing or editor unfocused,runs-with-input-focused,browser; cmd maps to ctrl on non-mac; disabled on touch devices,run slash-command ACTION 'numbered-list' on the Lexical editor and refocus,md.insert.numbered-list,"hotkey_use (global keypress tracker, debounced for repeats)",slash-command menu in editor,preserve,parity: md.insert.numbered-list,apps/web/src/features/block-md/component/useMarkdownCommands.ts,189,9f7a26bccb85e6f806a6e0c8d6c8e53f3a3541bf,"expanded from ACTIONS loop: 16 slash actions, 15 with token mapping ('task' action has no token and is skipped)"
md.insert.checklist,Checklist,(none - command menu only),markdown block scope,split -> global,override,editor has required Lexical nodes registered,hidden when node deps missing or editor unfocused,runs-with-input-focused,browser; cmd maps to ctrl on non-mac; disabled on touch devices,run slash-command ACTION 'checklist' on the Lexical editor and refocus,md.insert.checklist,"hotkey_use (global keypress tracker, debounced for repeats)",slash-command menu in editor,preserve,parity: md.insert.checklist,apps/web/src/features/block-md/component/useMarkdownCommands.ts,189,9f7a26bccb85e6f806a6e0c8d6c8e53f3a3541bf,"expanded from ACTIONS loop: 16 slash actions, 15 with token mapping ('task' action has no token and is skipped)"
md.insert.image,Image,(none - command menu only),markdown block scope,split -> global,override,editor has required Lexical nodes registered,hidden when node deps missing or editor unfocused,runs-with-input-focused,browser; cmd maps to ctrl on non-mac; disabled on touch devices,run slash-command ACTION 'image' on the Lexical editor and refocus,md.insert.image,"hotkey_use (global keypress tracker, debounced for repeats)",slash-command menu in editor,preserve,parity: md.insert.image,apps/web/src/features/block-md/component/useMarkdownCommands.ts,189,9f7a26bccb85e6f806a6e0c8d6c8e53f3a3541bf,"expanded from ACTIONS loop: 16 slash actions, 15 with token mapping ('task' action has no token and is skipped)"
md.insert.video,Video,(none - command menu only),markdown block scope,split -> global,override,editor has required Lexical nodes registered,hidden when node deps missing or editor unfocused,runs-with-input-focused,browser; cmd maps to ctrl on non-mac; disabled on touch devices,run slash-command ACTION 'video' on the Lexical editor and refocus,md.insert.video,"hotkey_use (global keypress tracker, debounced for repeats)",slash-command menu in editor,preserve,parity: md.insert.video,apps/web/src/features/block-md/component/useMarkdownCommands.ts,189,9f7a26bccb85e6f806a6e0c8d6c8e53f3a3541bf,"expanded from ACTIONS loop: 16 slash actions, 15 with token mapping ('task' action has no token and is skipped)"
md.insert.link,Link,(none - command menu only),markdown block scope,split -> global,override,editor has required Lexical nodes registered,hidden when node deps missing or editor unfocused,runs-with-input-focused,browser; cmd maps to ctrl on non-mac; disabled on touch devices,run slash-command ACTION 'link' on the Lexical editor and refocus,md.insert.link,"hotkey_use (global keypress tracker, debounced for repeats)",slash-command menu in editor,preserve,parity: md.insert.link,apps/web/src/features/block-md/component/useMarkdownCommands.ts,189,9f7a26bccb85e6f806a6e0c8d6c8e53f3a3541bf,"expanded from ACTIONS loop: 16 slash actions, 15 with token mapping ('task' action has no token and is skipped)"
md.insert.math,Math/LaTeX,(none - command menu only),markdown block scope,split -> global,override,editor has required Lexical nodes registered,hidden when node deps missing or editor unfocused,runs-with-input-focused,browser; cmd maps to ctrl on non-mac; disabled on touch devices,run slash-command ACTION 'math' on the Lexical editor and refocus,md.insert.math,"hotkey_use (global keypress tracker, debounced for repeats)",slash-command menu in editor,preserve,parity: md.insert.math,apps/web/src/features/block-md/component/useMarkdownCommands.ts,189,9f7a26bccb85e6f806a6e0c8d6c8e53f3a3541bf,"expanded from ACTIONS loop: 16 slash actions, 15 with token mapping ('task' action has no token and is skipped)"
md.insert.table,Table,(none - command menu only),markdown block scope,split -> global,override,editor has required Lexical nodes registered,hidden when node deps missing or editor unfocused,runs-with-input-focused,browser; cmd maps to ctrl on non-mac; disabled on touch devices,run slash-command ACTION 'table' on the Lexical editor and refocus,md.insert.table,"hotkey_use (global keypress tracker, debounced for repeats)",slash-command menu in editor,preserve,parity: md.insert.table,apps/web/src/features/block-md/component/useMarkdownCommands.ts,189,9f7a26bccb85e6f806a6e0c8d6c8e53f3a3541bf,"expanded from ACTIONS loop: 16 slash actions, 15 with token mapping ('task' action has no token and is skipped)"
md.insert.divider,Divider,(none - command menu only),markdown block scope,split -> global,override,editor has required Lexical nodes registered,hidden when node deps missing or editor unfocused,runs-with-input-focused,browser; cmd maps to ctrl on non-mac; disabled on touch devices,run slash-command ACTION 'divider' on the Lexical editor and refocus,md.insert.divider,"hotkey_use (global keypress tracker, debounced for repeats)",slash-command menu in editor,preserve,parity: md.insert.divider,apps/web/src/features/block-md/component/useMarkdownCommands.ts,189,9f7a26bccb85e6f806a6e0c8d6c8e53f3a3541bf,"expanded from ACTIONS loop: 16 slash actions, 15 with token mapping ('task' action has no token and is skipped)"
md.toggle-state-debugger,Toggle lexical state debugger,(none - command menu only),markdown block scope,split -> global,override,canUseStateDebugger(),hidden when debugger unavailable,runs-with-input-focused,browser; cmd maps to ctrl on non-mac; disabled on touch devices,toggle Lexical state debugger panel,dev.md-state-debugger,"hotkey_use (global keypress tracker, debounced for repeats)",command menu (Cmd+K) lists it,defer,parity: md.toggle-state-debugger,apps/web/src/features/block-md/component/useMarkdownCommands.ts,117,9f7a26bccb85e6f806a6e0c8d6c8e53f3a3541bf,dev tool; registered from both registerMarkdownCommands options and Notebook.tsx:473 registerLexicalStateDebuggerCommand (double registration)
calendar.view.day,Day view,d,calendar component scope,split -> global,override,,,suppressed-when-input-focused,browser; cmd maps to ctrl on non-mac; disabled on touch devices,switch calendar to day view,calendar.view-day,"hotkey_use (global keypress tracker, debounced for repeats)",calendar view switcher,preserve,parity: calendar.view.day,apps/web/src/features/calendar/use-calendar-hotkeys.ts,46,9f7a26bccb85e6f806a6e0c8d6c8e53f3a3541bf,expanded from VIEW_HOTKEYS loop (3 static)
calendar.view.week,Week view,w,calendar component scope,split -> global,override,,,suppressed-when-input-focused,browser; cmd maps to ctrl on non-mac; disabled on touch devices,switch calendar to week view,calendar.view-week,"hotkey_use (global keypress tracker, debounced for repeats)",calendar view switcher,preserve,parity: calendar.view.week,apps/web/src/features/calendar/use-calendar-hotkeys.ts,46,9f7a26bccb85e6f806a6e0c8d6c8e53f3a3541bf,expanded from VIEW_HOTKEYS loop (3 static)
calendar.view.month,Month view,m,calendar component scope,split -> global,override,,,suppressed-when-input-focused,browser; cmd maps to ctrl on non-mac; disabled on touch devices,switch calendar to month view,calendar.view-month,"hotkey_use (global keypress tracker, debounced for repeats)",calendar view switcher,preserve,parity: calendar.view.month,apps/web/src/features/calendar/use-calendar-hotkeys.ts,46,9f7a26bccb85e6f806a6e0c8d6c8e53f3a3541bf,expanded from VIEW_HOTKEYS loop (3 static)
calendar.previous-period,Previous period,p,calendar component scope,split -> global,override,,,suppressed-when-input-focused,browser; cmd maps to ctrl on non-mac; disabled on touch devices,navigate to previous period,calendar.previous,"hotkey_use (global keypress tracker, debounced for repeats)",command menu (Cmd+K) lists it,preserve,parity: calendar.previous-period,apps/web/src/features/calendar/use-calendar-hotkeys.ts,60,9f7a26bccb85e6f806a6e0c8d6c8e53f3a3541bf,
calendar.next-period,Next period,n,calendar component scope,split -> global,override,,,suppressed-when-input-focused,browser; cmd maps to ctrl on non-mac; disabled on touch devices,navigate to next period,calendar.next,"hotkey_use (global keypress tracker, debounced for repeats)",command menu (Cmd+K) lists it,preserve,parity: calendar.next-period,apps/web/src/features/calendar/use-calendar-hotkeys.ts,73,9f7a26bccb85e6f806a6e0c8d6c8e53f3a3541bf,
calendar.today,Go to today,t,calendar component scope,split -> global,override,,,suppressed-when-input-focused,browser; cmd maps to ctrl on non-mac; disabled on touch devices,jump to today,calendar.today,"hotkey_use (global keypress tracker, debounced for repeats)",command menu (Cmd+K) lists it,preserve,parity: calendar.today,apps/web/src/features/calendar/use-calendar-hotkeys.ts,86,9f7a26bccb85e6f806a6e0c8d6c8e53f3a3541bf,
channel.previous-message,Previous message,arrowup,channel-messages DOM scope,channel block -> split -> global,override,,,suppressed-when-input-focused,browser; cmd maps to ctrl on non-mac; disabled on touch devices,select previous message and scroll to it,channel.select-previous,"hotkey_use (global keypress tracker, debounced for repeats)",command menu (Cmd+K) lists it,preserve,parity: channel.previous-message,apps/web/src/features/channel/Channel/create-channel-hotkeys.ts,68,9f7a26bccb85e6f806a6e0c8d6c8e53f3a3541bf,
channel.next-message,Next message,arrowdown,channel-messages DOM scope,channel block -> split -> global,override,,,suppressed-when-input-focused,browser; cmd maps to ctrl on non-mac; disabled on touch devices,select next message; past the end focuses the input,channel.select-next,"hotkey_use (global keypress tracker, debounced for repeats)",command menu (Cmd+K) lists it,preserve,parity: channel.next-message,apps/web/src/features/channel/Channel/create-channel-hotkeys.ts,83,9f7a26bccb85e6f806a6e0c8d6c8e53f3a3541bf,
channel.go-to-latest,Go to latest message,shift+g,channel-messages DOM scope,channel block -> split -> global,override,,,suppressed-when-input-focused,browser; cmd maps to ctrl on non-mac; disabled on touch devices,clear selection and scroll to bottom,channel.go-to-latest,"hotkey_use (global keypress tracker, debounced for repeats)",command menu (Cmd+K) lists it,preserve,parity: channel.go-to-latest,apps/web/src/features/channel/Channel/create-channel-hotkeys.ts,100,9f7a26bccb85e6f806a6e0c8d6c8e53f3a3541bf,
channel.reply,Reply to message,enter,channel-messages DOM scope,channel block -> split -> global,override,has selection and not editing,,suppressed-when-input-focused,browser; cmd maps to ctrl on non-mac; disabled on touch devices,invoke reply action on selected message,channel.reply,"hotkey_use (global keypress tracker, debounced for repeats)",command menu (Cmd+K) lists it,preserve,parity: channel.reply,apps/web/src/features/channel/Channel/create-channel-hotkeys.ts,112,9f7a26bccb85e6f806a6e0c8d6c8e53f3a3541bf,
channel.edit-message,Edit message,e,channel-messages DOM scope,channel block -> split -> global,override,selection is own message and not editing,,suppressed-when-input-focused,browser; cmd maps to ctrl on non-mac; disabled on touch devices,invoke edit action on selected own message,channel.edit-message,"hotkey_use (global keypress tracker, debounced for repeats)",command menu (Cmd+K) lists it,preserve,parity: channel.edit-message,apps/web/src/features/channel/Channel/create-channel-hotkeys.ts,127,9f7a26bccb85e6f806a6e0c8d6c8e53f3a3541bf,
channel.delete-message,Delete message,backspace,channel-messages DOM scope,channel block -> split -> global,override,selection is own or bot message and not editing,,suppressed-when-input-focused,browser; cmd maps to ctrl on non-mac; disabled on touch devices,invoke delete on selected own/bot message,channel.delete-message,"hotkey_use (global keypress tracker, debounced for repeats)",command menu (Cmd+K) lists it,preserve,parity: channel.delete-message,apps/web/src/features/channel/Channel/create-channel-hotkeys.ts,150,9f7a26bccb85e6f806a6e0c8d6c8e53f3a3541bf,
channel.clear-selection,Clear selection,escape,channel-messages DOM scope,channel block -> split -> global,override,has selection,,suppressed-when-input-focused,browser; cmd maps to ctrl on non-mac; disabled on touch devices,clear message selection,channel.clear-selection,"hotkey_use (global keypress tracker, debounced for repeats)",command menu (Cmd+K) lists it,preserve,parity: channel.clear-selection,apps/web/src/features/channel/Channel/create-channel-hotkeys.ts,174,9f7a26bccb85e6f806a6e0c8d6c8e53f3a3541bf,
channel.input-arrowup-select-last,Select last message,arrowup,channel-input DOM scope,channel block -> split -> global,override,input empty,,runs-with-input-focused,browser; cmd maps to ctrl on non-mac; disabled on touch devices,"from empty input, select previous (last) message and focus the list",channel.input-select-last,"hotkey_use (global keypress tracker, debounced for repeats)",command menu (Cmd+K) lists it,preserve,parity: channel.input-arrowup-select-last,apps/web/src/features/channel/Channel/create-channel-hotkeys.ts,186,9f7a26bccb85e6f806a6e0c8d6c8e53f3a3541bf,
channel.find,Find in channel,cmd+f,channel-messages DOM scope,channel block -> split -> global,override,,,runs-with-input-focused,browser; cmd maps to ctrl on non-mac; disabled on touch devices,open the channel find bar,channel.find,"hotkey_use (global keypress tracker, debounced for repeats)",command menu (Cmd+K) lists it,preserve,parity: channel.find,apps/web/src/features/channel/Channel/create-channel-hotkeys.ts,205,9f7a26bccb85e6f806a6e0c8d6c8e53f3a3541bf,expanded from 2-scope loop (message list + input scopes)
channel.find-input,Find in channel,cmd+f,channel-input DOM scope,channel block -> split -> global,override,,,runs-with-input-focused,browser; cmd maps to ctrl on non-mac; disabled on touch devices,open the channel find bar,channel.find,"hotkey_use (global keypress tracker, debounced for repeats)",command menu (Cmd+K) lists it,preserve,parity: channel.find-input,apps/web/src/features/channel/Channel/create-channel-hotkeys.ts,205,9f7a26bccb85e6f806a6e0c8d6c8e53f3a3541bf,expanded from 2-scope loop (message list + input scopes)
thread.enter,Enter thread,arrowright,channel-messages DOM scope (thread registrations),channel block -> split -> global,registrationType=add; handlerPriority=HIGH(3),thread row selected and has replies,,suppressed-when-input-focused,browser; cmd maps to ctrl on non-mac; disabled on touch devices,expand thread and select first reply,thread.enter,"hotkey_use (global keypress tracker, debounced for repeats)",command menu (Cmd+K) lists it,preserve,parity: thread.enter,apps/web/src/features/channel/Thread/create-thread-hotkeys.ts,78,9f7a26bccb85e6f806a6e0c8d6c8e53f3a3541bf,Registered per thread row with 'add' + high priority so thread handlers outrank base channel handlers on the same keys; conditions gate to the focused thread.
thread.previous-reply,Previous reply,arrowup,channel-messages DOM scope (thread registrations),channel block -> split -> global,registrationType=add; handlerPriority=HIGH(3),thread focused and expanded,,suppressed-when-input-focused,browser; cmd maps to ctrl on non-mac; disabled on touch devices,"select previous reply, clearing selection past the top",thread.previous-reply,"hotkey_use (global keypress tracker, debounced for repeats)",command menu (Cmd+K) lists it,preserve,parity: thread.previous-reply,apps/web/src/features/channel/Thread/create-thread-hotkeys.ts,96,9f7a26bccb85e6f806a6e0c8d6c8e53f3a3541bf,Registered per thread row with 'add' + high priority so thread handlers outrank base channel handlers on the same keys; conditions gate to the focused thread.
thread.next-reply,Next reply,arrowdown,channel-messages DOM scope (thread registrations),channel block -> split -> global,registrationType=add; handlerPriority=HIGH(3),thread focused and expanded,,suppressed-when-input-focused,browser; cmd maps to ctrl on non-mac; disabled on touch devices,select next reply,thread.next-reply,"hotkey_use (global keypress tracker, debounced for repeats)",command menu (Cmd+K) lists it,preserve,parity: thread.next-reply,apps/web/src/features/channel/Thread/create-thread-hotkeys.ts,116,9f7a26bccb85e6f806a6e0c8d6c8e53f3a3541bf,Registered per thread row with 'add' + high priority so thread handlers outrank base channel handlers on the same keys; conditions gate to the focused thread.
thread.collapse,Collapse thread,arrowleft,channel-messages DOM scope (thread registrations),channel block -> split -> global,registrationType=add; handlerPriority=HIGH(3),thread focused and expanded,,suppressed-when-input-focused,browser; cmd maps to ctrl on non-mac; disabled on touch devices,collapse thread and clear reply selection,thread.collapse,"hotkey_use (global keypress tracker, debounced for repeats)",command menu (Cmd+K) lists it,preserve,parity: thread.collapse,apps/web/src/features/channel/Thread/create-thread-hotkeys.ts,135,9f7a26bccb85e6f806a6e0c8d6c8e53f3a3541bf,Registered per thread row with 'add' + high priority so thread handlers outrank base channel handlers on the same keys; conditions gate to the focused thread.
thread.exit,Exit thread,escape,channel-messages DOM scope (thread registrations),channel block -> split -> global,registrationType=add; handlerPriority=HIGH(3),thread focused,,suppressed-when-input-focused,browser; cmd maps to ctrl on non-mac; disabled on touch devices,clear reply selection,thread.exit,"hotkey_use (global keypress tracker, debounced for repeats)",command menu (Cmd+K) lists it,preserve,parity: thread.exit,apps/web/src/features/channel/Thread/create-thread-hotkeys.ts,150,9f7a26bccb85e6f806a6e0c8d6c8e53f3a3541bf,Registered per thread row with 'add' + high priority so thread handlers outrank base channel handlers on the same keys; conditions gate to the focused thread.
thread.reply,Reply to thread,enter,channel-messages DOM scope (thread registrations),channel block -> split -> global,registrationType=add; handlerPriority=HIGH(3),thread focused and not editing,,suppressed-when-input-focused,browser; cmd maps to ctrl on non-mac; disabled on touch devices,invoke reply on parent message,thread.reply,"hotkey_use (global keypress tracker, debounced for repeats)",command menu (Cmd+K) lists it,preserve,parity: thread.reply,apps/web/src/features/channel/Thread/create-thread-hotkeys.ts,164,9f7a26bccb85e6f806a6e0c8d6c8e53f3a3541bf,Registered per thread row with 'add' + high priority so thread handlers outrank base channel handlers on the same keys; conditions gate to the focused thread.
thread.edit-reply,Edit reply,e,channel-messages DOM scope (thread registrations),channel block -> split -> global,registrationType=add; handlerPriority=HIGH(3),selected reply is own and not editing,,suppressed-when-input-focused,browser; cmd maps to ctrl on non-mac; disabled on touch devices,edit selected own reply,thread.edit-reply,"hotkey_use (global keypress tracker, debounced for repeats)",command menu (Cmd+K) lists it,preserve,parity: thread.edit-reply,apps/web/src/features/channel/Thread/create-thread-hotkeys.ts,184,9f7a26bccb85e6f806a6e0c8d6c8e53f3a3541bf,Registered per thread row with 'add' + high priority so thread handlers outrank base channel handlers on the same keys; conditions gate to the focused thread.
thread.delete-reply,Delete reply,backspace,channel-messages DOM scope (thread registrations),channel block -> split -> global,registrationType=add; handlerPriority=HIGH(3),selected reply own/bot and not editing,,suppressed-when-input-focused,browser; cmd maps to ctrl on non-mac; disabled on touch devices,delete selected own/bot reply,thread.delete-reply,"hotkey_use (global keypress tracker, debounced for repeats)",command menu (Cmd+K) lists it,preserve,parity: thread.delete-reply,apps/web/src/features/channel/Thread/create-thread-hotkeys.ts,214,9f7a26bccb85e6f806a6e0c8d6c8e53f3a3541bf,Registered per thread row with 'add' + high priority so thread handlers outrank base channel handlers on the same keys; conditions gate to the focused thread.
thread.cancel-reply,Cancel reply,escape,channel-reply-input DOM scope,channel block -> split -> global,registrationType=add; handlerPriority=HIGH(3),,,runs-with-input-focused,browser; cmd maps to ctrl on non-mac; disabled on touch devices,close the reply input,thread.cancel-reply,"hotkey_use (global keypress tracker, debounced for repeats)",command menu (Cmd+K) lists it,preserve,parity: thread.cancel-reply,apps/web/src/features/channel/Thread/create-thread-hotkeys.ts,249,9f7a26bccb85e6f806a6e0c8d6c8e53f3a3541bf,Registered per thread row with 'add' + high priority so thread handlers outrank base channel handlers on the same keys; conditions gate to the focused thread.
channel.discard-edit,Discard edit,escape,message-editor DOM scope,channel block -> split -> global,override,,,runs-with-input-focused,browser; cmd maps to ctrl on non-mac; disabled on touch devices,cancel inline message edit,channel.discard-edit,"hotkey_use (global keypress tracker, debounced for repeats)",command menu (Cmd+K) lists it,preserve,parity: channel.discard-edit,apps/web/src/features/channel/Channel/InlineMessageEditor.tsx,44,9f7a26bccb85e6f806a6e0c8d6c8e53f3a3541bf,
channel.input-escape-guard,block escape from moving up scope,escape,channel-input-intercept DOM scope,channel block -> split -> global,override,,hide=true,runs-with-input-focused,browser; cmd maps to ctrl on non-mac; disabled on touch devices,swallow escape while an inline mention/emoji menu is open so upstream escape handlers don't fire,channel.input-escape-guard,"hotkey_use (global keypress tracker, debounced for repeats)",command menu (Cmd+K) lists it,preserve,parity: channel.input-escape-guard,apps/web/src/features/channel/Input/ChannelInput.tsx,392,9f7a26bccb85e6f806a6e0c8d6c8e53f3a3541bf,pure guard command - hidden from all UI but executable
channel.task-composer.create,Create task and send,cmd+enter,channel-input-task-composer DOM scope (detached),(detached),override,,,runs-with-input-focused,browser; cmd maps to ctrl on non-mac; disabled on touch devices,create task from composer and send message referencing it,channel.create-task-send,"hotkey_use (global keypress tracker, debounced for repeats)",command menu (Cmd+K) lists it,preserve,parity: channel.task-composer.create,apps/web/src/features/channel/Input/TaskComposer.tsx,212,9f7a26bccb85e6f806a6e0c8d6c8e53f3a3541bf,
chat.focus-input,Focus AI chat,cmd+j,split panel DOM scope,global,override,,,suppressed-when-input-focused,browser; cmd maps to ctrl on non-mac; disabled on touch devices,focus the soup AI chat input editor,chat.focus-input,"hotkey_use (global keypress tracker, debounced for repeats)",command menu (Cmd+K) lists it,preserve,parity: chat.focus-input,apps/web/src/features/chat/SoupChatInput.tsx,57,9f7a26bccb85e6f806a6e0c8d6c8e53f3a3541bf,
chat.focus-input-enter,Focus Chat Input,enter,chat block scope,split -> global,override,,hide=true,suppressed-when-input-focused,browser; cmd maps to ctrl on non-mac; disabled on touch devices,focus the chat input editor,chat.focus-input,"hotkey_use (global keypress tracker, debounced for repeats)",command menu (Cmd+K) lists it,preserve,parity: chat.focus-input-enter,apps/web/src/features/block-chat/component/Chat.tsx,284,9f7a26bccb85e6f806a6e0c8d6c8e53f3a3541bf,registerScopeSignalHotkey - MISSED by mechanical scan
chat.stop-generation,Stop AI response,ctrl+c,chat block scope,split -> global,override,chat.isGenerating(),,suppressed-when-input-focused,browser; cmd maps to ctrl on non-mac; disabled on touch devices,stop the in-flight AI stream,chat.stop-generation,"hotkey_use (global keypress tracker, debounced for repeats)",command menu (Cmd+K) lists it,preserve,parity: chat.stop-generation,apps/web/src/features/block-chat/component/Chat.tsx,296,9f7a26bccb85e6f806a6e0c8d6c8e53f3a3541bf,registerScopeSignalHotkey - MISSED by mechanical scan; ctrl (not cmd) on all platforms
home.focus-chat-input,Focus Chat Input,enter,split panel DOM scope (home),global,override,,hide=true,suppressed-when-input-focused,browser; cmd maps to ctrl on non-mac; disabled on touch devices,focus home chat input editor,home.focus-chat-input,"hotkey_use (global keypress tracker, debounced for repeats)",command menu (Cmd+K) lists it,preserve,parity: home.focus-chat-input,apps/web/src/features/home/home.tsx,205,9f7a26bccb85e6f806a6e0c8d6c8e53f3a3541bf,
entity.move-to-project.down,Down,arrowdown,move-to-project DOM scope (detached),(detached),override,,,runs-with-input-focused,browser; cmd maps to ctrl on non-mac; disabled on touch devices,move focus down project tree list,entity.move-to-project.down,"hotkey_use (global keypress tracker, debounced for repeats)",command menu (Cmd+K) lists it,preserve,parity: entity.move-to-project.down,apps/web/src/features/entity/entity-modal/MoveToProjectView.tsx,53,9f7a26bccb85e6f806a6e0c8d6c8e53f3a3541bf,
entity.move-to-project.up,Up,arrowup,move-to-project DOM scope (detached),(detached),override,,,runs-with-input-focused,browser; cmd maps to ctrl on non-mac; disabled on touch devices,move focus up project tree list,entity.move-to-project.up,"hotkey_use (global keypress tracker, debounced for repeats)",command menu (Cmd+K) lists it,preserve,parity: entity.move-to-project.up,apps/web/src/features/entity/entity-modal/MoveToProjectView.tsx,82,9f7a26bccb85e6f806a6e0c8d6c8e53f3a3541bf,
entity.move-to-project.expand,Expand,arrowright,move-to-project DOM scope (detached),(detached),override,,,runs-with-input-focused,browser; cmd maps to ctrl on non-mac; disabled on touch devices,expand focused project or jump to first child (disabled while searching),entity.move-to-project.expand,"hotkey_use (global keypress tracker, debounced for repeats)",command menu (Cmd+K) lists it,preserve,parity: entity.move-to-project.expand,apps/web/src/features/entity/entity-modal/MoveToProjectView.tsx,111,9f7a26bccb85e6f806a6e0c8d6c8e53f3a3541bf,
entity.move-to-project.collapse,Collapse,arrowleft,move-to-project DOM scope (detached),(detached),override,,,runs-with-input-focused,browser; cmd maps to ctrl on non-mac; disabled on touch devices,collapse focused project or jump to parent (disabled while searching),entity.move-to-project.collapse,"hotkey_use (global keypress tracker, debounced for repeats)",command menu (Cmd+K) lists it,preserve,parity: entity.move-to-project.collapse,apps/web/src/features/entity/entity-modal/MoveToProjectView.tsx,156,9f7a26bccb85e6f806a6e0c8d6c8e53f3a3541bf,
entity.bulk-move-to-project.down,Down,arrowdown | ctrl+j,move-to-project DOM scope (detached),(detached),override,,,runs-with-input-focused,browser; cmd maps to ctrl on non-mac; disabled on touch devices,move focus down project tree list,entity.bulk-move-to-project.down,"hotkey_use (global keypress tracker, debounced for repeats)",command menu (Cmd+K) lists it,preserve,parity: entity.bulk-move-to-project.down,apps/web/src/features/entity/bulk-edit/BulkMoveToProjectView.tsx,58,9f7a26bccb85e6f806a6e0c8d6c8e53f3a3541bf,
entity.bulk-move-to-project.up,Up,arrowup | ctrl+k,move-to-project DOM scope (detached),(detached),override,,,runs-with-input-focused,browser; cmd maps to ctrl on non-mac; disabled on touch devices,move focus up project tree list,entity.bulk-move-to-project.up,"hotkey_use (global keypress tracker, debounced for repeats)",command menu (Cmd+K) lists it,preserve,parity: entity.bulk-move-to-project.up,apps/web/src/features/entity/bulk-edit/BulkMoveToProjectView.tsx,88,9f7a26bccb85e6f806a6e0c8d6c8e53f3a3541bf,
entity.bulk-move-to-project.expand,Expand,arrowright,move-to-project DOM scope (detached),(detached),override,,,runs-with-input-focused,browser; cmd maps to ctrl on non-mac; disabled on touch devices,expand focused project or jump to first child (disabled while searching),entity.bulk-move-to-project.expand,"hotkey_use (global keypress tracker, debounced for repeats)",command menu (Cmd+K) lists it,preserve,parity: entity.bulk-move-to-project.expand,apps/web/src/features/entity/bulk-edit/BulkMoveToProjectView.tsx,118,9f7a26bccb85e6f806a6e0c8d6c8e53f3a3541bf,
entity.bulk-move-to-project.collapse,Collapse,arrowleft,move-to-project DOM scope (detached),(detached),override,,,runs-with-input-focused,browser; cmd maps to ctrl on non-mac; disabled on touch devices,collapse focused project or jump to parent (disabled while searching),entity.bulk-move-to-project.collapse,"hotkey_use (global keypress tracker, debounced for repeats)",command menu (Cmd+K) lists it,preserve,parity: entity.bulk-move-to-project.collapse,apps/web/src/features/entity/bulk-edit/BulkMoveToProjectView.tsx,166,9f7a26bccb85e6f806a6e0c8d6c8e53f3a3541bf,
block-entity.mark-done,Mark done,e,block hotkey scope (per open block),split -> global,displayPriority=10; override; tag selection-modification,"split referredFrom is inbox|mail, entity resolvable, action allowed",,suppressed-when-input-focused,browser; cmd maps to ctrl on non-mac; disabled on touch devices,mark block entity done; in inbox/mail triage flow also advances to next list item,entity.mark-done,"hotkey_use (global keypress tracker, debounced for repeats)",command menu (Cmd+K) lists it,preserve,parity: block-entity.mark-done,apps/web/src/features/next-soup/actions/use-block-entity-commands.ts,176,9f7a26bccb85e6f806a6e0c8d6c8e53f3a3541bf,hotkey variant. Registered for the open block's own entity (quick-access or block-provided resolver).
block-entity.mark-done-menu,Mark done,(none - command menu only),block hotkey scope (per open block),split -> global,displayPriority=10; override; tag selection-modification,NOT inbox/mail referral; entity resolvable and action allowed,,suppressed-when-input-focused,browser; cmd maps to ctrl on non-mac; disabled on touch devices,mark done without advancing (non-triage contexts),entity.mark-done,"hotkey_use (global keypress tracker, debounced for repeats)",command menu (Cmd+K) lists it,preserve,parity: block-entity.mark-done-menu,apps/web/src/features/next-soup/actions/use-block-entity-commands.ts,193,9f7a26bccb85e6f806a6e0c8d6c8e53f3a3541bf,unkeyed twin of the 'e' registration so command stays in menu everywhere. Registered for the open block's own entity (quick-access or block-provided resolver).
block-entity.delete,Delete item,(none - command menu only),block hotkey scope (per open block),split -> global,displayPriority=10; override; tag selection-modification,entity resolvable and deletable,,suppressed-when-input-focused,browser; cmd maps to ctrl on non-mac; disabled on touch devices,delete the block's entity,entity.delete,"hotkey_use (global keypress tracker, debounced for repeats)",command menu (Cmd+K) lists it,preserve,parity: block-entity.delete,apps/web/src/features/next-soup/actions/use-block-entity-commands.ts,206,9f7a26bccb85e6f806a6e0c8d6c8e53f3a3541bf,unkeyed command-menu-only. Registered for the open block's own entity (quick-access or block-provided resolver).
block-entity.rename,Rename item,r,block hotkey scope (per open block),split -> global,displayPriority=10; override; tag selection-modification,entity resolvable and renamable,,suppressed-when-input-focused,browser; cmd maps to ctrl on non-mac; disabled on touch devices,open rename flow for block entity,entity.rename,"hotkey_use (global keypress tracker, debounced for repeats)",command menu (Cmd+K) lists it,preserve,parity: block-entity.rename,apps/web/src/features/next-soup/actions/use-block-entity-commands.ts,224,9f7a26bccb85e6f806a6e0c8d6c8e53f3a3541bf,Registered for the open block's own entity (quick-access or block-provided resolver).
block-entity.favorite,Favorite / Unfavorite,opt+f,block hotkey scope (per open block),split -> global,displayPriority=10; override; tag selection-modification,entity resolvable and favoritable,,suppressed-when-input-focused,browser; cmd maps to ctrl on non-mac; disabled on touch devices,toggle favorite for block entity (dynamic description),entity.toggle-favorite,"hotkey_use (global keypress tracker, debounced for repeats)",command menu (Cmd+K) lists it,preserve,parity: block-entity.favorite,apps/web/src/features/next-soup/actions/use-block-entity-commands.ts,245,9f7a26bccb85e6f806a6e0c8d6c8e53f3a3541bf,mac opt+f emits 'ƒ'; normalizeEventKeyPress maps it back (macOptionReverse map). Registered for the open block's own entity (quick-access or block-provided resolver).
block-entity.duplicate,Duplicate item,(none - command menu only),block hotkey scope (per open block),split -> global,displayPriority=10; override; tag selection-modification,entity resolvable and copyable,,suppressed-when-input-focused,browser; cmd maps to ctrl on non-mac; disabled on touch devices,duplicate block entity,entity.duplicate,"hotkey_use (global keypress tracker, debounced for repeats)",command menu (Cmd+K) lists it,preserve,parity: block-entity.duplicate,apps/web/src/features/next-soup/actions/use-block-entity-commands.ts,270,9f7a26bccb85e6f806a6e0c8d6c8e53f3a3541bf,unkeyed command-menu-only. Registered for the open block's own entity (quick-access or block-provided resolver).
block-entity.move-to-folder,Move to folder,m,block hotkey scope (per open block),split -> global,displayPriority=10; override; tag selection-modification,entity resolvable and movable,,suppressed-when-input-focused,browser; cmd maps to ctrl on non-mac; disabled on touch devices,open move-to-project dialog for block entity,entity.move-to-folder,"hotkey_use (global keypress tracker, debounced for repeats)",command menu (Cmd+K) lists it,preserve,parity: block-entity.move-to-folder,apps/web/src/features/next-soup/actions/use-block-entity-commands.ts,289,9f7a26bccb85e6f806a6e0c8d6c8e53f3a3541bf,Registered for the open block's own entity (quick-access or block-provided resolver).
block-entity.copy-link,Copy link,shift+cmd+c,block hotkey scope (per open block),split -> global,displayPriority=10; override; tag selection-modification,entity resolvable,,runs-with-input-focused,browser; cmd maps to ctrl on non-mac; disabled on touch devices,copy entity share link,entity.copy-link,"hotkey_use (global keypress tracker, debounced for repeats)",command menu (Cmd+K) lists it,preserve,parity: block-entity.copy-link,apps/web/src/features/next-soup/actions/use-block-entity-commands.ts,311,9f7a26bccb85e6f806a6e0c8d6c8e53f3a3541bf,Registered for the open block's own entity (quick-access or block-provided resolver).
block-entity.copy-branch-name,Copy branch name,shift+cmd+b,block hotkey scope (per open block),split -> global,displayPriority=10; override; tag selection-modification,entity resolvable and supports branch name,,suppressed-when-input-focused,browser; cmd maps to ctrl on non-mac; disabled on touch devices,copy git branch name for task entity,entity.copy-branch-name,"hotkey_use (global keypress tracker, debounced for repeats)",command menu (Cmd+K) lists it,preserve,parity: block-entity.copy-branch-name,apps/web/src/features/next-soup/actions/use-block-entity-commands.ts,333,9f7a26bccb85e6f806a6e0c8d6c8e53f3a3541bf,Registered for the open block's own entity (quick-access or block-provided resolver).
block-entity.copy-id,Copy ID,(none - command menu only),block hotkey scope (per open block),split -> global,displayPriority=10; override; tag selection-modification,,,suppressed-when-input-focused,browser; cmd maps to ctrl on non-mac; disabled on touch devices,copy the block's entity id (works even when quick-access can't resolve the entity),entity.copy-id,"hotkey_use (global keypress tracker, debounced for repeats)",command menu (Cmd+K) lists it,preserve,parity: block-entity.copy-id,apps/web/src/features/next-soup/actions/use-block-entity-commands.ts,360,9f7a26bccb85e6f806a6e0c8d6c8e53f3a3541bf,unkeyed; deliberately not gated on getEntity(). Registered for the open block's own entity (quick-access or block-provided resolver).
block-entity.remind-me,Remind me,h,block hotkey scope (per open block),split -> global,displayPriority=10; registrationType=add; tag selection-modification,"entity resolvable, remindable, and block is not a canvas",,suppressed-when-input-focused,browser; cmd maps to ctrl on non-mac; disabled on touch devices,open reminder composer for block entity,entity.create-reminder,"hotkey_use (global keypress tracker, debounced for repeats)",command menu (Cmd+K) lists it,preserve,parity: block-entity.remind-me,apps/web/src/features/next-soup/actions/use-block-entity-commands.ts,375,9f7a26bccb85e6f806a6e0c8d6c8e53f3a3541bf,"'add' so it coexists with canvas hand tool 'h' in same scope; canvas wins, see menu-only twin. Registered for the open block's own entity (quick-access or block-provided resolver)."
block-entity.remind-me-menu,Remind me,(none - command menu only),block hotkey scope (per open block),split -> global,displayPriority=10; override; tag selection-modification,block IS canvas; entity remindable,,suppressed-when-input-focused,browser; cmd maps to ctrl on non-mac; disabled on touch devices,reminder composer for canvas blocks (where 'h' is the hand tool),entity.create-reminder,"hotkey_use (global keypress tracker, debounced for repeats)",command menu (Cmd+K) lists it,preserve,parity: block-entity.remind-me-menu,apps/web/src/features/next-soup/actions/use-block-entity-commands.ts,393,9f7a26bccb85e6f806a6e0c8d6c8e53f3a3541bf,unkeyed twin. Registered for the open block's own entity (quick-access or block-provided resolver).
block-entity.properties,Open property editor,shift+cmd+o,block hotkey scope (per open block),split -> global,displayPriority=10; override; tag selection-modification,entity is a task,,suppressed-when-input-focused,browser; cmd maps to ctrl on non-mac; disabled on touch devices,open property selector for task entity,entity.open-properties,"hotkey_use (global keypress tracker, debounced for repeats)",command menu (Cmd+K) lists it,preserve,parity: block-entity.properties,apps/web/src/features/next-soup/actions/use-block-entity-commands.ts,407,9f7a26bccb85e6f806a6e0c8d6c8e53f3a3541bf,Registered for the open block's own entity (quick-access or block-provided resolver).
block-entity.tags,Tag item,t,block hotkey scope (per open block),split -> global,displayPriority=10; override; tag selection-modification,entity supports tags,,suppressed-when-input-focused,browser; cmd maps to ctrl on non-mac; disabled on touch devices,open tag editor for entity,entity.tag,"hotkey_use (global keypress tracker, debounced for repeats)",command menu (Cmd+K) lists it,preserve,parity: block-entity.tags,apps/web/src/features/next-soup/actions/use-block-entity-commands.ts,425,9f7a26bccb85e6f806a6e0c8d6c8e53f3a3541bf,Registered for the open block's own entity (quick-access or block-provided resolver).
block-entity.priority,Set priority,shift+cmd+p,block hotkey scope (per open block),split -> global,displayPriority=10; override; tag selection-modification,task entity and priority property exists,,suppressed-when-input-focused,browser; cmd maps to ctrl on non-mac; disabled on touch devices,open property editor directly on priority,entity.set-priority,"hotkey_use (global keypress tracker, debounced for repeats)",command menu (Cmd+K) lists it,preserve,parity: block-entity.priority,apps/web/src/features/next-soup/actions/use-block-entity-commands.ts,449,9f7a26bccb85e6f806a6e0c8d6c8e53f3a3541bf,Registered for the open block's own entity (quick-access or block-provided resolver).
block-entity.assignee,Set assignee,shift+cmd+a,block hotkey scope (per open block),split -> global,displayPriority=10; override; tag selection-modification,task entity and assignees property exists,,suppressed-when-input-focused,browser; cmd maps to ctrl on non-mac; disabled on touch devices,open property editor directly on assignees,entity.set-assignee,"hotkey_use (global keypress tracker, debounced for repeats)",command menu (Cmd+K) lists it,preserve,parity: block-entity.assignee,apps/web/src/features/next-soup/actions/use-block-entity-commands.ts,469,9f7a26bccb85e6f806a6e0c8d6c8e53f3a3541bf,Registered for the open block's own entity (quick-access or block-provided resolver).
block-entity.status,Set status,shift+cmd+s,block hotkey scope (per open block),split -> global,displayPriority=10; override; tag selection-modification,task entity and status property exists,,suppressed-when-input-focused,browser; cmd maps to ctrl on non-mac; disabled on touch devices,open property editor directly on status,entity.set-status,"hotkey_use (global keypress tracker, debounced for repeats)",command menu (Cmd+K) lists it,preserve,parity: block-entity.status,apps/web/src/features/next-soup/actions/use-block-entity-commands.ts,489,9f7a26bccb85e6f806a6e0c8d6c8e53f3a3541bf,collides with email compose 'Edit subject' shift+cmd+s only across different scopes (compose scope wins while focused). Registered for the open block's own entity (quick-access or block-provided resolver).
soup-entity.mark-done,Mark done,e,soup list scope (split panel scope),global,displayPriority=10; override; tag selection-modification,selection/focused rows resolvable and action allowed on all,,suppressed-when-input-focused,browser; cmd maps to ctrl on non-mac; disabled on touch devices,mark selected/focused entities done; advances to next entity in triage views,entity.mark-done,"hotkey_use (global keypress tracker, debounced for repeats)",command menu (Cmd+K) lists it,preserve,parity: soup-entity.mark-done,apps/web/src/features/next-soup/actions/use-entity-action-hotkeys.ts,164,9f7a26bccb85e6f806a6e0c8d6c8e53f3a3541bf,Not in hotkey group so blocks can reuse. Applies to multi-selection or focused row (fallback entity getter for block views).
soup-entity.mark-not-done,Mark as not done,shift+e,soup list scope (split panel scope),global,displayPriority=10; override; tag selection-modification,selection/focused rows resolvable and action allowed on all,,suppressed-when-input-focused,browser; cmd maps to ctrl on non-mac; disabled on touch devices,revert done state,entity.mark-not-done,"hotkey_use (global keypress tracker, debounced for repeats)",command menu (Cmd+K) lists it,preserve,parity: soup-entity.mark-not-done,apps/web/src/features/next-soup/actions/use-entity-action-hotkeys.ts,198,9f7a26bccb85e6f806a6e0c8d6c8e53f3a3541bf,Applies to multi-selection or focused row (fallback entity getter for block views).
soup-entity.mark-unread,Mark unread,u,soup list scope (split panel scope),global,displayPriority=9; override; tag selection-modification,selection/focused rows resolvable and action allowed on all,,suppressed-when-input-focused,browser; cmd maps to ctrl on non-mac; disabled on touch devices,mark selected unread,entity.mark-unread,"hotkey_use (global keypress tracker, debounced for repeats)",command menu (Cmd+K) lists it,preserve,parity: soup-entity.mark-unread,apps/web/src/features/next-soup/actions/use-entity-action-hotkeys.ts,232,9f7a26bccb85e6f806a6e0c8d6c8e53f3a3541bf,Applies to multi-selection or focused row (fallback entity getter for block views).
soup-entity.mark-read,Mark read,shift+u,soup list scope (split panel scope),global,displayPriority=9; override; tag selection-modification,selection/focused rows resolvable and action allowed on all,,suppressed-when-input-focused,browser; cmd maps to ctrl on non-mac; disabled on touch devices,mark selected read,entity.mark-read,"hotkey_use (global keypress tracker, debounced for repeats)",command menu (Cmd+K) lists it,preserve,parity: soup-entity.mark-read,apps/web/src/features/next-soup/actions/use-entity-action-hotkeys.ts,255,9f7a26bccb85e6f806a6e0c8d6c8e53f3a3541bf,Applies to multi-selection or focused row (fallback entity getter for block views).
soup-entity.delete,Delete,delete | backspace,soup list scope (split panel scope),global,displayPriority=10; override; tag selection-modification,selection/focused rows resolvable and action allowed on all,,suppressed-when-input-focused,browser; cmd maps to ctrl on non-mac; disabled on touch devices,delete selected entities (dynamic count description),entity.delete,"hotkey_use (global keypress tracker, debounced for repeats)",command menu (Cmd+K) lists it,preserve,parity: soup-entity.delete,apps/web/src/features/next-soup/actions/use-entity-action-hotkeys.ts,282,9f7a26bccb85e6f806a6e0c8d6c8e53f3a3541bf,Applies to multi-selection or focused row (fallback entity getter for block views).
soup-entity.rename,Rename,r,soup list scope (split panel scope),global,displayPriority=10; override; tag selection-modification,selection/focused rows resolvable and action allowed on all,,suppressed-when-input-focused,browser; cmd maps to ctrl on non-mac; disabled on touch devices,rename focused entity,entity.rename,"hotkey_use (global keypress tracker, debounced for repeats)",command menu (Cmd+K) lists it,preserve,parity: soup-entity.rename,apps/web/src/features/next-soup/actions/use-entity-action-hotkeys.ts,323,9f7a26bccb85e6f806a6e0c8d6c8e53f3a3541bf,Applies to multi-selection or focused row (fallback entity getter for block views).
soup-entity.favorite,Favorite / Unfavorite,opt+f,soup list scope (split panel scope),global,displayPriority=10; override; tag selection-modification,selection/focused rows resolvable and action allowed on all,,suppressed-when-input-focused,browser; cmd maps to ctrl on non-mac; disabled on touch devices,toggle favorite,entity.toggle-favorite,"hotkey_use (global keypress tracker, debounced for repeats)",command menu (Cmd+K) lists it,preserve,parity: soup-entity.favorite,apps/web/src/features/next-soup/actions/use-entity-action-hotkeys.ts,357,9f7a26bccb85e6f806a6e0c8d6c8e53f3a3541bf,Applies to multi-selection or focused row (fallback entity getter for block views).
soup-entity.duplicate,Duplicate,cmd+d,soup list scope (split panel scope),global,displayPriority=10; override; tag selection-modification,selection/focused rows resolvable and action allowed on all,,suppressed-when-input-focused,browser; cmd maps to ctrl on non-mac; disabled on touch devices,duplicate selected entities,entity.duplicate,"hotkey_use (global keypress tracker, debounced for repeats)",command menu (Cmd+K) lists it,preserve,parity: soup-entity.duplicate,apps/web/src/features/next-soup/actions/use-entity-action-hotkeys.ts,386,9f7a26bccb85e6f806a6e0c8d6c8e53f3a3541bf,Applies to multi-selection or focused row (fallback entity getter for block views).
soup-entity.move-to-folder,Move to folder,m,soup list scope (split panel scope),global,displayPriority=10; override; tag selection-modification,selection/focused rows resolvable and action allowed on all,,suppressed-when-input-focused,browser; cmd maps to ctrl on non-mac; disabled on touch devices,open move-to-project for selection,entity.move-to-folder,"hotkey_use (global keypress tracker, debounced for repeats)",command menu (Cmd+K) lists it,preserve,parity: soup-entity.move-to-folder,apps/web/src/features/next-soup/actions/use-entity-action-hotkeys.ts,412,9f7a26bccb85e6f806a6e0c8d6c8e53f3a3541bf,Applies to multi-selection or focused row (fallback entity getter for block views).
soup-entity.copy-link,Copy link,shift+cmd+c,soup list scope (split panel scope),global,displayPriority=10; override; tag selection-modification,selection/focused rows resolvable and action allowed on all,,suppressed-when-input-focused,browser; cmd maps to ctrl on non-mac; disabled on touch devices,copy share link,entity.copy-link,"hotkey_use (global keypress tracker, debounced for repeats)",command menu (Cmd+K) lists it,preserve,parity: soup-entity.copy-link,apps/web/src/features/next-soup/actions/use-entity-action-hotkeys.ts,440,9f7a26bccb85e6f806a6e0c8d6c8e53f3a3541bf,Applies to multi-selection or focused row (fallback entity getter for block views).
soup-entity.copy-branch-name,Copy branch name,shift+cmd+b,soup list scope (split panel scope),global,displayPriority=10; override; tag selection-modification,selection/focused rows resolvable and action allowed on all,,suppressed-when-input-focused,browser; cmd maps to ctrl on non-mac; disabled on touch devices,copy branch name (tasks),entity.copy-branch-name,"hotkey_use (global keypress tracker, debounced for repeats)",command menu (Cmd+K) lists it,preserve,parity: soup-entity.copy-branch-name,apps/web/src/features/next-soup/actions/use-entity-action-hotkeys.ts,462,9f7a26bccb85e6f806a6e0c8d6c8e53f3a3541bf,Applies to multi-selection or focused row (fallback entity getter for block views).
soup-entity.copy-id,Copy ID,(none - command menu only),soup list scope (split panel scope),global,displayPriority=10; override; tag selection-modification,selection/focused rows resolvable and action allowed on all,,suppressed-when-input-focused,browser; cmd maps to ctrl on non-mac; disabled on touch devices,copy entity id,entity.copy-id,"hotkey_use (global keypress tracker, debounced for repeats)",command menu (Cmd+K) lists it,preserve,parity: soup-entity.copy-id,apps/web/src/features/next-soup/actions/use-entity-action-hotkeys.ts,486,9f7a26bccb85e6f806a6e0c8d6c8e53f3a3541bf,unkeyed command-menu-only. Applies to multi-selection or focused row (fallback entity getter for block views).
soup-entity.remind-me,Remind me,h,soup list scope (split panel scope),global,displayPriority=10; registrationType=add; tag selection-modification,selection/focused rows resolvable and action allowed on all,,suppressed-when-input-focused,browser; cmd maps to ctrl on non-mac; disabled on touch devices,open reminder composer for selection,entity.create-reminder,"hotkey_use (global keypress tracker, debounced for repeats)",command menu (Cmd+K) lists it,preserve,parity: soup-entity.remind-me,apps/web/src/features/next-soup/actions/use-entity-action-hotkeys.ts,512,9f7a26bccb85e6f806a6e0c8d6c8e53f3a3541bf,'add' to coexist with soup-navigation 'h' collapse handler on same key (both run by priority until one captures). Applies to multi-selection or focused row (fallback entity getter for block views).
soup-entity.share,Share,(none - command menu only),soup list scope (split panel scope),global,displayPriority=10; override; tag selection-modification,entity type shareable,,suppressed-when-input-focused,browser; cmd maps to ctrl on non-mac; disabled on touch devices,open share dialog,entity.share,"hotkey_use (global keypress tracker, debounced for repeats)",command menu (Cmd+K) lists it,preserve,parity: soup-entity.share,apps/web/src/features/next-soup/actions/use-entity-action-hotkeys.ts,537,9f7a26bccb85e6f806a6e0c8d6c8e53f3a3541bf,unkeyed command-menu-only. Applies to multi-selection or focused row (fallback entity getter for block views).
soup-entity.properties,Open property editor,shift+cmd+o,soup list scope (split panel scope),global,displayPriority=10; override; tag selection-modification,selection/focused rows resolvable and action allowed on all,,suppressed-when-input-focused,browser; cmd maps to ctrl on non-mac; disabled on touch devices,open property selector for selected tasks,entity.open-properties,"hotkey_use (global keypress tracker, debounced for repeats)",command menu (Cmd+K) lists it,preserve,parity: soup-entity.properties,apps/web/src/features/next-soup/actions/use-entity-action-hotkeys.ts,558,9f7a26bccb85e6f806a6e0c8d6c8e53f3a3541bf,Applies to multi-selection or focused row (fallback entity getter for block views).
soup-entity.tags,Tag items,t,soup list scope (split panel scope),global,displayPriority=10; override; tag selection-modification,selection/focused rows resolvable and action allowed on all,,suppressed-when-input-focused,browser; cmd maps to ctrl on non-mac; disabled on touch devices,open tag editor for selection,entity.tag,"hotkey_use (global keypress tracker, debounced for repeats)",command menu (Cmd+K) lists it,preserve,parity: soup-entity.tags,apps/web/src/features/next-soup/actions/use-entity-action-hotkeys.ts,577,9f7a26bccb85e6f806a6e0c8d6c8e53f3a3541bf,Applies to multi-selection or focused row (fallback entity getter for block views).
soup-entity.priority,Set priority,shift+cmd+p,soup list scope (split panel scope),global,displayPriority=10; override; tag selection-modification,selection/focused rows resolvable and action allowed on all,,suppressed-when-input-focused,browser; cmd maps to ctrl on non-mac; disabled on touch devices,edit priority directly,entity.set-priority,"hotkey_use (global keypress tracker, debounced for repeats)",command menu (Cmd+K) lists it,preserve,parity: soup-entity.priority,apps/web/src/features/next-soup/actions/use-entity-action-hotkeys.ts,603,9f7a26bccb85e6f806a6e0c8d6c8e53f3a3541bf,Applies to multi-selection or focused row (fallback entity getter for block views).
soup-entity.assignee,Set assignee,shift+cmd+a,soup list scope (split panel scope),global,displayPriority=10; override; tag selection-modification,selection/focused rows resolvable and action allowed on all,,suppressed-when-input-focused,browser; cmd maps to ctrl on non-mac; disabled on touch devices,edit assignees directly,entity.set-assignee,"hotkey_use (global keypress tracker, debounced for repeats)",command menu (Cmd+K) lists it,preserve,parity: soup-entity.assignee,apps/web/src/features/next-soup/actions/use-entity-action-hotkeys.ts,626,9f7a26bccb85e6f806a6e0c8d6c8e53f3a3541bf,Applies to multi-selection or focused row (fallback entity getter for block views).
soup-entity.status,Set status,shift+cmd+s,soup list scope (split panel scope),global,displayPriority=10; override; tag selection-modification,selection/focused rows resolvable and action allowed on all,,suppressed-when-input-focused,browser; cmd maps to ctrl on non-mac; disabled on touch devices,edit status directly,entity.set-status,"hotkey_use (global keypress tracker, debounced for repeats)",command menu (Cmd+K) lists it,preserve,parity: soup-entity.status,apps/web/src/features/next-soup/actions/use-entity-action-hotkeys.ts,649,9f7a26bccb85e6f806a6e0c8d6c8e53f3a3541bf,Applies to multi-selection or focused row (fallback entity getter for block views).
soup-entity.company-stage,Set stage,(none - command menu only),soup list scope (split panel scope),global,displayPriority=10; override; tag selection-modification,all selected entities are CRM companies,,suppressed-when-input-focused,browser; cmd maps to ctrl on non-mac; disabled on touch devices,edit CRM company stage for selection,entity.set-company-stage,"hotkey_use (global keypress tracker, debounced for repeats)",command menu (Cmd+K) lists it,preserve,parity: soup-entity.company-stage,apps/web/src/features/next-soup/actions/use-entity-action-hotkeys.ts,681,9f7a26bccb85e6f806a6e0c8d6c8e53f3a3541bf,expanded from companyPropertyCommands loop (3 static); unkeyed command-menu-only. Applies to multi-selection or focused row (fallback entity getter for block views).
soup-entity.company-owner,Set owner,(none - command menu only),soup list scope (split panel scope),global,displayPriority=10; override; tag selection-modification,all selected entities are CRM companies,,suppressed-when-input-focused,browser; cmd maps to ctrl on non-mac; disabled on touch devices,edit CRM company owner for selection,entity.set-company-owner,"hotkey_use (global keypress tracker, debounced for repeats)",command menu (Cmd+K) lists it,preserve,parity: soup-entity.company-owner,apps/web/src/features/next-soup/actions/use-entity-action-hotkeys.ts,681,9f7a26bccb85e6f806a6e0c8d6c8e53f3a3541bf,expanded from companyPropertyCommands loop (3 static); unkeyed command-menu-only. Applies to multi-selection or focused row (fallback entity getter for block views).
soup-entity.company-revenue,Set revenue,(none - command menu only),soup list scope (split panel scope),global,displayPriority=10; override; tag selection-modification,all selected entities are CRM companies,,suppressed-when-input-focused,browser; cmd maps to ctrl on non-mac; disabled on touch devices,edit CRM company revenue for selection,entity.set-company-revenue,"hotkey_use (global keypress tracker, debounced for repeats)",command menu (Cmd+K) lists it,preserve,parity: soup-entity.company-revenue,apps/web/src/features/next-soup/actions/use-entity-action-hotkeys.ts,681,9f7a26bccb85e6f806a6e0c8d6c8e53f3a3541bf,expanded from companyPropertyCommands loop (3 static); unkeyed command-menu-only. Applies to multi-selection or focused row (fallback entity getter for block views).
soup.filter-by-type,Filter by type,f,split panel DOM scope (search view),global,override,,,suppressed-when-input-focused,browser; cmd maps to ctrl on non-mac; disabled on touch devices,open the type facet menu on the search filters row,soup.filter-by-type,"hotkey_use (global keypress tracker, debounced for repeats)",filter chips,preserve,parity: soup.filter-by-type,apps/web/src/features/next-soup/soup-view/filters-bar/search/search-filters-row.tsx,19,9f7a26bccb85e6f806a6e0c8d6c8e53f3a3541bf,
soup.sort,Open sort menu,s,split panel DOM scope (list views),global,override,,,suppressed-when-input-focused,browser; cmd maps to ctrl on non-mac; disabled on touch devices,open the sort dropdown,soup.open-sort,"hotkey_use (global keypress tracker, debounced for repeats)",sort button,preserve,parity: soup.sort,apps/web/src/features/next-soup/soup-view/filters-bar/soup-view-context-sort.tsx,28,9f7a26bccb85e6f806a6e0c8d6c8e53f3a3541bf,
soup.search-focus,Search,cmd+f,split panel DOM scope (search view),global,registrationType=add,,,runs-with-input-focused,browser; cmd maps to ctrl on non-mac; disabled on touch devices,focus the search bar editor and select-all its content,soup.focus-search,"hotkey_use (global keypress tracker, debounced for repeats)",command menu (Cmd+K) lists it,preserve,parity: soup.search-focus,apps/web/src/features/next-soup/soup-view/filters-bar/soup-view-search-bar.tsx,118,9f7a26bccb85e6f806a6e0c8d6c8e53f3a3541bf,'add' so it stacks with soup-view.tsx cmd+f on the same scope
soup.filter,Open filter menu,f,split panel DOM scope (list views),global,override,,,suppressed-when-input-focused,browser; cmd maps to ctrl on non-mac; disabled on touch devices,open unified filter dropdown,soup.open-filter,"hotkey_use (global keypress tracker, debounced for repeats)",filter button,preserve,parity: soup.filter,apps/web/src/features/next-soup/soup-view/filters-bar/unified-filter-dropdown.tsx,836,9f7a26bccb85e6f806a6e0c8d6c8e53f3a3541bf,same token TOKENS.soup.filter as search filters-row 'f' (different views)
soup.ask-ai,Ask AI,tab,split panel DOM scope (search view),global,override,,,runs-with-input-focused,browser; cmd maps to ctrl on non-mac; disabled on touch devices,send current search text to a new AI chat replacing the split,soup.ask-ai,"hotkey_use (global keypress tracker, debounced for repeats)",Ask AI button,preserve,parity: soup.ask-ai,apps/web/src/features/next-soup/soup-view/search-ask-ai-button.tsx,32,9f7a26bccb85e6f806a6e0c8d6c8e53f3a3541bf,shadows soup tab-switch 'tab' in search view
soup.expand-search,Search (expand collapsed bar),cmd+f,split panel DOM scope (list views),global,registrationType=add,,,suppressed-when-input-focused,browser; cmd maps to ctrl on non-mac; disabled on touch devices,expand collapsed/narrow search UI (mobile opens search sheet),soup.expand-search,"hotkey_use (global keypress tracker, debounced for repeats)",command menu (Cmd+K) lists it,preserve,parity: soup.expand-search,apps/web/src/features/next-soup/soup-view/soup-view.tsx,507,9f7a26bccb85e6f806a6e0c8d6c8e53f3a3541bf,'add' stacking with search-bar cmd+f; returns false when already expanded so other handler runs
soup-nav.down-j,Down,j,soup list scope (split panel scope),global,override,split is component/project view or referred from inbox/mail,hide=true,suppressed-when-input-focused,browser; cmd maps to ctrl on non-mac; disabled on touch devices,"navigate to next openable entity, open it in split, prefetch next page near end",soup.navigate-down,"hotkey_use (global keypress tracker, debounced for repeats)",command menu (Cmd+K) lists it,preserve,parity: soup-nav.down-j,apps/web/src/features/next-soup/soup-view/use-soup-navigation-hotkeys.ts,262,9f7a26bccb85e6f806a6e0c8d6c8e53f3a3541bf,deliberately NOT disposed with list: stays on split scope so j/k keep driving the originating list after opening an entity
soup-nav.down-arrow,Down,arrowdown,soup list scope (split panel scope),global,override,,hide=true,suppressed-when-input-focused,browser; cmd maps to ctrl on non-mac; disabled on touch devices,same as j,soup.navigate-down,"hotkey_use (global keypress tracker, debounced for repeats)",command menu (Cmd+K) lists it,preserve,parity: soup-nav.down-arrow,apps/web/src/features/next-soup/soup-view/use-soup-navigation-hotkeys.ts,272,9f7a26bccb85e6f806a6e0c8d6c8e53f3a3541bf,disposed with the list (grouped)
soup-nav.up-k,Up,k,soup list scope (split panel scope),global,override,split is component/project view or referred from inbox/mail,hide=true,suppressed-when-input-focused,browser; cmd maps to ctrl on non-mac; disabled on touch devices,navigate to previous entity and open it,soup.navigate-up,"hotkey_use (global keypress tracker, debounced for repeats)",command menu (Cmd+K) lists it,preserve,parity: soup-nav.up-k,apps/web/src/features/next-soup/soup-view/use-soup-navigation-hotkeys.ts,283,9f7a26bccb85e6f806a6e0c8d6c8e53f3a3541bf,same persistent-registration behavior as j
soup-nav.up-arrow,Up,arrowup,soup list scope (split panel scope),global,override,,hide=true,suppressed-when-input-focused,browser; cmd maps to ctrl on non-mac; disabled on touch devices,same as k,soup.navigate-up,"hotkey_use (global keypress tracker, debounced for repeats)",command menu (Cmd+K) lists it,preserve,parity: soup-nav.up-arrow,apps/web/src/features/next-soup/soup-view/use-soup-navigation-hotkeys.ts,293,9f7a26bccb85e6f806a6e0c8d6c8e53f3a3541bf,
soup-nav.select-up,Select up,shift+arrowup | shift+k,soup list scope (split panel scope),global,override,,hide=true,suppressed-when-input-focused,browser; cmd maps to ctrl on non-mac; disabled on touch devices,extend selection upward while navigating,soup.select-up,"hotkey_use (global keypress tracker, debounced for repeats)",command menu (Cmd+K) lists it,preserve,parity: soup-nav.select-up,apps/web/src/features/next-soup/soup-view/use-soup-navigation-hotkeys.ts,302,9f7a26bccb85e6f806a6e0c8d6c8e53f3a3541bf,
soup-nav.select-down,Select down,shift+arrowdown | shift+j,soup list scope (split panel scope),global,override,,hide=true,suppressed-when-input-focused,browser; cmd maps to ctrl on non-mac; disabled on touch devices,extend selection downward,soup.select-down,"hotkey_use (global keypress tracker, debounced for repeats)",command menu (Cmd+K) lists it,preserve,parity: soup-nav.select-down,apps/web/src/features/next-soup/soup-view/use-soup-navigation-hotkeys.ts,314,9f7a26bccb85e6f806a6e0c8d6c8e53f3a3541bf,
soup-nav.collapse,Collapse item,h | arrowleft,soup list scope (split panel scope),global,registrationType=add; handlerPriority=4,,hide=true,suppressed-when-input-focused,browser; cmd maps to ctrl on non-mac; disabled on touch devices,"collapse focused group header / collapsible row, or jump to parent group header",soup.collapse-item,"hotkey_use (global keypress tracker, debounced for repeats)",command menu (Cmd+K) lists it,preserve,parity: soup-nav.collapse,apps/web/src/features/next-soup/soup-view/use-soup-navigation-hotkeys.ts,352,9f7a26bccb85e6f806a6e0c8d6c8e53f3a3541bf,handlerPriority 4 outranks reminder 'h' (default 0) when both apply; returns false to fall through when nothing collapsible
soup-nav.expand,Expand item,l | arrowright,soup list scope (split panel scope),global,registrationType=add; handlerPriority=4,,hide=true,suppressed-when-input-focused,browser; cmd maps to ctrl on non-mac; disabled on touch devices,expand focused group header / collapsible row,soup.expand-item,"hotkey_use (global keypress tracker, debounced for repeats)",command menu (Cmd+K) lists it,preserve,parity: soup-nav.expand,apps/web/src/features/next-soup/soup-view/use-soup-navigation-hotkeys.ts,383,9f7a26bccb85e6f806a6e0c8d6c8e53f3a3541bf,
soup.jump-top,Go to top of list,home,soup list scope (split panel scope),global,override,,hide=true,suppressed-when-input-focused,browser; cmd maps to ctrl on non-mac; disabled on touch devices,focus and scroll to first row,soup.jump-top,"hotkey_use (global keypress tracker, debounced for repeats)",command menu (Cmd+K) lists it,preserve,parity: soup.jump-top,apps/web/src/features/next-soup/soup-view/use-soup-view-hotkeys.ts,74,9f7a26bccb85e6f806a6e0c8d6c8e53f3a3541bf,
soup.jump-top-gg,Go to top of list (g g),g g,command-scope-go-to,global (leader 'g'),registrationType=add,this soup's scope is in the active branch,,suppressed-when-input-focused,browser; cmd maps to ctrl on non-mac; disabled on touch devices,same via GO_TO leader scope,soup.jump-top,"hotkey_use (global keypress tracker, debounced for repeats)",command menu (Cmd+K) lists it,preserve,parity: soup.jump-top-gg,apps/web/src/features/next-soup/soup-view/use-soup-view-hotkeys.ts,91,9f7a26bccb85e6f806a6e0c8d6c8e53f3a3541bf,"registered in command-scope-go-to, one per mounted soup list; condition picks the focused one"
soup.jump-bottom,Go to bottom of list,shift+g | end,soup list scope (split panel scope),global,override,,hide=true,suppressed-when-input-focused,browser; cmd maps to ctrl on non-mac; disabled on touch devices,focus and scroll to last row,soup.jump-bottom,"hotkey_use (global keypress tracker, debounced for repeats)",command menu (Cmd+K) lists it,preserve,parity: soup.jump-bottom,apps/web/src/features/next-soup/soup-view/use-soup-view-hotkeys.ts,107,9f7a26bccb85e6f806a6e0c8d6c8e53f3a3541bf,
soup.open,Open,enter,soup list scope (split panel scope),global,displayPriority=4; override,,hide=true,suppressed-when-input-focused,browser; cmd maps to ctrl on non-mac; disabled on touch devices,open focused entity in split; toggles group headers; load-more rows fetch; channel rows open single-stack notification,soup.open-focused,"hotkey_use (global keypress tracker, debounced for repeats)",command menu (Cmd+K) lists it,preserve,parity: soup.open,apps/web/src/features/next-soup/soup-view/use-soup-view-hotkeys.ts,142,9f7a26bccb85e6f806a6e0c8d6c8e53f3a3541bf,
soup.focus-preview,Focus Preview,cmd+enter,soup list scope (split panel scope),global,displayPriority=4; override,split is a preview controller,,suppressed-when-input-focused,browser; cmd maps to ctrl on non-mac; disabled on touch devices,activate the paired preview viewer split,soup.focus-preview,"hotkey_use (global keypress tracker, debounced for repeats)",command menu (Cmd+K) lists it,preserve,parity: soup.focus-preview,apps/web/src/features/next-soup/soup-view/use-soup-view-hotkeys.ts,194,9f7a26bccb85e6f806a6e0c8d6c8e53f3a3541bf,
soup.open-replace-preview,Open to replace preview,opt+enter,soup list scope (split panel scope),global,override,controller split with focused row,hide=true,suppressed-when-input-focused,browser; cmd maps to ctrl on non-mac; disabled on touch devices,open focused entity replacing the whole preview pair,soup.open-replace-preview,"hotkey_use (global keypress tracker, debounced for repeats)",command menu (Cmd+K) lists it,preserve,parity: soup.open-replace-preview,apps/web/src/features/next-soup/soup-view/use-soup-view-hotkeys.ts,213,9f7a26bccb85e6f806a6e0c8d6c8e53f3a3541bf,
soup.toggle-select,Toggle select item,x,soup list scope (split panel scope),global,displayPriority=10; override,,,suppressed-when-input-focused,browser; cmd maps to ctrl on non-mac; disabled on touch devices,toggle multi-select on focused row,soup.toggle-select,"hotkey_use (global keypress tracker, debounced for repeats)",command menu (Cmd+K) lists it,preserve,parity: soup.toggle-select,apps/web/src/features/next-soup/soup-view/use-soup-view-hotkeys.ts,234,9f7a26bccb85e6f806a6e0c8d6c8e53f3a3541bf,
soup.select-all,Toggle select all,cmd+a,soup list scope (split panel scope),global,displayPriority=10; override,,,suppressed-when-input-focused,browser; cmd maps to ctrl on non-mac; disabled on touch devices,select/clear all rows,soup.toggle-select-all,"hotkey_use (global keypress tracker, debounced for repeats)",command menu (Cmd+K) lists it,preserve,parity: soup.select-all,apps/web/src/features/next-soup/soup-view/use-soup-view-hotkeys.ts,248,9f7a26bccb85e6f806a6e0c8d6c8e53f3a3541bf,
soup.command-menu,Open command menu (selection-aware),cmd+k,soup list scope (split panel scope),global,displayPriority=10; override,CommandState not open,hidden while menu open,runs-with-input-focused,browser; cmd maps to ctrl on non-mac; disabled on touch devices,with multi-selection open command menu in entity-action mode (selection preview + selection-modification commands); else normal toggle,soup.command-menu,"hotkey_use (global keypress tracker, debounced for repeats)",command menu (Cmd+K) lists it,preserve,parity: soup.command-menu,apps/web/src/features/next-soup/soup-view/use-soup-view-hotkeys.ts,269,9f7a26bccb85e6f806a6e0c8d6c8e53f3a3541bf,shadows global cmd+k while soup scope active; telemetry command_menu_open{from:soup_view_entity_action|soup_view}; leftover console.log('## CMD K - soup view')
soup.escape-multi,Clear multi selection / Close spotlight,escape,soup list scope (split panel scope),global,override,"selection>0 in unified list, or split spotlighted",,suppressed-when-input-focused,browser; cmd maps to ctrl on non-mac; disabled on touch devices,"clear selection when any, else close spotlight",soup.escape,"hotkey_use (global keypress tracker, debounced for repeats)",command menu (Cmd+K) lists it,preserve,parity: soup.escape-multi,apps/web/src/features/next-soup/soup-view/use-soup-view-hotkeys.ts,303,9f7a26bccb85e6f806a6e0c8d6c8e53f3a3541bf,dynamic description; not added to disposal group (registered bare)
soup.open-new-split,Open in new split,shift+enter,soup list scope (split panel scope),global,override,focused row exists,hide=true,suppressed-when-input-focused,browser; cmd maps to ctrl on non-mac; disabled on touch devices,open focused entity in a new split,soup.open-new-split,"hotkey_use (global keypress tracker, debounced for repeats)",command menu (Cmd+K) lists it,preserve,parity: soup.open-new-split,apps/web/src/features/next-soup/soup-view/use-soup-view-hotkeys.ts,323,9f7a26bccb85e6f806a6e0c8d6c8e53f3a3541bf,
soup.tab-1,Switch to tab 1,1,soup list scope (split panel scope),global,override,active view defines >= 1 tabs,hide=true,suppressed-when-input-focused,browser; cmd maps to ctrl on non-mac; disabled on touch devices,apply the view's tab preset #1,soup.switch-tab-1,"hotkey_use (global keypress tracker, debounced for repeats)",command menu (Cmd+K) lists it,preserve,parity: soup.tab-1,apps/web/src/features/next-soup/soup-view/use-soup-view-hotkeys.ts,366,9f7a26bccb85e6f806a6e0c8d6c8e53f3a3541bf,expanded from tabNumberKeys loop (9 static)
soup.tab-2,Switch to tab 2,2,soup list scope (split panel scope),global,override,active view defines >= 2 tabs,hide=true,suppressed-when-input-focused,browser; cmd maps to ctrl on non-mac; disabled on touch devices,apply the view's tab preset #2,soup.switch-tab-2,"hotkey_use (global keypress tracker, debounced for repeats)",command menu (Cmd+K) lists it,preserve,parity: soup.tab-2,apps/web/src/features/next-soup/soup-view/use-soup-view-hotkeys.ts,366,9f7a26bccb85e6f806a6e0c8d6c8e53f3a3541bf,expanded from tabNumberKeys loop (9 static)
soup.tab-3,Switch to tab 3,3,soup list scope (split panel scope),global,override,active view defines >= 3 tabs,hide=true,suppressed-when-input-focused,browser; cmd maps to ctrl on non-mac; disabled on touch devices,apply the view's tab preset #3,soup.switch-tab-3,"hotkey_use (global keypress tracker, debounced for repeats)",command menu (Cmd+K) lists it,preserve,parity: soup.tab-3,apps/web/src/features/next-soup/soup-view/use-soup-view-hotkeys.ts,366,9f7a26bccb85e6f806a6e0c8d6c8e53f3a3541bf,expanded from tabNumberKeys loop (9 static)
soup.tab-4,Switch to tab 4,4,soup list scope (split panel scope),global,override,active view defines >= 4 tabs,hide=true,suppressed-when-input-focused,browser; cmd maps to ctrl on non-mac; disabled on touch devices,apply the view's tab preset #4,soup.switch-tab-4,"hotkey_use (global keypress tracker, debounced for repeats)",command menu (Cmd+K) lists it,preserve,parity: soup.tab-4,apps/web/src/features/next-soup/soup-view/use-soup-view-hotkeys.ts,366,9f7a26bccb85e6f806a6e0c8d6c8e53f3a3541bf,expanded from tabNumberKeys loop (9 static)
soup.tab-5,Switch to tab 5,5,soup list scope (split panel scope),global,override,active view defines >= 5 tabs,hide=true,suppressed-when-input-focused,browser; cmd maps to ctrl on non-mac; disabled on touch devices,apply the view's tab preset #5,soup.switch-tab-5,"hotkey_use (global keypress tracker, debounced for repeats)",command menu (Cmd+K) lists it,preserve,parity: soup.tab-5,apps/web/src/features/next-soup/soup-view/use-soup-view-hotkeys.ts,366,9f7a26bccb85e6f806a6e0c8d6c8e53f3a3541bf,expanded from tabNumberKeys loop (9 static)
soup.tab-6,Switch to tab 6,6,soup list scope (split panel scope),global,override,active view defines >= 6 tabs,hide=true,suppressed-when-input-focused,browser; cmd maps to ctrl on non-mac; disabled on touch devices,apply the view's tab preset #6,soup.switch-tab-6,"hotkey_use (global keypress tracker, debounced for repeats)",command menu (Cmd+K) lists it,preserve,parity: soup.tab-6,apps/web/src/features/next-soup/soup-view/use-soup-view-hotkeys.ts,366,9f7a26bccb85e6f806a6e0c8d6c8e53f3a3541bf,expanded from tabNumberKeys loop (9 static)
soup.tab-7,Switch to tab 7,7,soup list scope (split panel scope),global,override,active view defines >= 7 tabs,hide=true,suppressed-when-input-focused,browser; cmd maps to ctrl on non-mac; disabled on touch devices,apply the view's tab preset #7,soup.switch-tab-7,"hotkey_use (global keypress tracker, debounced for repeats)",command menu (Cmd+K) lists it,preserve,parity: soup.tab-7,apps/web/src/features/next-soup/soup-view/use-soup-view-hotkeys.ts,366,9f7a26bccb85e6f806a6e0c8d6c8e53f3a3541bf,expanded from tabNumberKeys loop (9 static)
soup.tab-8,Switch to tab 8,8,soup list scope (split panel scope),global,override,active view defines >= 8 tabs,hide=true,suppressed-when-input-focused,browser; cmd maps to ctrl on non-mac; disabled on touch devices,apply the view's tab preset #8,soup.switch-tab-8,"hotkey_use (global keypress tracker, debounced for repeats)",command menu (Cmd+K) lists it,preserve,parity: soup.tab-8,apps/web/src/features/next-soup/soup-view/use-soup-view-hotkeys.ts,366,9f7a26bccb85e6f806a6e0c8d6c8e53f3a3541bf,expanded from tabNumberKeys loop (9 static)
soup.tab-9,Switch to tab 9,9,soup list scope (split panel scope),global,override,active view defines >= 9 tabs,hide=true,suppressed-when-input-focused,browser; cmd maps to ctrl on non-mac; disabled on touch devices,apply the view's tab preset #9,soup.switch-tab-9,"hotkey_use (global keypress tracker, debounced for repeats)",command menu (Cmd+K) lists it,preserve,parity: soup.tab-9,apps/web/src/features/next-soup/soup-view/use-soup-view-hotkeys.ts,366,9f7a26bccb85e6f806a6e0c8d6c8e53f3a3541bf,expanded from tabNumberKeys loop (9 static)
soup.next-tab,Next tab,tab,soup list scope (split panel scope),global,override,view has >1 tab,,suppressed-when-input-focused,browser; cmd maps to ctrl on non-mac; disabled on touch devices,cycle to next view tab preset,soup.next-tab,"hotkey_use (global keypress tracker, debounced for repeats)",command menu (Cmd+K) lists it,preserve,parity: soup.next-tab,apps/web/src/features/next-soup/soup-view/use-soup-view-hotkeys.ts,395,9f7a26bccb85e6f806a6e0c8d6c8e53f3a3541bf,
soup.prev-tab,Previous tab,shift+tab,soup list scope (split panel scope),global,override,view has >1 tab,,suppressed-when-input-focused,browser; cmd maps to ctrl on non-mac; disabled on touch devices,cycle to previous view tab preset,soup.previous-tab,"hotkey_use (global keypress tracker, debounced for repeats)",command menu (Cmd+K) lists it,preserve,parity: soup.prev-tab,apps/web/src/features/next-soup/soup-view/use-soup-view-hotkeys.ts,412,9f7a26bccb85e6f806a6e0c8d6c8e53f3a3541bf,
onboarding.continue,Continue,cmd+enter,onboarding shell DOM scope,(tutorial shell),override,,,runs-with-input-focused,browser; cmd maps to ctrl on non-mac; disabled on touch devices,advance tutorial when slide is ready,onboarding.continue,"hotkey_use (global keypress tracker, debounced for repeats)",command menu (Cmd+K) lists it,preserve,parity: onboarding.continue,apps/web/src/features/onboarding/InteractiveOnboarding.tsx,252,9f7a26bccb85e6f806a6e0c8d6c8e53f3a3541bf,
onboarding.command-menu,Command menu (onboarding),cmd+k,onboarding shell DOM scope,(tutorial shell),override,,,runs-with-input-focused,browser; cmd maps to ctrl on non-mac; disabled on touch devices,toggle sandbox command menu; swallows global cmd+k during tutorial (CommandState monkey-patched),onboarding.command-menu,"hotkey_use (global keypress tracker, debounced for repeats)",command menu (Cmd+K) lists it,preserve,parity: onboarding.command-menu,apps/web/src/features/onboarding/InteractiveOnboarding.tsx,268,9f7a26bccb85e6f806a6e0c8d6c8e53f3a3541bf,deliberate shadow of global command menu
onboarding.go-to-leader,Go to page (mock),g,onboarding shell scope or global,(tutorial),registrationType=add,,hide=true,suppressed-when-input-focused,browser; cmd maps to ctrl on non-mac; disabled on touch devices,activates mock go-to command scope for sandbox sidebar,onboarding.go-to-leader,"hotkey_use (global keypress tracker, debounced for repeats)",command menu (Cmd+K) lists it,preserve,parity: onboarding.go-to-leader,apps/web/src/features/onboarding/components/MockAppChrome.tsx,123,9f7a26bccb85e6f806a6e0c8d6c8e53f3a3541bf,
onboarding.go-to.agents,Go to Agents (mock),g a,mock go-to command scope,onboarding shell,override,,,suppressed-when-input-focused,browser; cmd maps to ctrl on non-mac; disabled on touch devices,set sandbox sidebar filter to agents,onboarding.go-to-agents,"hotkey_use (global keypress tracker, debounced for repeats)",command menu (Cmd+K) lists it,preserve,parity: onboarding.go-to.agents,apps/web/src/features/onboarding/components/MockAppChrome.tsx,142,9f7a26bccb85e6f806a6e0c8d6c8e53f3a3541bf,expanded from MOCK_SIDEBAR_LINKS loop (5 static)
onboarding.go-to.mail,Go to Emails (mock),g e,mock go-to command scope,onboarding shell,override,,,suppressed-when-input-focused,browser; cmd maps to ctrl on non-mac; disabled on touch devices,set sandbox sidebar filter to mail,onboarding.go-to-mail,"hotkey_use (global keypress tracker, debounced for repeats)",command menu (Cmd+K) lists it,preserve,parity: onboarding.go-to.mail,apps/web/src/features/onboarding/components/MockAppChrome.tsx,142,9f7a26bccb85e6f806a6e0c8d6c8e53f3a3541bf,expanded from MOCK_SIDEBAR_LINKS loop (5 static)
onboarding.go-to.documents,Go to Documents (mock),g d,mock go-to command scope,onboarding shell,override,,,suppressed-when-input-focused,browser; cmd maps to ctrl on non-mac; disabled on touch devices,set sandbox sidebar filter to documents,onboarding.go-to-documents,"hotkey_use (global keypress tracker, debounced for repeats)",command menu (Cmd+K) lists it,preserve,parity: onboarding.go-to.documents,apps/web/src/features/onboarding/components/MockAppChrome.tsx,142,9f7a26bccb85e6f806a6e0c8d6c8e53f3a3541bf,expanded from MOCK_SIDEBAR_LINKS loop (5 static)
onboarding.go-to.tasks,Go to Tasks (mock),g t,mock go-to command scope,onboarding shell,override,,,suppressed-when-input-focused,browser; cmd maps to ctrl on non-mac; disabled on touch devices,set sandbox sidebar filter to tasks,onboarding.go-to-tasks,"hotkey_use (global keypress tracker, debounced for repeats)",command menu (Cmd+K) lists it,preserve,parity: onboarding.go-to.tasks,apps/web/src/features/onboarding/components/MockAppChrome.tsx,142,9f7a26bccb85e6f806a6e0c8d6c8e53f3a3541bf,expanded from MOCK_SIDEBAR_LINKS loop (5 static)
onboarding.go-to.channels,Go to Channels (mock),g c,mock go-to command scope,onboarding shell,override,,,suppressed-when-input-focused,browser; cmd maps to ctrl on non-mac; disabled on touch devices,set sandbox sidebar filter to channels,onboarding.go-to-channels,"hotkey_use (global keypress tracker, debounced for repeats)",command menu (Cmd+K) lists it,preserve,parity: onboarding.go-to.channels,apps/web/src/features/onboarding/components/MockAppChrome.tsx,142,9f7a26bccb85e6f806a6e0c8d6c8e53f3a3541bf,expanded from MOCK_SIDEBAR_LINKS loop (5 static)
onboarding.create-menu,Open Create menu (lesson),c,onboarding lesson scope,onboarding shell,override,,,suppressed-when-input-focused,browser; cmd maps to ctrl on non-mac; disabled on touch devices,toggle sandbox launcher; completes the create-entity lesson,onboarding.create-menu,"hotkey_use (global keypress tracker, debounced for repeats)",command menu (Cmd+K) lists it,preserve,parity: onboarding.create-menu,apps/web/src/features/onboarding/lessons/create-entity.tsx,77,9f7a26bccb85e6f806a6e0c8d6c8e53f3a3541bf,
onboarding.list-down,Navigate down,j | arrowdown,caller-provided scope,varies,override,,,suppressed-when-input-focused,browser; cmd maps to ctrl on non-mac; disabled on touch devices,soup.navigate.down() + callback,list.navigate-down,"hotkey_use (global keypress tracker, debounced for repeats)",command menu (Cmd+K) lists it,preserve,parity: onboarding.list-down,apps/web/src/features/onboarding/use-list-navigation.ts,28,9f7a26bccb85e6f806a6e0c8d6c8e53f3a3541bf,generic list-navigation helper used by onboarding sandbox lists
onboarding.list-up,Navigate up,k | arrowup,caller-provided scope,varies,override,,,suppressed-when-input-focused,browser; cmd maps to ctrl on non-mac; disabled on touch devices,soup.navigate.up() + callback,list.navigate-up,"hotkey_use (global keypress tracker, debounced for repeats)",command menu (Cmd+K) lists it,preserve,parity: onboarding.list-up,apps/web/src/features/onboarding/use-list-navigation.ts,35,9f7a26bccb85e6f806a6e0c8d6c8e53f3a3541bf,
property-editor.close,Close property editor,escape,property editor DOM scope (modal),(modal),override,,,suppressed-when-input-focused,browser; cmd maps to ctrl on non-mac; disabled on touch devices,close the property editor modal,property-editor.close,"hotkey_use (global keypress tracker, debounced for repeats)",command menu (Cmd+K) lists it,preserve,parity: property-editor.close,apps/web/src/features/property/editor/PropertyEditorModal.tsx,300,9f7a26bccb85e6f806a6e0c8d6c8e53f3a3541bf,
reminder-composer.escape,"Go back, or close the reminder composer",escape,reminder composer DOM scope (modal),(modal),override,,,suppressed-when-input-focused,browser; cmd maps to ctrl on non-mac; disabled on touch devices,"step from 'when' back to 'description', else close composer",reminder-composer.escape,"hotkey_use (global keypress tracker, debounced for repeats)",command menu (Cmd+K) lists it,preserve,parity: reminder-composer.escape,apps/web/src/features/reminders/ReminderComposerModal.tsx,127,9f7a26bccb85e6f806a6e0c8d6c8e53f3a3541bf,only reachable with focus outside header input; Kobalte dialog escape covers the editable-focused case
settings.close,Close settings,escape,settings DOM scope,global,override,,,suppressed-when-input-focused,browser; cmd maps to ctrl on non-mac; disabled on touch devices,close settings,settings.close,"hotkey_use (global keypress tracker, debounced for repeats)",command menu (Cmd+K) lists it,preserve,parity: settings.close,apps/web/src/features/settings/Settings.tsx,134,9f7a26bccb85e6f806a6e0c8d6c8e53f3a3541bf,
settings.next-tab,Next settings tab,tab,settings DOM scope,global,override,,hide=true,suppressed-when-input-focused,browser; cmd maps to ctrl on non-mac; disabled on touch devices,cycle to next settings tab,settings.next-tab,"hotkey_use (global keypress tracker, debounced for repeats)",command menu (Cmd+K) lists it,preserve,parity: settings.next-tab,apps/web/src/features/settings/Settings.tsx,175,9f7a26bccb85e6f806a6e0c8d6c8e53f3a3541bf,
settings.prev-tab,Previous settings tab,shift+tab,settings DOM scope,global,override,,hide=true,suppressed-when-input-focused,browser; cmd maps to ctrl on non-mac; disabled on touch devices,cycle to previous settings tab,settings.previous-tab,"hotkey_use (global keypress tracker, debounced for repeats)",command menu (Cmd+K) lists it,preserve,parity: settings.prev-tab,apps/web/src/features/settings/Settings.tsx,184,9f7a26bccb85e6f806a6e0c8d6c8e53f3a3541bf,
settings.tab-1,Go to settings tab 1,1,settings DOM scope,global,override,,hide=true,suppressed-when-input-focused,browser; cmd maps to ctrl on non-mac; disabled on touch devices,jump to settings tab #1,settings.tab-1,"hotkey_use (global keypress tracker, debounced for repeats)",command menu (Cmd+K) lists it,preserve,parity: settings.tab-1,apps/web/src/features/settings/Settings.tsx,198,9f7a26bccb85e6f806a6e0c8d6c8e53f3a3541bf,expanded from 1..9 loop (9 static)
settings.tab-2,Go to settings tab 2,2,settings DOM scope,global,override,,hide=true,suppressed-when-input-focused,browser; cmd maps to ctrl on non-mac; disabled on touch devices,jump to settings tab #2,settings.tab-2,"hotkey_use (global keypress tracker, debounced for repeats)",command menu (Cmd+K) lists it,preserve,parity: settings.tab-2,apps/web/src/features/settings/Settings.tsx,198,9f7a26bccb85e6f806a6e0c8d6c8e53f3a3541bf,expanded from 1..9 loop (9 static)
settings.tab-3,Go to settings tab 3,3,settings DOM scope,global,override,,hide=true,suppressed-when-input-focused,browser; cmd maps to ctrl on non-mac; disabled on touch devices,jump to settings tab #3,settings.tab-3,"hotkey_use (global keypress tracker, debounced for repeats)",command menu (Cmd+K) lists it,preserve,parity: settings.tab-3,apps/web/src/features/settings/Settings.tsx,198,9f7a26bccb85e6f806a6e0c8d6c8e53f3a3541bf,expanded from 1..9 loop (9 static)
settings.tab-4,Go to settings tab 4,4,settings DOM scope,global,override,,hide=true,suppressed-when-input-focused,browser; cmd maps to ctrl on non-mac; disabled on touch devices,jump to settings tab #4,settings.tab-4,"hotkey_use (global keypress tracker, debounced for repeats)",command menu (Cmd+K) lists it,preserve,parity: settings.tab-4,apps/web/src/features/settings/Settings.tsx,198,9f7a26bccb85e6f806a6e0c8d6c8e53f3a3541bf,expanded from 1..9 loop (9 static)
settings.tab-5,Go to settings tab 5,5,settings DOM scope,global,override,,hide=true,suppressed-when-input-focused,browser; cmd maps to ctrl on non-mac; disabled on touch devices,jump to settings tab #5,settings.tab-5,"hotkey_use (global keypress tracker, debounced for repeats)",command menu (Cmd+K) lists it,preserve,parity: settings.tab-5,apps/web/src/features/settings/Settings.tsx,198,9f7a26bccb85e6f806a6e0c8d6c8e53f3a3541bf,expanded from 1..9 loop (9 static)
settings.tab-6,Go to settings tab 6,6,settings DOM scope,global,override,,hide=true,suppressed-when-input-focused,browser; cmd maps to ctrl on non-mac; disabled on touch devices,jump to settings tab #6,settings.tab-6,"hotkey_use (global keypress tracker, debounced for repeats)",command menu (Cmd+K) lists it,preserve,parity: settings.tab-6,apps/web/src/features/settings/Settings.tsx,198,9f7a26bccb85e6f806a6e0c8d6c8e53f3a3541bf,expanded from 1..9 loop (9 static)
settings.tab-7,Go to settings tab 7,7,settings DOM scope,global,override,,hide=true,suppressed-when-input-focused,browser; cmd maps to ctrl on non-mac; disabled on touch devices,jump to settings tab #7,settings.tab-7,"hotkey_use (global keypress tracker, debounced for repeats)",command menu (Cmd+K) lists it,preserve,parity: settings.tab-7,apps/web/src/features/settings/Settings.tsx,198,9f7a26bccb85e6f806a6e0c8d6c8e53f3a3541bf,expanded from 1..9 loop (9 static)
settings.tab-8,Go to settings tab 8,8,settings DOM scope,global,override,,hide=true,suppressed-when-input-focused,browser; cmd maps to ctrl on non-mac; disabled on touch devices,jump to settings tab #8,settings.tab-8,"hotkey_use (global keypress tracker, debounced for repeats)",command menu (Cmd+K) lists it,preserve,parity: settings.tab-8,apps/web/src/features/settings/Settings.tsx,198,9f7a26bccb85e6f806a6e0c8d6c8e53f3a3541bf,expanded from 1..9 loop (9 static)
settings.tab-9,Go to settings tab 9,9,settings DOM scope,global,override,,hide=true,suppressed-when-input-focused,browser; cmd maps to ctrl on non-mac; disabled on touch devices,jump to settings tab #9,settings.tab-9,"hotkey_use (global keypress tracker, debounced for repeats)",command menu (Cmd+K) lists it,preserve,parity: settings.tab-9,apps/web/src/features/settings/Settings.tsx,198,9f7a26bccb85e6f806a6e0c8d6c8e53f3a3541bf,expanded from 1..9 loop (9 static)
block.share,Share,cmd+s,block hotkey scope,split -> global,override,,,runs-with-input-focused,browser; cmd maps to ctrl on non-mac; disabled on touch devices,open share dialog (login modal when unauthenticated),block.share,"hotkey_use (global keypress tracker, debounced for repeats); share_menu_open{blockType}",Share button,preserve,parity: block.share,apps/web/src/lib/core/component/TopBar/ShareButton.tsx,1217,9f7a26bccb85e6f806a6e0c8d6c8e53f3a3541bf,
scope.command-scope-go-to,(scope) command-scope-go-to,(activation key: g),command-scope-go-to,global,n/a,,,suppressed-when-input-focused,browser; cmd maps to ctrl on non-mac; disabled on touch devices,module-load registration of a global leader-key command scope,n/a (scope),"hotkey_use (global keypress tracker, debounced for repeats)",n/a,adapt,parity: scope.command-scope-go-to,apps/web/src/lib/constants/hotkeys.ts,21,9f7a26bccb85e6f806a6e0c8d6c8e53f3a3541bf,"registerScope site, not a command; ledgered for scope-tree completeness"
scope.command-scope-command-menu-category,(scope) command-scope-command-menu-category,(activation key: o),command-scope-command-menu-category,global,n/a,,,suppressed-when-input-focused,browser; cmd maps to ctrl on non-mac; disabled on touch devices,module-load registration of a global leader-key command scope,n/a (scope),"hotkey_use (global keypress tracker, debounced for repeats)",n/a,adapt,parity: scope.command-scope-command-menu-category,apps/web/src/lib/constants/hotkeys.ts,28,9f7a26bccb85e6f806a6e0c8d6c8e53f3a3541bf,"registerScope site, not a command; ledgered for scope-tree completeness"
scope.command-scope-create-menu,(scope) command-scope-create-menu,(activation key: c),command-scope-create-menu,global,n/a,,,suppressed-when-input-focused,browser; cmd maps to ctrl on non-mac; disabled on touch devices,module-load registration of a global leader-key command scope,n/a (scope),"hotkey_use (global keypress tracker, debounced for repeats)",n/a,adapt,parity: scope.command-scope-create-menu,apps/web/src/lib/constants/hotkeys.ts,35,9f7a26bccb85e6f806a6e0c8d6c8e53f3a3541bf,"registerScope site, not a command; ledgered for scope-tree completeness"
